file,player_id,cluster,archetype
003201673717864202280_0171883906.dem,P10290,3,Budget Headshotter
003201673717864202280_0171883906.dem,P05292,0,Utility Support
003201673717864202280_0171883906.dem,P08443,3,Budget Headshotter
003201673717864202280_0171883906.dem,P08152,2,Star Fragger
003201673717864202280_0171883906.dem,P05913,2,Star Fragger
003201673717864202280_0171883906.dem,P08116,3,Budget Headshotter
003201673717864202280_0171883906.dem,P04245,1,Heavy-Weapon Anchor
003201673717864202280_0171883906.dem,P07135,3,Budget Headshotter
003201673717864202280_0171883906.dem,P04928,3,Budget Headshotter
003201673717864202280_0171883906.dem,P00688,0,Utility Support
003201766426880770095_1255641334.dem,P08157,3,Budget Headshotter
003201766426880770095_1255641334.dem,P07891,3,Budget Headshotter
003201766426880770095_1255641334.dem,P04871,3,Budget Headshotter
003201766426880770095_1255641334.dem,P09005,2,Star Fragger
003201766426880770095_1255641334.dem,P03757,3,Budget Headshotter
003201766426880770095_1255641334.dem,P02087,1,Heavy-Weapon Anchor
003201766426880770095_1255641334.dem,P03817,0,Utility Support
003201766426880770095_1255641334.dem,P05636,1,Heavy-Weapon Anchor
003201766426880770095_1255641334.dem,P01589,1,Heavy-Weapon Anchor
003201766426880770095_1255641334.dem,P07897,2,Star Fragger
003201817199836659927_0341783733.dem,P03136,1,Heavy-Weapon Anchor
003201817199836659927_0341783733.dem,P10395,3,Budget Headshotter
003201817199836659927_0341783733.dem,P03319,3,Budget Headshotter
003201817199836659927_0341783733.dem,P01984,1,Heavy-Weapon Anchor
003201817199836659927_0341783733.dem,P05161,1,Heavy-Weapon Anchor
003201817199836659927_0341783733.dem,P10798,3,Budget Headshotter
003201817199836659927_0341783733.dem,P09055,0,Utility Support
003201817199836659927_0341783733.dem,P08809,1,Heavy-Weapon Anchor
003201817199836659927_0341783733.dem,P10319,2,Star Fragger
003201817199836659927_0341783733.dem,P03624,3,Budget Headshotter
003208598014746689537_1642267853.dem,P05566,0,Utility Support
003208598014746689537_1642267853.dem,P01464,0,Utility Support
003208598014746689537_1642267853.dem,P02091,0,Utility Support
003208598014746689537_1642267853.dem,P01772,0,Utility Support
003208598014746689537_1642267853.dem,P04611,1,Heavy-Weapon Anchor
003208598014746689537_1642267853.dem,P09858,3,Budget Headshotter
003208598014746689537_1642267853.dem,P01549,1,Heavy-Weapon Anchor
003208598014746689537_1642267853.dem,P06916,3,Budget Headshotter
003208598014746689537_1642267853.dem,P02392,0,Utility Support
003208598014746689537_1642267853.dem,P00698,3,Budget Headshotter
003215439283468894455_1450681014.dem,P08652,3,Budget Headshotter
003215439283468894455_1450681014.dem,P08936,1,Heavy-Weapon Anchor
003215439283468894455_1450681014.dem,P00019,0,Utility Support
003215439283468894455_1450681014.dem,P09269,3,Budget Headshotter
003215439283468894455_1450681014.dem,P01629,1,Heavy-Weapon Anchor
003215439283468894455_1450681014.dem,P06680,1,Heavy-Weapon Anchor
003215439283468894455_1450681014.dem,P00404,3,Budget Headshotter
003215439283468894455_1450681014.dem,P04908,2,Star Fragger
003215439283468894455_1450681014.dem,P01209,3,Budget Headshotter
003215439283468894455_1450681014.dem,P02376,0,Utility Support
003216728823777198305_0634051576.dem,P01513,2,Star Fragger
003216728823777198305_0634051576.dem,P04002,1,Heavy-Weapon Anchor
003216728823777198305_0634051576.dem,P09082,3,Budget Headshotter
003216728823777198305_0634051576.dem,P07357,1,Heavy-Weapon Anchor
003216728823777198305_0634051576.dem,P04053,1,Heavy-Weapon Anchor
003216728823777198305_0634051576.dem,P09094,1,Heavy-Weapon Anchor
003216728823777198305_0634051576.dem,P05377,1,Heavy-Weapon Anchor
003216728823777198305_0634051576.dem,P06582,0,Utility Support
003216728823777198305_0634051576.dem,P06971,1,Heavy-Weapon Anchor
003216728823777198305_0634051576.dem,P05873,1,Heavy-Weapon Anchor
003218553373129179487_1555113029.dem,P09855,1,Heavy-Weapon Anchor
003218553373129179487_1555113029.dem,P07842,2,Star Fragger
003218553373129179487_1555113029.dem,P10243,3,Budget Headshotter
003218553373129179487_1555113029.dem,P10562,0,Utility Support
003218553373129179487_1555113029.dem,P06189,3,Budget Headshotter
003218553373129179487_1555113029.dem,P02397,3,Budget Headshotter
003218553373129179487_1555113029.dem,P05404,3,Budget Headshotter
003218553373129179487_1555113029.dem,P03742,3,Budget Headshotter
003218553373129179487_1555113029.dem,P08529,2,Star Fragger
003218553373129179487_1555113029.dem,P04978,3,Budget Headshotter
003219820053474050253_1898369762.dem,P04279,2,Star Fragger
003219820053474050253_1898369762.dem,P08277,1,Heavy-Weapon Anchor
003219820053474050253_1898369762.dem,P03527,2,Star Fragger
003219820053474050253_1898369762.dem,P09654,3,Budget Headshotter
003219820053474050253_1898369762.dem,P04734,1,Heavy-Weapon Anchor
003219820053474050253_1898369762.dem,P09413,2,Star Fragger
003219820053474050253_1898369762.dem,P08542,1,Heavy-Weapon Anchor
003219820053474050253_1898369762.dem,P08789,2,Star Fragger
003219820053474050253_1898369762.dem,P09974,3,Budget Headshotter
003219820053474050253_1898369762.dem,P09997,1,Heavy-Weapon Anchor
003220156233449209995_1172535415.dem,P08995,2,Star Fragger
003220156233449209995_1172535415.dem,P09683,3,Budget Headshotter
003220156233449209995_1172535415.dem,P08392,3,Budget Headshotter
003220156233449209995_1172535415.dem,P01606,2,Star Fragger
003220156233449209995_1172535415.dem,P05054,1,Heavy-Weapon Anchor
003220156233449209995_1172535415.dem,P02198,3,Budget Headshotter
003220156233449209995_1172535415.dem,P07970,3,Budget Headshotter
003220156233449209995_1172535415.dem,P06683,0,Utility Support
003220156233449209995_1172535415.dem,P04892,2,Star Fragger
003220156233449209995_1172535415.dem,P09549,3,Budget Headshotter
003222992722193285431_0719199122.dem,P03776,1,Heavy-Weapon Anchor
003222992722193285431_0719199122.dem,P09518,3,Budget Headshotter
003222992722193285431_0719199122.dem,P08060,0,Utility Support
003222992722193285431_0719199122.dem,P10489,2,Star Fragger
003222992722193285431_0719199122.dem,P06611,1,Heavy-Weapon Anchor
003222992722193285431_0719199122.dem,P06329,0,Utility Support
003222992722193285431_0719199122.dem,P05140,3,Budget Headshotter
003222992722193285431_0719199122.dem,P08285,2,Star Fragger
003222992722193285431_0719199122.dem,P01540,3,Budget Headshotter
003222992722193285431_0719199122.dem,P10299,2,Star Fragger
003223192530514346240_0109105771.dem,P10406,2,Star Fragger
003223192530514346240_0109105771.dem,P09435,3,Budget Headshotter
003223192530514346240_0109105771.dem,P06227,0,Utility Support
003223192530514346240_0109105771.dem,P02644,1,Heavy-Weapon Anchor
003223192530514346240_0109105771.dem,P06409,3,Budget Headshotter
003223192530514346240_0109105771.dem,P08502,3,Budget Headshotter
003223192530514346240_0109105771.dem,P09359,3,Budget Headshotter
003223192530514346240_0109105771.dem,P08885,0,Utility Support
003223192530514346240_0109105771.dem,P06754,0,Utility Support
003223192530514346240_0109105771.dem,P05257,2,Star Fragger
003224063358755930232_1638729843.dem,P09193,3,Budget Headshotter
003224063358755930232_1638729843.dem,P09329,3,Budget Headshotter
003224063358755930232_1638729843.dem,P10567,2,Star Fragger
003224063358755930232_1638729843.dem,P04843,3,Budget Headshotter
003224063358755930232_1638729843.dem,P05612,2,Star Fragger
003224063358755930232_1638729843.dem,P10345,3,Budget Headshotter
003224063358755930232_1638729843.dem,P10218,0,Utility Support
003224063358755930232_1638729843.dem,P05478,1,Heavy-Weapon Anchor
003224063358755930232_1638729843.dem,P06964,2,Star Fragger
003224063358755930232_1638729843.dem,P00750,3,Budget Headshotter
003228196740792320221_2030607273.dem,P10255,2,Star Fragger
003228196740792320221_2030607273.dem,P01289,1,Heavy-Weapon Anchor
003228196740792320221_2030607273.dem,P01985,1,Heavy-Weapon Anchor
003228196740792320221_2030607273.dem,P10163,3,Budget Headshotter
003228196740792320221_2030607273.dem,P00274,2,Star Fragger
003228196740792320221_2030607273.dem,P00453,1,Heavy-Weapon Anchor
003228196740792320221_2030607273.dem,P01306,1,Heavy-Weapon Anchor
003228196740792320221_2030607273.dem,P10236,0,Utility Support
003228196740792320221_2030607273.dem,P09189,3,Budget Headshotter
003228196740792320221_2030607273.dem,P09746,3,Budget Headshotter
003228198080822116364_1122008510.dem,P04993,3,Budget Headshotter
003228198080822116364_1122008510.dem,P10027,0,Utility Support
003228198080822116364_1122008510.dem,P07428,1,Heavy-Weapon Anchor
003228198080822116364_1122008510.dem,P00702,3,Budget Headshotter
003228198080822116364_1122008510.dem,P00908,0,Utility Support
003228198080822116364_1122008510.dem,P06743,3,Budget Headshotter
003228198080822116364_1122008510.dem,P10727,0,Utility Support
003228198080822116364_1122008510.dem,P03845,1,Heavy-Weapon Anchor
003228198080822116364_1122008510.dem,P01482,1,Heavy-Weapon Anchor
003228198080822116364_1122008510.dem,P09250,2,Star Fragger
003228201746576703747_0895462729.dem,P01656,1,Heavy-Weapon Anchor
003228201746576703747_0895462729.dem,P07949,3,Budget Headshotter
003228201746576703747_0895462729.dem,P04775,2,Star Fragger
003228201746576703747_0895462729.dem,P02485,3,Budget Headshotter
003228201746576703747_0895462729.dem,P00088,1,Heavy-Weapon Anchor
003228201746576703747_0895462729.dem,P07953,2,Star Fragger
003228201746576703747_0895462729.dem,P00498,1,Heavy-Weapon Anchor
003228201746576703747_0895462729.dem,P02799,1,Heavy-Weapon Anchor
003228201746576703747_0895462729.dem,P01478,3,Budget Headshotter
003228203050099278013_0464794756.dem,P07787,1,Heavy-Weapon Anchor
003228203050099278013_0464794756.dem,P01597,3,Budget Headshotter
003228203050099278013_0464794756.dem,P03278,2,Star Fragger
003228203050099278013_0464794756.dem,P03376,1,Heavy-Weapon Anchor
003228203050099278013_0464794756.dem,P03781,1,Heavy-Weapon Anchor
003228203050099278013_0464794756.dem,P00055,0,Utility Support
003228203050099278013_0464794756.dem,P03568,1,Heavy-Weapon Anchor
003228203050099278013_0464794756.dem,P03018,0,Utility Support
003228203050099278013_0464794756.dem,P06613,1,Heavy-Weapon Anchor
003228203050099278013_0464794756.dem,P02659,0,Utility Support
003228204969949659180_0482818392.dem,P04993,2,Star Fragger
003228204969949659180_0482818392.dem,P00109,3,Budget Headshotter
003228204969949659180_0482818392.dem,P08176,1,Heavy-Weapon Anchor
003228204969949659180_0482818392.dem,P05752,3,Budget Headshotter
003228204969949659180_0482818392.dem,P03087,3,Budget Headshotter
003228204969949659180_0482818392.dem,P08470,0,Utility Support
003228204969949659180_0482818392.dem,P01932,0,Utility Support
003228204969949659180_0482818392.dem,P10041,2,Star Fragger
003228204969949659180_0482818392.dem,P06766,3,Budget Headshotter
003228204969949659180_0482818392.dem,P01122,0,Utility Support
003228211174029918654_2045525464.dem,P04993,2,Star Fragger
003228211174029918654_2045525464.dem,P00109,2,Star Fragger
003228211174029918654_2045525464.dem,P10721,1,Heavy-Weapon Anchor
003228211174029918654_2045525464.dem,P08176,1,Heavy-Weapon Anchor
003228211174029918654_2045525464.dem,P05669,2,Star Fragger
003228211174029918654_2045525464.dem,P01867,1,Heavy-Weapon Anchor
003228211174029918654_2045525464.dem,P06211,0,Utility Support
003228211174029918654_2045525464.dem,P03308,3,Budget Headshotter
003228211174029918654_2045525464.dem,P06625,1,Heavy-Weapon Anchor
003228211174029918654_2045525464.dem,P08470,0,Utility Support
003228223940820205625_0748795147.dem,P02512,3,Budget Headshotter
003228223940820205625_0748795147.dem,P01067,2,Star Fragger
003228223940820205625_0748795147.dem,P00238,0,Utility Support
003228223940820205625_0748795147.dem,P08231,2,Star Fragger
003228223940820205625_0748795147.dem,P09645,0,Utility Support
003228223940820205625_0748795147.dem,P02389,0,Utility Support
003228223940820205625_0748795147.dem,P06961,3,Budget Headshotter
003228223940820205625_0748795147.dem,P01632,0,Utility Support
003228223940820205625_0748795147.dem,P07573,3,Budget Headshotter
003228223940820205625_0748795147.dem,P10084,3,Budget Headshotter
003228228336719233207_0297655124.dem,P09583,1,Heavy-Weapon Anchor
003228228336719233207_0297655124.dem,P02726,0,Utility Support
003228228336719233207_0297655124.dem,P03453,1,Heavy-Weapon Anchor
003228228336719233207_0297655124.dem,P00650,2,Star Fragger
003228228336719233207_0297655124.dem,P00582,3,Budget Headshotter
003228228336719233207_0297655124.dem,P01403,0,Utility Support
003228228336719233207_0297655124.dem,P00354,1,Heavy-Weapon Anchor
003228228336719233207_0297655124.dem,P04573,3,Budget Headshotter
003228228336719233207_0297655124.dem,P05511,1,Heavy-Weapon Anchor
003228228336719233207_0297655124.dem,P06674,2,Star Fragger
003228231343196340254_2138134632.dem,P04359,1,Heavy-Weapon Anchor
003228231343196340254_2138134632.dem,P05356,0,Utility Support
003228231343196340254_2138134632.dem,P01123,1,Heavy-Weapon Anchor
003228231343196340254_2138134632.dem,P07708,1,Heavy-Weapon Anchor
003228231343196340254_2138134632.dem,P04933,0,Utility Support
003228231343196340254_2138134632.dem,P10741,0,Utility Support
003228231343196340254_2138134632.dem,P03738,0,Utility Support
003228231343196340254_2138134632.dem,P01053,0,Utility Support
003228231343196340254_2138134632.dem,P01451,0,Utility Support
003228231343196340254_2138134632.dem,P06400,0,Utility Support
003228231841412546621_0698826799.dem,P02512,0,Utility Support
003228231841412546621_0698826799.dem,P00238,0,Utility Support
003228231841412546621_0698826799.dem,P07169,0,Utility Support
003228231841412546621_0698826799.dem,P05109,0,Utility Support
003228231841412546621_0698826799.dem,P08231,3,Budget Headshotter
003228231841412546621_0698826799.dem,P00836,0,Utility Support
003228231841412546621_0698826799.dem,P09645,3,Budget Headshotter
003228231841412546621_0698826799.dem,P10777,1,Heavy-Weapon Anchor
003228231841412546621_0698826799.dem,P09529,3,Budget Headshotter
003228231841412546621_0698826799.dem,P07275,0,Utility Support
003228234049025736851_1126955760.dem,P01102,2,Star Fragger
003228234049025736851_1126955760.dem,P06637,1,Heavy-Weapon Anchor
003228234049025736851_1126955760.dem,P03288,1,Heavy-Weapon Anchor
003228234049025736851_1126955760.dem,P10026,3,Budget Headshotter
003228234049025736851_1126955760.dem,P03380,0,Utility Support
003228234049025736851_1126955760.dem,P08804,1,Heavy-Weapon Anchor
003228234049025736851_1126955760.dem,P02662,0,Utility Support
003228234049025736851_1126955760.dem,P03655,3,Budget Headshotter
003228234049025736851_1126955760.dem,P05247,2,Star Fragger
003228234049025736851_1126955760.dem,P05354,3,Budget Headshotter
003228239265263517832_1728586843.dem,P00654,1,Heavy-Weapon Anchor
003228239265263517832_1728586843.dem,P00070,3,Budget Headshotter
003228239265263517832_1728586843.dem,P10253,1,Heavy-Weapon Anchor
003228239265263517832_1728586843.dem,P05441,2,Star Fragger
003228239265263517832_1728586843.dem,P01888,1,Heavy-Weapon Anchor
003228239265263517832_1728586843.dem,P04955,2,Star Fragger
003228239265263517832_1728586843.dem,P00480,2,Star Fragger
003228239265263517832_1728586843.dem,P04563,1,Heavy-Weapon Anchor
003228239265263517832_1728586843.dem,P08583,3,Budget Headshotter
003228239265263517832_1728586843.dem,P02936,3,Budget Headshotter
003228248931087417445_0354423570.dem,P00200,1,Heavy-Weapon Anchor
003228248931087417445_0354423570.dem,P04993,3,Budget Headshotter
003228248931087417445_0354423570.dem,P05251,2,Star Fragger
003228248931087417445_0354423570.dem,P08763,3,Budget Headshotter
003228248931087417445_0354423570.dem,P00109,1,Heavy-Weapon Anchor
003228248931087417445_0354423570.dem,P00171,1,Heavy-Weapon Anchor
003228248931087417445_0354423570.dem,P01544,0,Utility Support
003228248931087417445_0354423570.dem,P03845,1,Heavy-Weapon Anchor
003228248931087417445_0354423570.dem,P01482,1,Heavy-Weapon Anchor
003228248931087417445_0354423570.dem,P05001,1,Heavy-Weapon Anchor
003228314364914172003_2097493371.dem,P09949,1,Heavy-Weapon Anchor
003228314364914172003_2097493371.dem,P02388,2,Star Fragger
003228314364914172003_2097493371.dem,P00905,0,Utility Support
003228314364914172003_2097493371.dem,P09787,1,Heavy-Weapon Anchor
003228314364914172003_2097493371.dem,P04770,3,Budget Headshotter
003228314364914172003_2097493371.dem,P05418,1,Heavy-Weapon Anchor
003228314364914172003_2097493371.dem,P01098,1,Heavy-Weapon Anchor
003228314364914172003_2097493371.dem,P09921,3,Budget Headshotter
003228314364914172003_2097493371.dem,P01779,0,Utility Support
003228314364914172003_2097493371.dem,P06424,0,Utility Support
003228354638822506718_1207382638.dem,P06484,1,Heavy-Weapon Anchor
003228354638822506718_1207382638.dem,P00399,3,Budget Headshotter
003228354638822506718_1207382638.dem,P07467,0,Utility Support
003228354638822506718_1207382638.dem,P05821,0,Utility Support
003228354638822506718_1207382638.dem,P09131,1,Heavy-Weapon Anchor
003228354638822506718_1207382638.dem,P08214,1,Heavy-Weapon Anchor
003228354638822506718_1207382638.dem,P04792,1,Heavy-Weapon Anchor
003228354638822506718_1207382638.dem,P00586,3,Budget Headshotter
003228354638822506718_1207382638.dem,P02609,0,Utility Support
003228356307417301054_0525991835.dem,P09496,3,Budget Headshotter
003228356307417301054_0525991835.dem,P00792,3,Budget Headshotter
003228356307417301054_0525991835.dem,P02107,2,Star Fragger
003228356307417301054_0525991835.dem,P06203,2,Star Fragger
003228356307417301054_0525991835.dem,P08462,3,Budget Headshotter
003228356307417301054_0525991835.dem,P05169,3,Budget Headshotter
003228356307417301054_0525991835.dem,P03769,0,Utility Support
003228356307417301054_0525991835.dem,P05152,1,Heavy-Weapon Anchor
003228356307417301054_0525991835.dem,P02296,3,Budget Headshotter
003228356307417301054_0525991835.dem,P08473,0,Utility Support
003228357069773996345_1442493513.dem,P01305,1,Heavy-Weapon Anchor
003228357069773996345_1442493513.dem,P10272,0,Utility Support
003228357069773996345_1442493513.dem,P04352,1,Heavy-Weapon Anchor
003228357069773996345_1442493513.dem,P08880,1,Heavy-Weapon Anchor
003228357069773996345_1442493513.dem,P05088,3,Budget Headshotter
003228357069773996345_1442493513.dem,P09272,2,Star Fragger
003228357069773996345_1442493513.dem,P06569,1,Heavy-Weapon Anchor
003228357069773996345_1442493513.dem,P00145,1,Heavy-Weapon Anchor
003228357069773996345_1442493513.dem,P01325,3,Budget Headshotter
003228357069773996345_1442493513.dem,P03080,3,Budget Headshotter
003228361323939102816_0955098034.dem,P01653,0,Utility Support
003228361323939102816_0955098034.dem,P03414,2,Star Fragger
003228361323939102816_0955098034.dem,P01781,3,Budget Headshotter
003228361323939102816_0955098034.dem,P01679,2,Star Fragger
003228361323939102816_0955098034.dem,P09296,0,Utility Support
003228361323939102816_0955098034.dem,P06034,0,Utility Support
003228361323939102816_0955098034.dem,P02589,0,Utility Support
003228361323939102816_0955098034.dem,P05727,1,Heavy-Weapon Anchor
003228361323939102816_0955098034.dem,P03076,3,Budget Headshotter
003228361323939102816_0955098034.dem,P10291,3,Budget Headshotter
003228366742040346629_1810262517.dem,P06488,2,Star Fragger
003228366742040346629_1810262517.dem,P03371,0,Utility Support
003228366742040346629_1810262517.dem,P04475,0,Utility Support
003228366742040346629_1810262517.dem,P07978,0,Utility Support
003228366742040346629_1810262517.dem,P01054,0,Utility Support
003228366742040346629_1810262517.dem,P04528,0,Utility Support
003228366742040346629_1810262517.dem,P03801,3,Budget Headshotter
003228366742040346629_1810262517.dem,P10541,2,Star Fragger
003228366742040346629_1810262517.dem,P09575,0,Utility Support
003228366742040346629_1810262517.dem,P03435,1,Heavy-Weapon Anchor
003228380750076182834_1851583313.dem,P03896,1,Heavy-Weapon Anchor
003228380750076182834_1851583313.dem,P00513,1,Heavy-Weapon Anchor
003228380750076182834_1851583313.dem,P08596,2,Star Fragger
003228380750076182834_1851583313.dem,P00632,0,Utility Support
003228380750076182834_1851583313.dem,P08300,0,Utility Support
003228380750076182834_1851583313.dem,P08566,3,Budget Headshotter
003228380750076182834_1851583313.dem,P09380,3,Budget Headshotter
003228380750076182834_1851583313.dem,P04994,0,Utility Support
003228380750076182834_1851583313.dem,P08930,1,Heavy-Weapon Anchor
003228380750076182834_1851583313.dem,P02584,0,Utility Support
003228385891152035944_0948915105.dem,P08039,2,Star Fragger
003228385891152035944_0948915105.dem,P08156,1,Heavy-Weapon Anchor
003228385891152035944_0948915105.dem,P10836,1,Heavy-Weapon Anchor
003228385891152035944_0948915105.dem,P01619,1,Heavy-Weapon Anchor
003228385891152035944_0948915105.dem,P01900,3,Budget Headshotter
003228385891152035944_0948915105.dem,P09386,1,Heavy-Weapon Anchor
003228385891152035944_0948915105.dem,P03241,3,Budget Headshotter
003228385891152035944_0948915105.dem,P02571,0,Utility Support
003228385891152035944_0948915105.dem,P02400,3,Budget Headshotter
003228385891152035944_0948915105.dem,P06338,1,Heavy-Weapon Anchor
003228386756587946269_0971218300.dem,P03414,3,Budget Headshotter
003228386756587946269_0971218300.dem,P05569,2,Star Fragger
003228386756587946269_0971218300.dem,P08297,2,Star Fragger
003228386756587946269_0971218300.dem,P02612,1,Heavy-Weapon Anchor
003228386756587946269_0971218300.dem,P03417,1,Heavy-Weapon Anchor
003228386756587946269_0971218300.dem,P09703,0,Utility Support
003228386756587946269_0971218300.dem,P01511,0,Utility Support
003228386756587946269_0971218300.dem,P03031,2,Star Fragger
003228386756587946269_0971218300.dem,P05114,1,Heavy-Weapon Anchor
003228387585516634298_0400947528.dem,P07846,1,Heavy-Weapon Anchor
003228387585516634298_0400947528.dem,P10002,3,Budget Headshotter
003228387585516634298_0400947528.dem,P02144,1,Heavy-Weapon Anchor
003228387585516634298_0400947528.dem,P03255,3,Budget Headshotter
003228387585516634298_0400947528.dem,P04485,3,Budget Headshotter
003228387585516634298_0400947528.dem,P08965,0,Utility Support
003228387585516634298_0400947528.dem,P10689,2,Star Fragger
003228387585516634298_0400947528.dem,P08406,3,Budget Headshotter
003228387585516634298_0400947528.dem,P07773,3,Budget Headshotter
003228387585516634298_0400947528.dem,P08169,2,Star Fragger
003228388674290843988_2023832853.dem,P05997,1,Heavy-Weapon Anchor
003228388674290843988_2023832853.dem,P00932,0,Utility Support
003228388674290843988_2023832853.dem,P01820,0,Utility Support
003228388674290843988_2023832853.dem,P08260,0,Utility Support
003228388674290843988_2023832853.dem,P09655,1,Heavy-Weapon Anchor
003228388674290843988_2023832853.dem,P08102,1,Heavy-Weapon Anchor
003228388674290843988_2023832853.dem,P09241,2,Star Fragger
003228388674290843988_2023832853.dem,P05019,2,Star Fragger
003228388674290843988_2023832853.dem,P02733,0,Utility Support
003228388674290843988_2023832853.dem,P02201,1,Heavy-Weapon Anchor
003228389155327180900_0236049525.dem,P01398,3,Budget Headshotter
003228389155327180900_0236049525.dem,P08950,3,Budget Headshotter
003228389155327180900_0236049525.dem,P04625,2,Star Fragger
003228389155327180900_0236049525.dem,P04704,0,Utility Support
003228389155327180900_0236049525.dem,P02881,1,Heavy-Weapon Anchor
003228389155327180900_0236049525.dem,P05519,1,Heavy-Weapon Anchor
003228389155327180900_0236049525.dem,P05467,1,Heavy-Weapon Anchor
003228389155327180900_0236049525.dem,P10363,2,Star Fragger
003228389155327180900_0236049525.dem,P03788,1,Heavy-Weapon Anchor
003228390866871648452_0903026146.dem,P05930,3,Budget Headshotter
003228390866871648452_0903026146.dem,P07235,3,Budget Headshotter
003228390866871648452_0903026146.dem,P07376,1,Heavy-Weapon Anchor
003228390866871648452_0903026146.dem,P08580,3,Budget Headshotter
003228390866871648452_0903026146.dem,P02758,2,Star Fragger
003228390866871648452_0903026146.dem,P06000,1,Heavy-Weapon Anchor
003228390866871648452_0903026146.dem,P07603,2,Star Fragger
003228390866871648452_0903026146.dem,P09002,2,Star Fragger
003228390866871648452_0903026146.dem,P03533,3,Budget Headshotter
003228390866871648452_0903026146.dem,P05454,1,Heavy-Weapon Anchor
003228392696527716718_0310516782.dem,P09795,0,Utility Support
003228392696527716718_0310516782.dem,P09986,0,Utility Support
003228392696527716718_0310516782.dem,P04983,1,Heavy-Weapon Anchor
003228392696527716718_0310516782.dem,P07068,0,Utility Support
003228392696527716718_0310516782.dem,P07190,0,Utility Support
003228392696527716718_0310516782.dem,P09776,0,Utility Support
003228392696527716718_0310516782.dem,P05825,2,Star Fragger
003228392696527716718_0310516782.dem,P02009,3,Budget Headshotter
003228392696527716718_0310516782.dem,P09752,2,Star Fragger
003228392696527716718_0310516782.dem,P04961,0,Utility Support
003228393171121602578_1246621670.dem,P09729,2,Star Fragger
003228393171121602578_1246621670.dem,P09873,1,Heavy-Weapon Anchor
003228393171121602578_1246621670.dem,P09720,2,Star Fragger
003228393171121602578_1246621670.dem,P10483,1,Heavy-Weapon Anchor
003228393171121602578_1246621670.dem,P02756,3,Budget Headshotter
003228393171121602578_1246621670.dem,P01089,3,Budget Headshotter
003228393171121602578_1246621670.dem,P03934,3,Budget Headshotter
003228393171121602578_1246621670.dem,P03414,1,Heavy-Weapon Anchor
003228393171121602578_1246621670.dem,P02197,0,Utility Support
003228393171121602578_1246621670.dem,P02498,1,Heavy-Weapon Anchor
003228394751669567673_2121120974.dem,P05436,3,Budget Headshotter
003228394751669567673_2121120974.dem,P00935,0,Utility Support
003228394751669567673_2121120974.dem,P06533,1,Heavy-Weapon Anchor
003228394751669567673_2121120974.dem,P02212,1,Heavy-Weapon Anchor
003228394751669567673_2121120974.dem,P01627,1,Heavy-Weapon Anchor
003228394751669567673_2121120974.dem,P08253,1,Heavy-Weapon Anchor
003228394751669567673_2121120974.dem,P10371,0,Utility Support
003228394751669567673_2121120974.dem,P02632,2,Star Fragger
003228394751669567673_2121120974.dem,P08108,1,Heavy-Weapon Anchor
003228394751669567673_2121120974.dem,P01852,2,Star Fragger
003228396553408348538_0551926587.dem,P08220,2,Star Fragger
003228396553408348538_0551926587.dem,P08808,1,Heavy-Weapon Anchor
003228396553408348538_0551926587.dem,P02649,2,Star Fragger
003228396553408348538_0551926587.dem,P02689,0,Utility Support
003228396553408348538_0551926587.dem,P09159,3,Budget Headshotter
003228396553408348538_0551926587.dem,P01288,2,Star Fragger
003228396553408348538_0551926587.dem,P02520,3,Budget Headshotter
003228396553408348538_0551926587.dem,P01950,2,Star Fragger
003228396553408348538_0551926587.dem,P01064,0,Utility Support
003228399650079768646_0599170800.dem,P07393,2,Star Fragger
003228399650079768646_0599170800.dem,P05320,0,Utility Support
003228399650079768646_0599170800.dem,P02131,3,Budget Headshotter
003228399650079768646_0599170800.dem,P09026,1,Heavy-Weapon Anchor
003228399650079768646_0599170800.dem,P10486,3,Budget Headshotter
003228399650079768646_0599170800.dem,P05390,3,Budget Headshotter
003228399650079768646_0599170800.dem,P00162,1,Heavy-Weapon Anchor
003228399650079768646_0599170800.dem,P03029,1,Heavy-Weapon Anchor
003228399650079768646_0599170800.dem,P07203,2,Star Fragger
003228399650079768646_0599170800.dem,P04148,2,Star Fragger
003228401574225117203_1115935543.dem,P01659,0,Utility Support
003228401574225117203_1115935543.dem,P04986,1,Heavy-Weapon Anchor
003228401574225117203_1115935543.dem,P03935,1,Heavy-Weapon Anchor
003228401574225117203_1115935543.dem,P04541,2,Star Fragger
003228401574225117203_1115935543.dem,P04971,2,Star Fragger
003228401574225117203_1115935543.dem,P01922,3,Budget Headshotter
003228401574225117203_1115935543.dem,P05139,3,Budget Headshotter
003228401574225117203_1115935543.dem,P05791,1,Heavy-Weapon Anchor
003228401574225117203_1115935543.dem,P04463,2,Star Fragger
003228401574225117203_1115935543.dem,P08621,0,Utility Support
003228401707369103590_1744914401.dem,P03017,0,Utility Support
003228401707369103590_1744914401.dem,P07640,0,Utility Support
003228401707369103590_1744914401.dem,P02418,0,Utility Support
003228401707369103590_1744914401.dem,P10700,0,Utility Support
003228401707369103590_1744914401.dem,P04983,3,Budget Headshotter
003228401707369103590_1744914401.dem,P01079,1,Heavy-Weapon Anchor
003228401707369103590_1744914401.dem,P09776,2,Star Fragger
003228401707369103590_1744914401.dem,P08351,0,Utility Support
003228401707369103590_1744914401.dem,P07512,0,Utility Support
003228401707369103590_1744914401.dem,P08449,3,Budget Headshotter
003228403242819911829_0143625267.dem,P06296,1,Heavy-Weapon Anchor
003228403242819911829_0143625267.dem,P05227,1,Heavy-Weapon Anchor
003228403242819911829_0143625267.dem,P06153,0,Utility Support
003228403242819911829_0143625267.dem,P05290,1,Heavy-Weapon Anchor
003228403242819911829_0143625267.dem,P09760,0,Utility Support
003228403242819911829_0143625267.dem,P10693,0,Utility Support
003228403242819911829_0143625267.dem,P09610,3,Budget Headshotter
003228403242819911829_0143625267.dem,P02739,3,Budget Headshotter
003228403242819911829_0143625267.dem,P08113,1,Heavy-Weapon Anchor
003228403242819911829_0143625267.dem,P10635,3,Budget Headshotter
003228408521334718626_1226003625.dem,P04983,3,Budget Headshotter
003228408521334718626_1226003625.dem,P08906,0,Utility Support
003228408521334718626_1226003625.dem,P09776,2,Star Fragger
003228408521334718626_1226003625.dem,P01340,3,Budget Headshotter
003228408521334718626_1226003625.dem,P02958,2,Star Fragger
003228408521334718626_1226003625.dem,P07086,3,Budget Headshotter
003228408521334718626_1226003625.dem,P09063,1,Heavy-Weapon Anchor
003228408521334718626_1226003625.dem,P05052,3,Budget Headshotter
003228410608688824416_2016149218.dem,P03982,3,Budget Headshotter
003228410608688824416_2016149218.dem,P03971,0,Utility Support
003228410608688824416_2016149218.dem,P06014,1,Heavy-Weapon Anchor
003228410608688824416_2016149218.dem,P09271,1,Heavy-Weapon Anchor
003228410608688824416_2016149218.dem,P10032,0,Utility Support
003228410608688824416_2016149218.dem,P00336,2,Star Fragger
003228410608688824416_2016149218.dem,P05719,0,Utility Support
003228410608688824416_2016149218.dem,P00617,0,Utility Support
003228410608688824416_2016149218.dem,P05715,1,Heavy-Weapon Anchor
003228410608688824416_2016149218.dem,P06139,2,Star Fragger
003228412964478386562_1464073874.dem,P00732,1,Heavy-Weapon Anchor
003228412964478386562_1464073874.dem,P07250,3,Budget Headshotter
003228412964478386562_1464073874.dem,P02326,1,Heavy-Weapon Anchor
003228412964478386562_1464073874.dem,P05754,1,Heavy-Weapon Anchor
003228412964478386562_1464073874.dem,P08372,2,Star Fragger
003228412964478386562_1464073874.dem,P08177,2,Star Fragger
003228412964478386562_1464073874.dem,P01234,3,Budget Headshotter
003228412964478386562_1464073874.dem,P03364,0,Utility Support
003228412964478386562_1464073874.dem,P01468,3,Budget Headshotter
003228412964478386562_1464073874.dem,P03257,1,Heavy-Weapon Anchor
003228413273716031751_1732137982.dem,P03208,2,Star Fragger
003228413273716031751_1732137982.dem,P05490,0,Utility Support
003228413273716031751_1732137982.dem,P08079,1,Heavy-Weapon Anchor
003228413273716031751_1732137982.dem,P00043,3,Budget Headshotter
003228413273716031751_1732137982.dem,P07059,1,Heavy-Weapon Anchor
003228413273716031751_1732137982.dem,P10786,2,Star Fragger
003228413273716031751_1732137982.dem,P04448,0,Utility Support
003228413273716031751_1732137982.dem,P06973,1,Heavy-Weapon Anchor
003228413273716031751_1732137982.dem,P02964,3,Budget Headshotter
003228413273716031751_1732137982.dem,P07838,1,Heavy-Weapon Anchor
003228416366092484727_1200915612.dem,P04380,0,Utility Support
003228416366092484727_1200915612.dem,P03285,0,Utility Support
003228416366092484727_1200915612.dem,P01288,2,Star Fragger
003228416366092484727_1200915612.dem,P01970,1,Heavy-Weapon Anchor
003228416366092484727_1200915612.dem,P07979,0,Utility Support
003228416366092484727_1200915612.dem,P07741,0,Utility Support
003228416366092484727_1200915612.dem,P04064,0,Utility Support
003228416366092484727_1200915612.dem,P06010,1,Heavy-Weapon Anchor
003228416366092484727_1200915612.dem,P06493,3,Budget Headshotter
003228416366092484727_1200915612.dem,P07617,1,Heavy-Weapon Anchor
003228418951662796830_0101366598.dem,P05649,2,Star Fragger
003228418951662796830_0101366598.dem,P03084,0,Utility Support
003228418951662796830_0101366598.dem,P07344,0,Utility Support
003228418951662796830_0101366598.dem,P00191,0,Utility Support
003228418951662796830_0101366598.dem,P00430,1,Heavy-Weapon Anchor
003228418951662796830_0101366598.dem,P06498,1,Heavy-Weapon Anchor
003228418951662796830_0101366598.dem,P02291,1,Heavy-Weapon Anchor
003228418951662796830_0101366598.dem,P09239,0,Utility Support
003228418951662796830_0101366598.dem,P00661,2,Star Fragger
003228418951662796830_0101366598.dem,P09244,1,Heavy-Weapon Anchor
003228423931677376730_1552991623.dem,P08422,2,Star Fragger
003228423931677376730_1552991623.dem,P08925,0,Utility Support
003228423931677376730_1552991623.dem,P01057,3,Budget Headshotter
003228423931677376730_1552991623.dem,P02933,1,Heavy-Weapon Anchor
003228423931677376730_1552991623.dem,P10481,3,Budget Headshotter
003228423931677376730_1552991623.dem,P06054,2,Star Fragger
003228423931677376730_1552991623.dem,P00271,1,Heavy-Weapon Anchor
003228423931677376730_1552991623.dem,P04715,3,Budget Headshotter
003228423931677376730_1552991623.dem,P07486,1,Heavy-Weapon Anchor
003228423931677376730_1552991623.dem,P04149,3,Budget Headshotter
003228427047676149817_1986251323.dem,P07846,1,Heavy-Weapon Anchor
003228427047676149817_1986251323.dem,P07881,1,Heavy-Weapon Anchor
003228427047676149817_1986251323.dem,P08851,0,Utility Support
003228427047676149817_1986251323.dem,P09164,1,Heavy-Weapon Anchor
003228427047676149817_1986251323.dem,P08187,2,Star Fragger
003228427047676149817_1986251323.dem,P05460,0,Utility Support
003228427047676149817_1986251323.dem,P02373,1,Heavy-Weapon Anchor
003228427047676149817_1986251323.dem,P02432,3,Budget Headshotter
003228427047676149817_1986251323.dem,P07550,3,Budget Headshotter
003228427047676149817_1986251323.dem,P09275,1,Heavy-Weapon Anchor
003228430758527893524_0527021248.dem,P00513,1,Heavy-Weapon Anchor
003228430758527893524_0527021248.dem,P09288,3,Budget Headshotter
003228430758527893524_0527021248.dem,P09369,0,Utility Support
003228430758527893524_0527021248.dem,P03678,0,Utility Support
003228430758527893524_0527021248.dem,P08754,3,Budget Headshotter
003228430758527893524_0527021248.dem,P07808,2,Star Fragger
003228430758527893524_0527021248.dem,P04935,2,Star Fragger
003228430758527893524_0527021248.dem,P08867,0,Utility Support
003228430758527893524_0527021248.dem,P00444,3,Budget Headshotter
003228430758527893524_0527021248.dem,P01370,1,Heavy-Weapon Anchor
003228445123046015071_0909086421.dem,P00772,0,Utility Support
003228445123046015071_0909086421.dem,P06853,2,Star Fragger
003228445123046015071_0909086421.dem,P10037,1,Heavy-Weapon Anchor
003228445123046015071_0909086421.dem,P08633,1,Heavy-Weapon Anchor
003228445123046015071_0909086421.dem,P03227,1,Heavy-Weapon Anchor
003228445123046015071_0909086421.dem,P02710,2,Star Fragger
003228445123046015071_0909086421.dem,P03703,0,Utility Support
003228445123046015071_0909086421.dem,P00242,3,Budget Headshotter
003228445123046015071_0909086421.dem,P05931,0,Utility Support
003228445123046015071_0909086421.dem,P00667,2,Star Fragger
003228448378631225464_0137634418.dem,P05594,2,Star Fragger
003228448378631225464_0137634418.dem,P04993,3,Budget Headshotter
003228448378631225464_0137634418.dem,P00700,1,Heavy-Weapon Anchor
003228448378631225464_0137634418.dem,P04066,0,Utility Support
003228448378631225464_0137634418.dem,P05076,0,Utility Support
003228448378631225464_0137634418.dem,P05221,1,Heavy-Weapon Anchor
003228448378631225464_0137634418.dem,P00723,0,Utility Support
003228448378631225464_0137634418.dem,P10938,3,Budget Headshotter
003228448378631225464_0137634418.dem,P06527,1,Heavy-Weapon Anchor
003228448378631225464_0137634418.dem,P04091,1,Heavy-Weapon Anchor
003228462751739281570_0237284844.dem,P00200,1,Heavy-Weapon Anchor
003228462751739281570_0237284844.dem,P08994,1,Heavy-Weapon Anchor
003228462751739281570_0237284844.dem,P04993,1,Heavy-Weapon Anchor
003228462751739281570_0237284844.dem,P01728,1,Heavy-Weapon Anchor
003228462751739281570_0237284844.dem,P09790,0,Utility Support
003228462751739281570_0237284844.dem,P04066,2,Star Fragger
003228462751739281570_0237284844.dem,P03204,1,Heavy-Weapon Anchor
003228462751739281570_0237284844.dem,P02864,1,Heavy-Weapon Anchor
003228462751739281570_0237284844.dem,P05371,2,Star Fragger
003228462751739281570_0237284844.dem,P05457,0,Utility Support
003228478183556776027_0222129707.dem,P00608,1,Heavy-Weapon Anchor
003228478183556776027_0222129707.dem,P03534,2,Star Fragger
003228478183556776027_0222129707.dem,P06025,2,Star Fragger
003228478183556776027_0222129707.dem,P07131,1,Heavy-Weapon Anchor
003228478183556776027_0222129707.dem,P01698,0,Utility Support
003228478183556776027_0222129707.dem,P01232,0,Utility Support
003228478183556776027_0222129707.dem,P07371,3,Budget Headshotter
003228478183556776027_0222129707.dem,P00644,0,Utility Support
003228478183556776027_0222129707.dem,P00382,1,Heavy-Weapon Anchor
003228478183556776027_0222129707.dem,P06376,0,Utility Support
003228510576200122459_0472340780.dem,P04437,1,Heavy-Weapon Anchor
003228510576200122459_0472340780.dem,P01245,0,Utility Support
003228510576200122459_0472340780.dem,P04497,2,Star Fragger
003228510576200122459_0472340780.dem,P05047,0,Utility Support
003228510576200122459_0472340780.dem,P01824,0,Utility Support
003228510576200122459_0472340780.dem,P06327,0,Utility Support
003228510576200122459_0472340780.dem,P08830,1,Heavy-Weapon Anchor
003228510576200122459_0472340780.dem,P08698,0,Utility Support
003228510576200122459_0472340780.dem,P01284,0,Utility Support
003228510576200122459_0472340780.dem,P07888,3,Budget Headshotter
003228521708755353613_1156215388.dem,P06100,3,Budget Headshotter
003228521708755353613_1156215388.dem,P01805,1,Heavy-Weapon Anchor
003228521708755353613_1156215388.dem,P07008,3,Budget Headshotter
003228521708755353613_1156215388.dem,P05604,0,Utility Support
003228521708755353613_1156215388.dem,P10112,3,Budget Headshotter
003228521708755353613_1156215388.dem,P01378,0,Utility Support
003228521708755353613_1156215388.dem,P10650,3,Budget Headshotter
003228521708755353613_1156215388.dem,P01744,2,Star Fragger
003228521708755353613_1156215388.dem,P05911,1,Heavy-Weapon Anchor
003228521708755353613_1156215388.dem,P06756,0,Utility Support
003228522932821033154_0241052820.dem,P03905,2,Star Fragger
003228522932821033154_0241052820.dem,P00235,1,Heavy-Weapon Anchor
003228522932821033154_0241052820.dem,P00838,1,Heavy-Weapon Anchor
003228522932821033154_0241052820.dem,P00753,2,Star Fragger
003228522932821033154_0241052820.dem,P07046,2,Star Fragger
003228522932821033154_0241052820.dem,P05737,1,Heavy-Weapon Anchor
003228522932821033154_0241052820.dem,P08123,1,Heavy-Weapon Anchor
003228522932821033154_0241052820.dem,P05862,3,Budget Headshotter
003228522932821033154_0241052820.dem,P03987,3,Budget Headshotter
003228522932821033154_0241052820.dem,P10641,3,Budget Headshotter
003228523100324757651_0554545295.dem,P01382,3,Budget Headshotter
003228523100324757651_0554545295.dem,P08786,3,Budget Headshotter
003228523100324757651_0554545295.dem,P07863,3,Budget Headshotter
003228523100324757651_0554545295.dem,P07785,1,Heavy-Weapon Anchor
003228523100324757651_0554545295.dem,P10780,3,Budget Headshotter
003228523100324757651_0554545295.dem,P10227,3,Budget Headshotter
003228523100324757651_0554545295.dem,P04048,3,Budget Headshotter
003228523100324757651_0554545295.dem,P09437,2,Star Fragger
003228523100324757651_0554545295.dem,P10652,2,Star Fragger
003228523100324757651_0554545295.dem,P05557,2,Star Fragger
003228524137559359682_1349817399.dem,P00575,1,Heavy-Weapon Anchor
003228524137559359682_1349817399.dem,P00197,0,Utility Support
003228524137559359682_1349817399.dem,P06508,0,Utility Support
003228524137559359682_1349817399.dem,P02716,2,Star Fragger
003228524137559359682_1349817399.dem,P05199,3,Budget Headshotter
003228524137559359682_1349817399.dem,P08898,0,Utility Support
003228524137559359682_1349817399.dem,P09112,3,Budget Headshotter
003228524137559359682_1349817399.dem,P10413,1,Heavy-Weapon Anchor
003228524137559359682_1349817399.dem,P08073,3,Budget Headshotter
003228524137559359682_1349817399.dem,P10526,2,Star Fragger
003228524249228509185_1704502195.dem,P04658,1,Heavy-Weapon Anchor
003228524249228509185_1704502195.dem,P05382,0,Utility Support
003228524249228509185_1704502195.dem,P08907,1,Heavy-Weapon Anchor
003228524249228509185_1704502195.dem,P00980,2,Star Fragger
003228524249228509185_1704502195.dem,P09938,1,Heavy-Weapon Anchor
003228524249228509185_1704502195.dem,P10310,1,Heavy-Weapon Anchor
003228524249228509185_1704502195.dem,P08698,0,Utility Support
003228524249228509185_1704502195.dem,P01491,3,Budget Headshotter
003228524249228509185_1704502195.dem,P03280,3,Budget Headshotter
003228524249228509185_1704502195.dem,P07752,0,Utility Support
003228524771067035851_0177406728.dem,P07099,2,Star Fragger
003228524771067035851_0177406728.dem,P07766,1,Heavy-Weapon Anchor
003228524771067035851_0177406728.dem,P07747,1,Heavy-Weapon Anchor
003228524771067035851_0177406728.dem,P05571,1,Heavy-Weapon Anchor
003228524771067035851_0177406728.dem,P01553,0,Utility Support
003228524771067035851_0177406728.dem,P03154,1,Heavy-Weapon Anchor
003228524771067035851_0177406728.dem,P07394,1,Heavy-Weapon Anchor
003228524771067035851_0177406728.dem,P10758,3,Budget Headshotter
003228524771067035851_0177406728.dem,P03743,3,Budget Headshotter
003228524771067035851_0177406728.dem,P10051,3,Budget Headshotter
003228528149058814007_1949725266.dem,P03905,2,Star Fragger
003228528149058814007_1949725266.dem,P10192,3,Budget Headshotter
003228528149058814007_1949725266.dem,P02577,3,Budget Headshotter
003228528149058814007_1949725266.dem,P02166,0,Utility Support
003228528149058814007_1949725266.dem,P03900,1,Heavy-Weapon Anchor
003228528149058814007_1949725266.dem,P06900,3,Budget Headshotter
003228528149058814007_1949725266.dem,P08866,1,Heavy-Weapon Anchor
003228528149058814007_1949725266.dem,P06583,0,Utility Support
003228528149058814007_1949725266.dem,P02973,1,Heavy-Weapon Anchor
003228528149058814007_1949725266.dem,P01637,1,Heavy-Weapon Anchor
003228534430448484583_1675258063.dem,P02281,1,Heavy-Weapon Anchor
003228534430448484583_1675258063.dem,P06421,0,Utility Support
003228534430448484583_1675258063.dem,P03444,3,Budget Headshotter
003228534430448484583_1675258063.dem,P07329,0,Utility Support
003228534430448484583_1675258063.dem,P00796,3,Budget Headshotter
003228534430448484583_1675258063.dem,P03640,2,Star Fragger
003228534430448484583_1675258063.dem,P03385,3,Budget Headshotter
003228534430448484583_1675258063.dem,P10526,2,Star Fragger
003228534430448484583_1675258063.dem,P03374,1,Heavy-Weapon Anchor
003228534430448484583_1675258063.dem,P02865,3,Budget Headshotter
003228539013178589488_0976082054.dem,P06579,1,Heavy-Weapon Anchor
003228539013178589488_0976082054.dem,P10064,1,Heavy-Weapon Anchor
003228539013178589488_0976082054.dem,P06853,2,Star Fragger
003228539013178589488_0976082054.dem,P06789,3,Budget Headshotter
003228539013178589488_0976082054.dem,P10651,0,Utility Support
003228539013178589488_0976082054.dem,P06377,2,Star Fragger
003228539013178589488_0976082054.dem,P06512,3,Budget Headshotter
003228539013178589488_0976082054.dem,P10565,2,Star Fragger
003228539013178589488_0976082054.dem,P00418,1,Heavy-Weapon Anchor
003228547654652788873_0194475765.dem,P08453,2,Star Fragger
003228547654652788873_0194475765.dem,P07344,0,Utility Support
003228547654652788873_0194475765.dem,P08852,3,Budget Headshotter
003228547654652788873_0194475765.dem,P00052,1,Heavy-Weapon Anchor
003228547654652788873_0194475765.dem,P01318,3,Budget Headshotter
003228547654652788873_0194475765.dem,P10013,0,Utility Support
003228547654652788873_0194475765.dem,P08631,1,Heavy-Weapon Anchor
003228547654652788873_0194475765.dem,P06418,1,Heavy-Weapon Anchor
003228547654652788873_0194475765.dem,P10922,2,Star Fragger
003228547654652788873_0194475765.dem,P01741,1,Heavy-Weapon Anchor
003228554545927815501_0061120950.dem,P08453,2,Star Fragger
003228554545927815501_0061120950.dem,P07344,0,Utility Support
003228554545927815501_0061120950.dem,P05089,1,Heavy-Weapon Anchor
003228554545927815501_0061120950.dem,P09504,2,Star Fragger
003228554545927815501_0061120950.dem,P08852,3,Budget Headshotter
003228554545927815501_0061120950.dem,P10013,3,Budget Headshotter
003228554545927815501_0061120950.dem,P07612,0,Utility Support
003228554545927815501_0061120950.dem,P07601,0,Utility Support
003228554545927815501_0061120950.dem,P10922,1,Heavy-Weapon Anchor
003228554545927815501_0061120950.dem,P01256,2,Star Fragger
003228567196753985691_1236579971.dem,P05615,1,Heavy-Weapon Anchor
003228567196753985691_1236579971.dem,P02422,1,Heavy-Weapon Anchor
003228567196753985691_1236579971.dem,P06808,3,Budget Headshotter
003228567196753985691_1236579971.dem,P06129,2,Star Fragger
003228567196753985691_1236579971.dem,P08455,2,Star Fragger
003228567196753985691_1236579971.dem,P01893,3,Budget Headshotter
003228567196753985691_1236579971.dem,P07712,0,Utility Support
003228567196753985691_1236579971.dem,P10355,0,Utility Support
003228567196753985691_1236579971.dem,P08444,3,Budget Headshotter
003228568289823162379_1173376219.dem,P07344,0,Utility Support
003228568289823162379_1173376219.dem,P03511,1,Heavy-Weapon Anchor
003228568289823162379_1173376219.dem,P08932,3,Budget Headshotter
003228568289823162379_1173376219.dem,P08355,2,Star Fragger
003228568289823162379_1173376219.dem,P04902,0,Utility Support
003228568289823162379_1173376219.dem,P07302,2,Star Fragger
003228568289823162379_1173376219.dem,P07337,3,Budget Headshotter
003228568289823162379_1173376219.dem,P08666,3,Budget Headshotter
003228568289823162379_1173376219.dem,P05550,3,Budget Headshotter
003228568289823162379_1173376219.dem,P01776,2,Star Fragger
003228570475961516317_1524039860.dem,P03726,3,Budget Headshotter
003228570475961516317_1524039860.dem,P03698,1,Heavy-Weapon Anchor
003228570475961516317_1524039860.dem,P08353,1,Heavy-Weapon Anchor
003228570475961516317_1524039860.dem,P04128,3,Budget Headshotter
003228570475961516317_1524039860.dem,P07960,3,Budget Headshotter
003228570475961516317_1524039860.dem,P05162,1,Heavy-Weapon Anchor
003228570475961516317_1524039860.dem,P04710,2,Star Fragger
003228570475961516317_1524039860.dem,P10504,2,Star Fragger
003228570475961516317_1524039860.dem,P01444,1,Heavy-Weapon Anchor
003228570475961516317_1524039860.dem,P01682,3,Budget Headshotter
003228573233330520254_0212846622.dem,P03996,3,Budget Headshotter
003228573233330520254_0212846622.dem,P04821,1,Heavy-Weapon Anchor
003228573233330520254_0212846622.dem,P08648,0,Utility Support
003228573233330520254_0212846622.dem,P03606,0,Utility Support
003228573233330520254_0212846622.dem,P04773,3,Budget Headshotter
003228573233330520254_0212846622.dem,P10034,2,Star Fragger
003228573233330520254_0212846622.dem,P03625,3,Budget Headshotter
003228573233330520254_0212846622.dem,P08480,2,Star Fragger
003228573233330520254_0212846622.dem,P08671,0,Utility Support
003228573233330520254_0212846622.dem,P05967,0,Utility Support
003228575138148516059_1652956080.dem,P03726,3,Budget Headshotter
003228575138148516059_1652956080.dem,P01793,2,Star Fragger
003228575138148516059_1652956080.dem,P03698,2,Star Fragger
003228575138148516059_1652956080.dem,P10945,3,Budget Headshotter
003228575138148516059_1652956080.dem,P07420,2,Star Fragger
003228575138148516059_1652956080.dem,P09640,1,Heavy-Weapon Anchor
003228575138148516059_1652956080.dem,P07252,1,Heavy-Weapon Anchor
003228575138148516059_1652956080.dem,P03419,2,Star Fragger
003228575138148516059_1652956080.dem,P04732,3,Budget Headshotter
003228575138148516059_1652956080.dem,P08694,1,Heavy-Weapon Anchor
003228576216185307400_1201189756.dem,P07474,3,Budget Headshotter
003228576216185307400_1201189756.dem,P01387,1,Heavy-Weapon Anchor
003228576216185307400_1201189756.dem,P10913,3,Budget Headshotter
003228576216185307400_1201189756.dem,P06757,3,Budget Headshotter
003228576216185307400_1201189756.dem,P05357,1,Heavy-Weapon Anchor
003228576216185307400_1201189756.dem,P09060,0,Utility Support
003228576216185307400_1201189756.dem,P04795,2,Star Fragger
003228576216185307400_1201189756.dem,P03903,0,Utility Support
003228576216185307400_1201189756.dem,P06932,1,Heavy-Weapon Anchor
003228576216185307400_1201189756.dem,P07870,1,Heavy-Weapon Anchor
003228581827560079448_1678686285.dem,P00955,1,Heavy-Weapon Anchor
003228581827560079448_1678686285.dem,P04476,1,Heavy-Weapon Anchor
003228581827560079448_1678686285.dem,P07483,2,Star Fragger
003228581827560079448_1678686285.dem,P03300,1,Heavy-Weapon Anchor
003228581827560079448_1678686285.dem,P06447,3,Budget Headshotter
003228581827560079448_1678686285.dem,P06299,2,Star Fragger
003228581827560079448_1678686285.dem,P02194,1,Heavy-Weapon Anchor
003228581827560079448_1678686285.dem,P03937,3,Budget Headshotter
003228581827560079448_1678686285.dem,P05017,0,Utility Support
003228581827560079448_1678686285.dem,P04815,2,Star Fragger
003228583962158825812_0856396979.dem,P07344,0,Utility Support
003228583962158825812_0856396979.dem,P10662,1,Heavy-Weapon Anchor
003228583962158825812_0856396979.dem,P03195,0,Utility Support
003228583962158825812_0856396979.dem,P06576,1,Heavy-Weapon Anchor
003228583962158825812_0856396979.dem,P01889,3,Budget Headshotter
003228583962158825812_0856396979.dem,P10532,0,Utility Support
003228583962158825812_0856396979.dem,P03936,0,Utility Support
003228583962158825812_0856396979.dem,P07302,0,Utility Support
003228583962158825812_0856396979.dem,P02511,3,Budget Headshotter
003228583962158825812_0856396979.dem,P10638,3,Budget Headshotter
003228588851979092191_0258969246.dem,P08039,2,Star Fragger
003228588851979092191_0258969246.dem,P09653,3,Budget Headshotter
003228588851979092191_0258969246.dem,P05144,1,Heavy-Weapon Anchor
003228588851979092191_0258969246.dem,P06617,2,Star Fragger
003228588851979092191_0258969246.dem,P02984,0,Utility Support
003228588851979092191_0258969246.dem,P08352,3,Budget Headshotter
003228588851979092191_0258969246.dem,P05264,0,Utility Support
003228588851979092191_0258969246.dem,P08702,1,Heavy-Weapon Anchor
003228588851979092191_0258969246.dem,P02678,3,Budget Headshotter
003228588851979092191_0258969246.dem,P06135,3,Budget Headshotter
003228594757559124189_1205860142.dem,P08039,2,Star Fragger
003228594757559124189_1205860142.dem,P07415,1,Heavy-Weapon Anchor
003228594757559124189_1205860142.dem,P05144,1,Heavy-Weapon Anchor
003228594757559124189_1205860142.dem,P09078,1,Heavy-Weapon Anchor
003228594757559124189_1205860142.dem,P04718,0,Utility Support
003228594757559124189_1205860142.dem,P05264,1,Heavy-Weapon Anchor
003228594757559124189_1205860142.dem,P03741,3,Budget Headshotter
003228594757559124189_1205860142.dem,P02678,0,Utility Support
003228594757559124189_1205860142.dem,P07647,2,Star Fragger
003228594757559124189_1205860142.dem,P06135,2,Star Fragger
003228600459128209546_0438884099.dem,P08690,1,Heavy-Weapon Anchor
003228600459128209546_0438884099.dem,P10924,2,Star Fragger
003228600459128209546_0438884099.dem,P02977,1,Heavy-Weapon Anchor
003228600459128209546_0438884099.dem,P09010,0,Utility Support
003228600459128209546_0438884099.dem,P05192,3,Budget Headshotter
003228600459128209546_0438884099.dem,P09691,0,Utility Support
003228600459128209546_0438884099.dem,P02424,0,Utility Support
003228600459128209546_0438884099.dem,P10055,3,Budget Headshotter
003228600459128209546_0438884099.dem,P08776,1,Heavy-Weapon Anchor
003228600459128209546_0438884099.dem,P06279,3,Budget Headshotter
003228601788420587561_0855660310.dem,P07344,1,Heavy-Weapon Anchor
003228601788420587561_0855660310.dem,P08438,2,Star Fragger
003228601788420587561_0855660310.dem,P10176,3,Budget Headshotter
003228601788420587561_0855660310.dem,P03784,0,Utility Support
003228601788420587561_0855660310.dem,P07646,1,Heavy-Weapon Anchor
003228601788420587561_0855660310.dem,P01536,3,Budget Headshotter
003228601788420587561_0855660310.dem,P09836,3,Budget Headshotter
003228601788420587561_0855660310.dem,P07302,0,Utility Support
003228601788420587561_0855660310.dem,P10826,1,Heavy-Weapon Anchor
003228601788420587561_0855660310.dem,P02301,0,Utility Support
003228603626666590417_0499718194.dem,P01433,3,Budget Headshotter
003228603626666590417_0499718194.dem,P01221,0,Utility Support
003228603626666590417_0499718194.dem,P04857,3,Budget Headshotter
003228603626666590417_0499718194.dem,P06992,1,Heavy-Weapon Anchor
003228603626666590417_0499718194.dem,P00863,1,Heavy-Weapon Anchor
003228603626666590417_0499718194.dem,P06395,1,Heavy-Weapon Anchor
003228603626666590417_0499718194.dem,P06437,1,Heavy-Weapon Anchor
003228603626666590417_0499718194.dem,P00756,1,Heavy-Weapon Anchor
003228603626666590417_0499718194.dem,P05883,3,Budget Headshotter
003228603626666590417_0499718194.dem,P08054,0,Utility Support
003228604844289818854_1695009044.dem,P08223,2,Star Fragger
003228604844289818854_1695009044.dem,P04143,3,Budget Headshotter
003228604844289818854_1695009044.dem,P08983,1,Heavy-Weapon Anchor
003228604844289818854_1695009044.dem,P02061,2,Star Fragger
003228604844289818854_1695009044.dem,P03746,3,Budget Headshotter
003228604844289818854_1695009044.dem,P02875,3,Budget Headshotter
003228604844289818854_1695009044.dem,P06392,1,Heavy-Weapon Anchor
003228604844289818854_1695009044.dem,P05720,0,Utility Support
003228604844289818854_1695009044.dem,P06458,2,Star Fragger
003228604844289818854_1695009044.dem,P02932,1,Heavy-Weapon Anchor
003228605050448249213_1048440219.dem,P06675,2,Star Fragger
003228605050448249213_1048440219.dem,P05597,3,Budget Headshotter
003228605050448249213_1048440219.dem,P03430,0,Utility Support
003228605050448249213_1048440219.dem,P09130,1,Heavy-Weapon Anchor
003228605050448249213_1048440219.dem,P03299,0,Utility Support
003228605050448249213_1048440219.dem,P10923,3,Budget Headshotter
003228605050448249213_1048440219.dem,P07664,0,Utility Support
003228605050448249213_1048440219.dem,P01228,1,Heavy-Weapon Anchor
003228605050448249213_1048440219.dem,P03629,3,Budget Headshotter
003228605050448249213_1048440219.dem,P05923,3,Budget Headshotter
003228606665355952247_1271487854.dem,P01860,1,Heavy-Weapon Anchor
003228606665355952247_1271487854.dem,P04070,2,Star Fragger
003228606665355952247_1271487854.dem,P10570,3,Budget Headshotter
003228606665355952247_1271487854.dem,P06601,2,Star Fragger
003228606665355952247_1271487854.dem,P04805,1,Heavy-Weapon Anchor
003228606665355952247_1271487854.dem,P10749,2,Star Fragger
003228606665355952247_1271487854.dem,P03191,1,Heavy-Weapon Anchor
003228606665355952247_1271487854.dem,P07480,1,Heavy-Weapon Anchor
003228606665355952247_1271487854.dem,P09290,3,Budget Headshotter
003228608591648784428_1516949017.dem,P03481,1,Heavy-Weapon Anchor
003228608591648784428_1516949017.dem,P01969,3,Budget Headshotter
003228608591648784428_1516949017.dem,P06570,3,Budget Headshotter
003228608591648784428_1516949017.dem,P08863,2,Star Fragger
003228608591648784428_1516949017.dem,P09293,1,Heavy-Weapon Anchor
003228608591648784428_1516949017.dem,P06823,0,Utility Support
003228608591648784428_1516949017.dem,P06415,2,Star Fragger
003228608591648784428_1516949017.dem,P00864,2,Star Fragger
003228608591648784428_1516949017.dem,P09077,3,Budget Headshotter
003228608591648784428_1516949017.dem,P04835,0,Utility Support
003228609119929761945_1406720016.dem,P02896,3,Budget Headshotter
003228609119929761945_1406720016.dem,P09243,3,Budget Headshotter
003228609119929761945_1406720016.dem,P07028,1,Heavy-Weapon Anchor
003228609119929761945_1406720016.dem,P10215,1,Heavy-Weapon Anchor
003228609119929761945_1406720016.dem,P02779,1,Heavy-Weapon Anchor
003228609119929761945_1406720016.dem,P04637,1,Heavy-Weapon Anchor
003228609119929761945_1406720016.dem,P10494,1,Heavy-Weapon Anchor
003228609119929761945_1406720016.dem,P00301,0,Utility Support
003228609119929761945_1406720016.dem,P03764,1,Heavy-Weapon Anchor
003228609119929761945_1406720016.dem,P09349,2,Star Fragger
003228610696182759735_1895811654.dem,P02583,1,Heavy-Weapon Anchor
003228610696182759735_1895811654.dem,P05385,1,Heavy-Weapon Anchor
003228610696182759735_1895811654.dem,P09460,0,Utility Support
003228610696182759735_1895811654.dem,P01221,3,Budget Headshotter
003228610696182759735_1895811654.dem,P06992,3,Budget Headshotter
003228610696182759735_1895811654.dem,P00863,2,Star Fragger
003228610696182759735_1895811654.dem,P06395,3,Budget Headshotter
003228610696182759735_1895811654.dem,P00343,1,Heavy-Weapon Anchor
003228610696182759735_1895811654.dem,P00756,0,Utility Support
003228610696182759735_1895811654.dem,P08205,1,Heavy-Weapon Anchor
003228611291035730108_1275483177.dem,P00876,3,Budget Headshotter
003228611291035730108_1275483177.dem,P03370,3,Budget Headshotter
003228611291035730108_1275483177.dem,P08020,1,Heavy-Weapon Anchor
003228611291035730108_1275483177.dem,P01262,1,Heavy-Weapon Anchor
003228611291035730108_1275483177.dem,P04604,2,Star Fragger
003228611291035730108_1275483177.dem,P00535,1,Heavy-Weapon Anchor
003228611291035730108_1275483177.dem,P03246,1,Heavy-Weapon Anchor
003228611291035730108_1275483177.dem,P05720,0,Utility Support
003228611291035730108_1275483177.dem,P01396,1,Heavy-Weapon Anchor
003228611291035730108_1275483177.dem,P03193,1,Heavy-Weapon Anchor
003228613406307123386_1864577440.dem,P03273,2,Star Fragger
003228613406307123386_1864577440.dem,P08563,2,Star Fragger
003228613406307123386_1864577440.dem,P05995,3,Budget Headshotter
003228613406307123386_1864577440.dem,P09704,1,Heavy-Weapon Anchor
003228613406307123386_1864577440.dem,P05805,2,Star Fragger
003228613406307123386_1864577440.dem,P07084,1,Heavy-Weapon Anchor
003228613406307123386_1864577440.dem,P10582,1,Heavy-Weapon Anchor
003228613406307123386_1864577440.dem,P01114,1,Heavy-Weapon Anchor
003228613406307123386_1864577440.dem,P07737,1,Heavy-Weapon Anchor
003228613406307123386_1864577440.dem,P05483,1,Heavy-Weapon Anchor
003228616034827108564_0712246599.dem,P07890,1,Heavy-Weapon Anchor
003228616034827108564_0712246599.dem,P05705,1,Heavy-Weapon Anchor
003228616034827108564_0712246599.dem,P07666,3,Budget Headshotter
003228616034827108564_0712246599.dem,P05125,0,Utility Support
003228616034827108564_0712246599.dem,P08774,1,Heavy-Weapon Anchor
003228616034827108564_0712246599.dem,P08585,2,Star Fragger
003228616034827108564_0712246599.dem,P04089,1,Heavy-Weapon Anchor
003228616034827108564_0712246599.dem,P04823,2,Star Fragger
003228616034827108564_0712246599.dem,P02737,1,Heavy-Weapon Anchor
003228616034827108564_0712246599.dem,P02829,2,Star Fragger
003228616986162364633_1597459626.dem,P03555,1,Heavy-Weapon Anchor
003228616986162364633_1597459626.dem,P02871,0,Utility Support
003228616986162364633_1597459626.dem,P02798,3,Budget Headshotter
003228616986162364633_1597459626.dem,P07292,3,Budget Headshotter
003228616986162364633_1597459626.dem,P08312,2,Star Fragger
003228616986162364633_1597459626.dem,P08402,0,Utility Support
003228616986162364633_1597459626.dem,P05397,2,Star Fragger
003228616986162364633_1597459626.dem,P05720,3,Budget Headshotter
003228616986162364633_1597459626.dem,P03560,0,Utility Support
003228616986162364633_1597459626.dem,P05524,1,Heavy-Weapon Anchor
003228617982594777208_1803826498.dem,P00008,3,Budget Headshotter
003228617982594777208_1803826498.dem,P04480,1,Heavy-Weapon Anchor
003228617982594777208_1803826498.dem,P09230,1,Heavy-Weapon Anchor
003228617982594777208_1803826498.dem,P09685,1,Heavy-Weapon Anchor
003228617982594777208_1803826498.dem,P02471,1,Heavy-Weapon Anchor
003228617982594777208_1803826498.dem,P07759,3,Budget Headshotter
003228617982594777208_1803826498.dem,P04390,0,Utility Support
003228617982594777208_1803826498.dem,P09756,0,Utility Support
003228617982594777208_1803826498.dem,P03466,2,Star Fragger
003228617982594777208_1803826498.dem,P02024,3,Budget Headshotter
003228619004796993765_1629406800.dem,P09237,1,Heavy-Weapon Anchor
003228619004796993765_1629406800.dem,P00940,2,Star Fragger
003228619004796993765_1629406800.dem,P08769,3,Budget Headshotter
003228619004796993765_1629406800.dem,P07200,3,Budget Headshotter
003228619004796993765_1629406800.dem,P01780,0,Utility Support
003228619004796993765_1629406800.dem,P08419,1,Heavy-Weapon Anchor
003228619004796993765_1629406800.dem,P06959,3,Budget Headshotter
003228619004796993765_1629406800.dem,P04162,2,Star Fragger
003228619004796993765_1629406800.dem,P06067,1,Heavy-Weapon Anchor
003228619004796993765_1629406800.dem,P01850,3,Budget Headshotter
003228619487980814562_1327450967.dem,P10729,3,Budget Headshotter
003228619487980814562_1327450967.dem,P02440,0,Utility Support
003228619487980814562_1327450967.dem,P03323,0,Utility Support
003228619487980814562_1327450967.dem,P07520,3,Budget Headshotter
003228619487980814562_1327450967.dem,P00290,3,Budget Headshotter
003228619487980814562_1327450967.dem,P04789,1,Heavy-Weapon Anchor
003228619487980814562_1327450967.dem,P04521,3,Budget Headshotter
003228619487980814562_1327450967.dem,P10110,1,Heavy-Weapon Anchor
003228619487980814562_1327450967.dem,P08571,2,Star Fragger
003228619487980814562_1327450967.dem,P10613,1,Heavy-Weapon Anchor
003228628432250208416_1515008327.dem,P07352,0,Utility Support
003228628432250208416_1515008327.dem,P07757,0,Utility Support
003228628432250208416_1515008327.dem,P06652,1,Heavy-Weapon Anchor
003228628432250208416_1515008327.dem,P09520,3,Budget Headshotter
003228628432250208416_1515008327.dem,P03383,1,Heavy-Weapon Anchor
003228628432250208416_1515008327.dem,P08816,3,Budget Headshotter
003228628432250208416_1515008327.dem,P05030,0,Utility Support
003228628432250208416_1515008327.dem,P04802,0,Utility Support
003228628432250208416_1515008327.dem,P04490,3,Budget Headshotter
003228628432250208416_1515008327.dem,P06666,2,Star Fragger
003228631638443294721_1033296143.dem,P03277,0,Utility Support
003228631638443294721_1033296143.dem,P01596,3,Budget Headshotter
003228631638443294721_1033296143.dem,P02440,3,Budget Headshotter
003228631638443294721_1033296143.dem,P03651,0,Utility Support
003228631638443294721_1033296143.dem,P04426,1,Heavy-Weapon Anchor
003228631638443294721_1033296143.dem,P05714,3,Budget Headshotter
003228631638443294721_1033296143.dem,P08854,1,Heavy-Weapon Anchor
003228631638443294721_1033296143.dem,P00907,1,Heavy-Weapon Anchor
003228631638443294721_1033296143.dem,P06913,2,Star Fragger
003228631638443294721_1033296143.dem,P07334,0,Utility Support
003228634838193930308_0119760819.dem,P07344,0,Utility Support
003228634838193930308_0119760819.dem,P05802,0,Utility Support
003228634838193930308_0119760819.dem,P08376,0,Utility Support
003228634838193930308_0119760819.dem,P05535,1,Heavy-Weapon Anchor
003228634838193930308_0119760819.dem,P09139,2,Star Fragger
003228634838193930308_0119760819.dem,P05206,2,Star Fragger
003228634838193930308_0119760819.dem,P09239,0,Utility Support
003228634838193930308_0119760819.dem,P10790,1,Heavy-Weapon Anchor
003228634838193930308_0119760819.dem,P07610,1,Heavy-Weapon Anchor
003228634838193930308_0119760819.dem,P01526,3,Budget Headshotter
003228636429479313535_0866050187.dem,P08734,0,Utility Support
003228636429479313535_0866050187.dem,P06354,0,Utility Support
003228636429479313535_0866050187.dem,P03961,3,Budget Headshotter
003228636429479313535_0866050187.dem,P07853,3,Budget Headshotter
003228636429479313535_0866050187.dem,P08007,2,Star Fragger
003228636429479313535_0866050187.dem,P08342,0,Utility Support
003228636429479313535_0866050187.dem,P08687,3,Budget Headshotter
003228636429479313535_0866050187.dem,P00044,0,Utility Support
003228636429479313535_0866050187.dem,P05427,2,Star Fragger
003228636429479313535_0866050187.dem,P08326,0,Utility Support
003228709759603441820_0250346534.dem,P10629,3,Budget Headshotter
003228709759603441820_0250346534.dem,P00513,1,Heavy-Weapon Anchor
003228709759603441820_0250346534.dem,P05839,2,Star Fragger
003228709759603441820_0250346534.dem,P07941,0,Utility Support
003228709759603441820_0250346534.dem,P02962,3,Budget Headshotter
003228709759603441820_0250346534.dem,P10622,0,Utility Support
003228709759603441820_0250346534.dem,P07824,0,Utility Support
003228709759603441820_0250346534.dem,P09169,0,Utility Support
003228709759603441820_0250346534.dem,P09453,2,Star Fragger
003228709759603441820_0250346534.dem,P00989,1,Heavy-Weapon Anchor
003228711846957547634_0025892281.dem,P07964,2,Star Fragger
003228711846957547634_0025892281.dem,P05603,3,Budget Headshotter
003228711846957547634_0025892281.dem,P07417,1,Heavy-Weapon Anchor
003228711846957547634_0025892281.dem,P04283,1,Heavy-Weapon Anchor
003228711846957547634_0025892281.dem,P04906,1,Heavy-Weapon Anchor
003228711846957547634_0025892281.dem,P07176,1,Heavy-Weapon Anchor
003228711846957547634_0025892281.dem,P10796,1,Heavy-Weapon Anchor
003228711846957547634_0025892281.dem,P09842,2,Star Fragger
003228711846957547634_0025892281.dem,P03794,2,Star Fragger
003228711846957547634_0025892281.dem,P04884,3,Budget Headshotter
003228713921426751617_1247940764.dem,P09824,1,Heavy-Weapon Anchor
003228713921426751617_1247940764.dem,P08077,2,Star Fragger
003228713921426751617_1247940764.dem,P09776,3,Budget Headshotter
003228713921426751617_1247940764.dem,P03461,0,Utility Support
003228713921426751617_1247940764.dem,P04115,1,Heavy-Weapon Anchor
003228713921426751617_1247940764.dem,P08494,1,Heavy-Weapon Anchor
003228713921426751617_1247940764.dem,P05643,3,Budget Headshotter
003228713921426751617_1247940764.dem,P09016,0,Utility Support
003228713921426751617_1247940764.dem,P10698,0,Utility Support
003228713921426751617_1247940764.dem,P08764,0,Utility Support
003228728685376831583_1163957089.dem,P08833,3,Budget Headshotter
003228728685376831583_1163957089.dem,P09335,1,Heavy-Weapon Anchor
003228728685376831583_1163957089.dem,P03948,3,Budget Headshotter
003228728685376831583_1163957089.dem,P08619,3,Budget Headshotter
003228728685376831583_1163957089.dem,P10861,1,Heavy-Weapon Anchor
003228728685376831583_1163957089.dem,P00501,3,Budget Headshotter
003228728685376831583_1163957089.dem,P09776,1,Heavy-Weapon Anchor
003228728685376831583_1163957089.dem,P02691,2,Star Fragger
003228728685376831583_1163957089.dem,P00461,3,Budget Headshotter
003228728685376831583_1163957089.dem,P05462,1,Heavy-Weapon Anchor
003228729340359344164_1974769991.dem,P04365,3,Budget Headshotter
003228729340359344164_1974769991.dem,P03016,3,Budget Headshotter
003228729340359344164_1974769991.dem,P04009,0,Utility Support
003228729340359344164_1974769991.dem,P08431,2,Star Fragger
003228729340359344164_1974769991.dem,P00912,0,Utility Support
003228729340359344164_1974769991.dem,P03821,0,Utility Support
003228729340359344164_1974769991.dem,P04468,3,Budget Headshotter
003228729340359344164_1974769991.dem,P06710,0,Utility Support
003228729340359344164_1974769991.dem,P09432,2,Star Fragger
003228729340359344164_1974769991.dem,P02775,3,Budget Headshotter
003228732406965993731_0243687792.dem,P07400,1,Heavy-Weapon Anchor
003228732406965993731_0243687792.dem,P03346,1,Heavy-Weapon Anchor
003228732406965993731_0243687792.dem,P06414,3,Budget Headshotter
003228732406965993731_0243687792.dem,P04441,2,Star Fragger
003228732406965993731_0243687792.dem,P00437,1,Heavy-Weapon Anchor
003228732406965993731_0243687792.dem,P04939,3,Budget Headshotter
003228732406965993731_0243687792.dem,P01024,3,Budget Headshotter
003228732406965993731_0243687792.dem,P07187,1,Heavy-Weapon Anchor
003228732406965993731_0243687792.dem,P05980,2,Star Fragger
003228732834315239485_0503224075.dem,P08848,1,Heavy-Weapon Anchor
003228732834315239485_0503224075.dem,P08000,3,Budget Headshotter
003228732834315239485_0503224075.dem,P08504,0,Utility Support
003228732834315239485_0503224075.dem,P09259,1,Heavy-Weapon Anchor
003228732834315239485_0503224075.dem,P00010,3,Budget Headshotter
003228732834315239485_0503224075.dem,P01853,0,Utility Support
003228732834315239485_0503224075.dem,P02942,2,Star Fragger
003228732834315239485_0503224075.dem,P09890,1,Heavy-Weapon Anchor
003228732834315239485_0503224075.dem,P06408,1,Heavy-Weapon Anchor
003228732834315239485_0503224075.dem,P05406,2,Star Fragger
003228734481435197455_0069046081.dem,P09534,0,Utility Support
003228734481435197455_0069046081.dem,P04722,0,Utility Support
003228734481435197455_0069046081.dem,P07530,0,Utility Support
003228734481435197455_0069046081.dem,P09181,3,Budget Headshotter
003228734481435197455_0069046081.dem,P06883,0,Utility Support
003228734481435197455_0069046081.dem,P05422,0,Utility Support
003228734481435197455_0069046081.dem,P03077,2,Star Fragger
003228734481435197455_0069046081.dem,P01819,0,Utility Support
003228734481435197455_0069046081.dem,P03872,1,Heavy-Weapon Anchor
003228734481435197455_0069046081.dem,P06731,1,Heavy-Weapon Anchor
003228735885889503472_0563934736.dem,P02693,0,Utility Support
003228735885889503472_0563934736.dem,P07344,0,Utility Support
003228735885889503472_0563934736.dem,P01350,3,Budget Headshotter
003228735885889503472_0563934736.dem,P03301,0,Utility Support
003228735885889503472_0563934736.dem,P10631,3,Budget Headshotter
003228735885889503472_0563934736.dem,P06473,1,Heavy-Weapon Anchor
003228735885889503472_0563934736.dem,P01296,0,Utility Support
003228735885889503472_0563934736.dem,P06116,0,Utility Support
003228735885889503472_0563934736.dem,P10225,3,Budget Headshotter
003228735885889503472_0563934736.dem,P09061,3,Budget Headshotter
003228739800752193890_1401860897.dem,P08490,0,Utility Support
003228739800752193890_1401860897.dem,P05045,0,Utility Support
003228739800752193890_1401860897.dem,P10600,2,Star Fragger
003228739800752193890_1401860897.dem,P00769,0,Utility Support
003228739800752193890_1401860897.dem,P06164,1,Heavy-Weapon Anchor
003228739800752193890_1401860897.dem,P05820,3,Budget Headshotter
003228739800752193890_1401860897.dem,P08007,2,Star Fragger
003228739800752193890_1401860897.dem,P08397,2,Star Fragger
003228739800752193890_1401860897.dem,P07035,3,Budget Headshotter
003228739800752193890_1401860897.dem,P03098,1,Heavy-Weapon Anchor
003228751687074185523_1069066587.dem,P08504,1,Heavy-Weapon Anchor
003228751687074185523_1069066587.dem,P00540,1,Heavy-Weapon Anchor
003228751687074185523_1069066587.dem,P05900,2,Star Fragger
003228751687074185523_1069066587.dem,P02942,2,Star Fragger
003228751687074185523_1069066587.dem,P02908,0,Utility Support
003228751687074185523_1069066587.dem,P04489,3,Budget Headshotter
003228751687074185523_1069066587.dem,P07413,0,Utility Support
003228751687074185523_1069066587.dem,P10683,1,Heavy-Weapon Anchor
003228751687074185523_1069066587.dem,P01622,0,Utility Support
003228751687074185523_1069066587.dem,P05579,3,Budget Headshotter
003228755273371877761_1923026440.dem,P00509,3,Budget Headshotter
003228755273371877761_1923026440.dem,P02990,1,Heavy-Weapon Anchor
003228755273371877761_1923026440.dem,P03992,0,Utility Support
003228755273371877761_1923026440.dem,P07055,1,Heavy-Weapon Anchor
003228755273371877761_1923026440.dem,P06955,3,Budget Headshotter
003228755273371877761_1923026440.dem,P07725,0,Utility Support
003228755273371877761_1923026440.dem,P06848,3,Budget Headshotter
003228755273371877761_1923026440.dem,P09776,2,Star Fragger
003228755273371877761_1923026440.dem,P04518,0,Utility Support
003228755273371877761_1923026440.dem,P01365,2,Star Fragger
003228763508971667602_0376718819.dem,P08520,0,Utility Support
003228763508971667602_0376718819.dem,P10592,1,Heavy-Weapon Anchor
003228763508971667602_0376718819.dem,P06153,0,Utility Support
003228763508971667602_0376718819.dem,P09191,3,Budget Headshotter
003228763508971667602_0376718819.dem,P01913,0,Utility Support
003228763508971667602_0376718819.dem,P07920,0,Utility Support
003228763508971667602_0376718819.dem,P09852,0,Utility Support
003228763508971667602_0376718819.dem,P07276,2,Star Fragger
003228763508971667602_0376718819.dem,P08307,1,Heavy-Weapon Anchor
003228763508971667602_0376718819.dem,P00394,1,Heavy-Weapon Anchor
003228763594871013787_1083018565.dem,P06774,2,Star Fragger
003228763594871013787_1083018565.dem,P07963,1,Heavy-Weapon Anchor
003228763594871013787_1083018565.dem,P02997,1,Heavy-Weapon Anchor
003228763594871013787_1083018565.dem,P09885,2,Star Fragger
003228763594871013787_1083018565.dem,P03414,1,Heavy-Weapon Anchor
003228763594871013787_1083018565.dem,P01679,1,Heavy-Weapon Anchor
003228763594871013787_1083018565.dem,P02622,3,Budget Headshotter
003228763594871013787_1083018565.dem,P03861,2,Star Fragger
003228763594871013787_1083018565.dem,P01550,1,Heavy-Weapon Anchor
003228763594871013787_1083018565.dem,P07496,1,Heavy-Weapon Anchor
003228765085224665295_0100900919.dem,P01839,0,Utility Support
003228765085224665295_0100900919.dem,P01956,2,Star Fragger
003228765085224665295_0100900919.dem,P10884,0,Utility Support
003228765085224665295_0100900919.dem,P07344,3,Budget Headshotter
003228765085224665295_0100900919.dem,P06485,0,Utility Support
003228765085224665295_0100900919.dem,P06070,1,Heavy-Weapon Anchor
003228765085224665295_0100900919.dem,P06874,1,Heavy-Weapon Anchor
003228765085224665295_0100900919.dem,P06616,0,Utility Support
003228765085224665295_0100900919.dem,P09239,0,Utility Support
003228765085224665295_0100900919.dem,P06389,0,Utility Support
003228769096724119917_1376766484.dem,P07422,0,Utility Support
003228769096724119917_1376766484.dem,P04824,2,Star Fragger
003228769096724119917_1376766484.dem,P03414,3,Budget Headshotter
003228769096724119917_1376766484.dem,P08582,3,Budget Headshotter
003228769096724119917_1376766484.dem,P09673,3,Budget Headshotter
003228769096724119917_1376766484.dem,P04277,0,Utility Support
003228769096724119917_1376766484.dem,P00390,2,Star Fragger
003228769096724119917_1376766484.dem,P05668,2,Star Fragger
003228769096724119917_1376766484.dem,P06653,3,Budget Headshotter
003228769096724119917_1376766484.dem,P00187,3,Budget Headshotter
003228776653719077076_0644531776.dem,P02928,1,Heavy-Weapon Anchor
003228776653719077076_0644531776.dem,P01194,0,Utility Support
003228776653719077076_0644531776.dem,P08167,0,Utility Support
003228776653719077076_0644531776.dem,P00186,3,Budget Headshotter
003228776653719077076_0644531776.dem,P03487,1,Heavy-Weapon Anchor
003228776653719077076_0644531776.dem,P00921,0,Utility Support
003228776653719077076_0644531776.dem,P08198,3,Budget Headshotter
003228776653719077076_0644531776.dem,P08294,3,Budget Headshotter
003228776653719077076_0644531776.dem,P00196,0,Utility Support
003228776653719077076_0644531776.dem,P01471,2,Star Fragger
003228783328098254973_1283797294.dem,P00419,0,Utility Support
003228783328098254973_1283797294.dem,P09516,3,Budget Headshotter
003228783328098254973_1283797294.dem,P00596,1,Heavy-Weapon Anchor
003228783328098254973_1283797294.dem,P09071,0,Utility Support
003228783328098254973_1283797294.dem,P07781,2,Star Fragger
003228783328098254973_1283797294.dem,P07356,1,Heavy-Weapon Anchor
003228783328098254973_1283797294.dem,P01877,1,Heavy-Weapon Anchor
003228783328098254973_1283797294.dem,P00441,3,Budget Headshotter
003228783328098254973_1283797294.dem,P07138,0,Utility Support
003228783328098254973_1283797294.dem,P07386,0,Utility Support
003228783907918839902_1571370494.dem,P00489,0,Utility Support
003228783907918839902_1571370494.dem,P06302,2,Star Fragger
003228783907918839902_1571370494.dem,P03622,0,Utility Support
003228783907918839902_1571370494.dem,P01218,1,Heavy-Weapon Anchor
003228783907918839902_1571370494.dem,P07464,1,Heavy-Weapon Anchor
003228783907918839902_1571370494.dem,P10145,3,Budget Headshotter
003228783907918839902_1571370494.dem,P03002,0,Utility Support
003228783907918839902_1571370494.dem,P08038,3,Budget Headshotter
003228783907918839902_1571370494.dem,P04192,0,Utility Support
003228783907918839902_1571370494.dem,P06847,1,Heavy-Weapon Anchor
003228787322417840434_0680980714.dem,P02808,1,Heavy-Weapon Anchor
003228787322417840434_0680980714.dem,P01067,0,Utility Support
003228787322417840434_0680980714.dem,P00238,1,Heavy-Weapon Anchor
003228787322417840434_0680980714.dem,P09036,1,Heavy-Weapon Anchor
003228787322417840434_0680980714.dem,P01238,1,Heavy-Weapon Anchor
003228787322417840434_0680980714.dem,P08231,0,Utility Support
003228787322417840434_0680980714.dem,P04340,3,Budget Headshotter
003228787322417840434_0680980714.dem,P04684,0,Utility Support
003228787322417840434_0680980714.dem,P00902,3,Budget Headshotter
003228787322417840434_0680980714.dem,P04041,1,Heavy-Weapon Anchor
003228789446279168295_1579589565.dem,P02473,3,Budget Headshotter
003228789446279168295_1579589565.dem,P02466,0,Utility Support
003228789446279168295_1579589565.dem,P08718,1,Heavy-Weapon Anchor
003228789446279168295_1579589565.dem,P01917,3,Budget Headshotter
003228789446279168295_1579589565.dem,P06153,0,Utility Support
003228789446279168295_1579589565.dem,P03022,0,Utility Support
003228789446279168295_1579589565.dem,P08318,0,Utility Support
003228789446279168295_1579589565.dem,P04742,3,Budget Headshotter
003228789446279168295_1579589565.dem,P10007,3,Budget Headshotter
003228789446279168295_1579589565.dem,P10512,2,Star Fragger
003228791853608337707_1981362221.dem,P07344,3,Budget Headshotter
003228791853608337707_1981362221.dem,P01588,1,Heavy-Weapon Anchor
003228791853608337707_1981362221.dem,P05081,1,Heavy-Weapon Anchor
003228791853608337707_1981362221.dem,P09239,2,Star Fragger
003228791853608337707_1981362221.dem,P10799,3,Budget Headshotter
003228791853608337707_1981362221.dem,P03759,0,Utility Support
003228791853608337707_1981362221.dem,P00241,3,Budget Headshotter
003228791853608337707_1981362221.dem,P08417,0,Utility Support
003228791853608337707_1981362221.dem,P04299,1,Heavy-Weapon Anchor
003228791853608337707_1981362221.dem,P01465,2,Star Fragger
003228792566572908649_0260616732.dem,P04112,0,Utility Support
003228792566572908649_0260616732.dem,P03272,0,Utility Support
003228792566572908649_0260616732.dem,P03562,0,Utility Support
003228792566572908649_0260616732.dem,P01502,0,Utility Support
003228792566572908649_0260616732.dem,P07869,3,Budget Headshotter
003228792566572908649_0260616732.dem,P01562,2,Star Fragger
003228792566572908649_0260616732.dem,P09562,1,Heavy-Weapon Anchor
003228792566572908649_0260616732.dem,P04116,1,Heavy-Weapon Anchor
003228792566572908649_0260616732.dem,P06174,1,Heavy-Weapon Anchor
003228792566572908649_0260616732.dem,P02075,1,Heavy-Weapon Anchor
003228799883049697620_1729502545.dem,P03199,1,Heavy-Weapon Anchor
003228799883049697620_1729502545.dem,P02126,3,Budget Headshotter
003228799883049697620_1729502545.dem,P02440,2,Star Fragger
003228799883049697620_1729502545.dem,P10834,0,Utility Support
003228799883049697620_1729502545.dem,P04241,1,Heavy-Weapon Anchor
003228799883049697620_1729502545.dem,P09587,0,Utility Support
003228799883049697620_1729502545.dem,P05660,1,Heavy-Weapon Anchor
003228799883049697620_1729502545.dem,P00717,3,Budget Headshotter
003228799883049697620_1729502545.dem,P08516,1,Heavy-Weapon Anchor
003228799883049697620_1729502545.dem,P00514,2,Star Fragger
003228800660438777934_0872054010.dem,P03954,0,Utility Support
003228800660438777934_0872054010.dem,P04904,3,Budget Headshotter
003228800660438777934_0872054010.dem,P04252,3,Budget Headshotter
003228800660438777934_0872054010.dem,P10759,3,Budget Headshotter
003228800660438777934_0872054010.dem,P00520,2,Star Fragger
003228800660438777934_0872054010.dem,P09826,3,Budget Headshotter
003228800660438777934_0872054010.dem,P05943,2,Star Fragger
003228800660438777934_0872054010.dem,P02563,1,Heavy-Weapon Anchor
003228800660438777934_0872054010.dem,P00521,3,Budget Headshotter
003228800660438777934_0872054010.dem,P03331,0,Utility Support
003228800720568320115_1055389584.dem,P10087,2,Star Fragger
003228800720568320115_1055389584.dem,P00227,2,Star Fragger
003228800720568320115_1055389584.dem,P05194,0,Utility Support
003228800720568320115_1055389584.dem,P02029,0,Utility Support
003228800720568320115_1055389584.dem,P05043,3,Budget Headshotter
003228800720568320115_1055389584.dem,P08224,3,Budget Headshotter
003228800720568320115_1055389584.dem,P09449,3,Budget Headshotter
003228800720568320115_1055389584.dem,P02152,3,Budget Headshotter
003228800720568320115_1055389584.dem,P05437,0,Utility Support
003228800720568320115_1055389584.dem,P09377,3,Budget Headshotter
003228801429237924033_0440318990.dem,P10431,2,Star Fragger
003228801429237924033_0440318990.dem,P00009,1,Heavy-Weapon Anchor
003228801429237924033_0440318990.dem,P09811,2,Star Fragger
003228801429237924033_0440318990.dem,P04023,1,Heavy-Weapon Anchor
003228801429237924033_0440318990.dem,P08287,1,Heavy-Weapon Anchor
003228801429237924033_0440318990.dem,P06895,1,Heavy-Weapon Anchor
003228801429237924033_0440318990.dem,P03823,1,Heavy-Weapon Anchor
003228801429237924033_0440318990.dem,P09946,2,Star Fragger
003228801429237924033_0440318990.dem,P04757,1,Heavy-Weapon Anchor
003228806606820999458_1961238910.dem,P09338,0,Utility Support
003228806606820999458_1961238910.dem,P02630,0,Utility Support
003228806606820999458_1961238910.dem,P07939,0,Utility Support
003228806606820999458_1961238910.dem,P05746,0,Utility Support
003228806606820999458_1961238910.dem,P05944,2,Star Fragger
003228806606820999458_1961238910.dem,P09523,2,Star Fragger
003228806606820999458_1961238910.dem,P01762,1,Heavy-Weapon Anchor
003228806606820999458_1961238910.dem,P02492,3,Budget Headshotter
003228806606820999458_1961238910.dem,P04977,1,Heavy-Weapon Anchor
003228806606820999458_1961238910.dem,P01996,0,Utility Support
003228806862371553528_0951696470.dem,P10752,1,Heavy-Weapon Anchor
003228806862371553528_0951696470.dem,P02440,0,Utility Support
003228806862371553528_0951696470.dem,P07518,0,Utility Support
003228806862371553528_0951696470.dem,P08869,1,Heavy-Weapon Anchor
003228806862371553528_0951696470.dem,P00801,0,Utility Support
003228806862371553528_0951696470.dem,P04834,2,Star Fragger
003228806862371553528_0951696470.dem,P03437,0,Utility Support
003228806862371553528_0951696470.dem,P06497,3,Budget Headshotter
003228806862371553528_0951696470.dem,P09447,0,Utility Support
003228806862371553528_0951696470.dem,P05800,0,Utility Support
003228807158724296931_1649560985.dem,P10910,3,Budget Headshotter
003228807158724296931_1649560985.dem,P10830,2,Star Fragger
003228807158724296931_1649560985.dem,P05066,0,Utility Support
003228807158724296931_1649560985.dem,P02351,0,Utility Support
003228807158724296931_1649560985.dem,P09179,3,Budget Headshotter
003228807158724296931_1649560985.dem,P06031,2,Star Fragger
003228807158724296931_1649560985.dem,P02100,3,Budget Headshotter
003228807158724296931_1649560985.dem,P08246,1,Heavy-Weapon Anchor
003228807158724296931_1649560985.dem,P02193,2,Star Fragger
003228807158724296931_1649560985.dem,P04620,0,Utility Support
003228807818001776670_1123584002.dem,P10087,1,Heavy-Weapon Anchor
003228807818001776670_1123584002.dem,P00227,0,Utility Support
003228807818001776670_1123584002.dem,P05194,0,Utility Support
003228807818001776670_1123584002.dem,P02029,2,Star Fragger
003228807818001776670_1123584002.dem,P02031,0,Utility Support
003228807818001776670_1123584002.dem,P08224,3,Budget Headshotter
003228807818001776670_1123584002.dem,P00436,3,Budget Headshotter
003228807818001776670_1123584002.dem,P06157,0,Utility Support
003228807818001776670_1123584002.dem,P00972,1,Heavy-Weapon Anchor
003228807818001776670_1123584002.dem,P10368,3,Budget Headshotter
003228813160941092879_1393500246.dem,P08252,0,Utility Support
003228813160941092879_1393500246.dem,P02863,1,Heavy-Weapon Anchor
003228813160941092879_1393500246.dem,P05792,2,Star Fragger
003228813160941092879_1393500246.dem,P03745,3,Budget Headshotter
003228813160941092879_1393500246.dem,P09361,1,Heavy-Weapon Anchor
003228813160941092879_1393500246.dem,P09593,3,Budget Headshotter
003228813160941092879_1393500246.dem,P09608,3,Budget Headshotter
003228813160941092879_1393500246.dem,P09817,2,Star Fragger
003228813160941092879_1393500246.dem,P07716,1,Heavy-Weapon Anchor
003228813160941092879_1393500246.dem,P02003,3,Budget Headshotter
003228814689949450316_0544919655.dem,P05004,3,Budget Headshotter
003228814689949450316_0544919655.dem,P07448,0,Utility Support
003228814689949450316_0544919655.dem,P03795,1,Heavy-Weapon Anchor
003228814689949450316_0544919655.dem,P00634,2,Star Fragger
003228814689949450316_0544919655.dem,P02440,0,Utility Support
003228814689949450316_0544919655.dem,P06297,0,Utility Support
003228814689949450316_0544919655.dem,P01155,0,Utility Support
003228814689949450316_0544919655.dem,P00581,1,Heavy-Weapon Anchor
003228814689949450316_0544919655.dem,P07310,0,Utility Support
003228814689949450316_0544919655.dem,P00082,0,Utility Support
003228816438001139883_1149904779.dem,P10087,3,Budget Headshotter
003228816438001139883_1149904779.dem,P10755,3,Budget Headshotter
003228816438001139883_1149904779.dem,P00176,2,Star Fragger
003228816438001139883_1149904779.dem,P00227,2,Star Fragger
003228816438001139883_1149904779.dem,P09311,3,Budget Headshotter
003228816438001139883_1149904779.dem,P06055,1,Heavy-Weapon Anchor
003228816438001139883_1149904779.dem,P02029,0,Utility Support
003228816438001139883_1149904779.dem,P08224,1,Heavy-Weapon Anchor
003228816438001139883_1149904779.dem,P05487,3,Budget Headshotter
003228816438001139883_1149904779.dem,P04622,0,Utility Support
003228819815992918110_1825688645.dem,P02349,3,Budget Headshotter
003228819815992918110_1825688645.dem,P05954,2,Star Fragger
003228819815992918110_1825688645.dem,P02440,1,Heavy-Weapon Anchor
003228819815992918110_1825688645.dem,P03593,0,Utility Support
003228819815992918110_1825688645.dem,P03932,3,Budget Headshotter
003228819815992918110_1825688645.dem,P07917,0,Utility Support
003228819815992918110_1825688645.dem,P03893,3,Budget Headshotter
003228819815992918110_1825688645.dem,P10393,3,Budget Headshotter
003228819815992918110_1825688645.dem,P00054,3,Budget Headshotter
003228819815992918110_1825688645.dem,P01844,0,Utility Support
003228830057342435345_0756237427.dem,P07430,2,Star Fragger
003228830057342435345_0756237427.dem,P02547,1,Heavy-Weapon Anchor
003228830057342435345_0756237427.dem,P09441,1,Heavy-Weapon Anchor
003228830057342435345_0756237427.dem,P03449,3,Budget Headshotter
003228830057342435345_0756237427.dem,P09187,0,Utility Support
003228830057342435345_0756237427.dem,P00547,0,Utility Support
003228830057342435345_0756237427.dem,P05323,1,Heavy-Weapon Anchor
003228830057342435345_0756237427.dem,P09211,3,Budget Headshotter
003228830057342435345_0756237427.dem,P08939,2,Star Fragger
003228830057342435345_0756237427.dem,P07133,1,Heavy-Weapon Anchor
003228831949275529309_1441791041.dem,P07358,1,Heavy-Weapon Anchor
003228831949275529309_1441791041.dem,P03614,3,Budget Headshotter
003228831949275529309_1441791041.dem,P08727,1,Heavy-Weapon Anchor
003228831949275529309_1441791041.dem,P08086,0,Utility Support
003228831949275529309_1441791041.dem,P01947,1,Heavy-Weapon Anchor
003228831949275529309_1441791041.dem,P07545,0,Utility Support
003228831949275529309_1441791041.dem,P06200,0,Utility Support
003228831949275529309_1441791041.dem,P06018,0,Utility Support
003228831949275529309_1441791041.dem,P07112,2,Star Fragger
003228831949275529309_1441791041.dem,P01955,1,Heavy-Weapon Anchor
003228833274272940117_1413899635.dem,P06984,3,Budget Headshotter
003228833274272940117_1413899635.dem,P03682,1,Heavy-Weapon Anchor
003228833274272940117_1413899635.dem,P00466,0,Utility Support
003228833274272940117_1413899635.dem,P07090,1,Heavy-Weapon Anchor
003228833274272940117_1413899635.dem,P06851,2,Star Fragger
003228833274272940117_1413899635.dem,P02535,1,Heavy-Weapon Anchor
003228833274272940117_1413899635.dem,P02491,0,Utility Support
003228833274272940117_1413899635.dem,P01369,3,Budget Headshotter
003228833274272940117_1413899635.dem,P03806,3,Budget Headshotter
003228833274272940117_1413899635.dem,P02495,1,Heavy-Weapon Anchor
003228838707406569548_1756153596.dem,P00490,0,Utility Support
003228838707406569548_1756153596.dem,P08272,0,Utility Support
003228838707406569548_1756153596.dem,P06610,3,Budget Headshotter
003228838707406569548_1756153596.dem,P06984,1,Heavy-Weapon Anchor
003228838707406569548_1756153596.dem,P08675,3,Budget Headshotter
003228838707406569548_1756153596.dem,P04273,2,Star Fragger
003228838707406569548_1756153596.dem,P10096,0,Utility Support
003228838707406569548_1756153596.dem,P00295,2,Star Fragger
003228838707406569548_1756153596.dem,P06553,1,Heavy-Weapon Anchor
003228838707406569548_1756153596.dem,P00985,3,Budget Headshotter
003228864079925870632_1548739157.dem,P06870,1,Heavy-Weapon Anchor
003228864079925870632_1548739157.dem,P08524,2,Star Fragger
003228864079925870632_1548739157.dem,P00332,1,Heavy-Weapon Anchor
003228864079925870632_1548739157.dem,P06758,2,Star Fragger
003228864079925870632_1548739157.dem,P00496,0,Utility Support
003228864079925870632_1548739157.dem,P07981,1,Heavy-Weapon Anchor
003228864079925870632_1548739157.dem,P09205,0,Utility Support
003228864079925870632_1548739157.dem,P05674,3,Budget Headshotter
003228864079925870632_1548739157.dem,P03194,1,Heavy-Weapon Anchor
003228864079925870632_1548739157.dem,P06921,1,Heavy-Weapon Anchor
003228880564010352695_1312627955.dem,P07830,2,Star Fragger
003228880564010352695_1312627955.dem,P09827,3,Budget Headshotter
003228880564010352695_1312627955.dem,P09904,2,Star Fragger
003228880564010352695_1312627955.dem,P01907,0,Utility Support
003228880564010352695_1312627955.dem,P06990,2,Star Fragger
003228880564010352695_1312627955.dem,P05046,1,Heavy-Weapon Anchor
003228880564010352695_1312627955.dem,P08646,3,Budget Headshotter
003228880564010352695_1312627955.dem,P01171,1,Heavy-Weapon Anchor
003228880564010352695_1312627955.dem,P06987,1,Heavy-Weapon Anchor
003228880564010352695_1312627955.dem,P04088,1,Heavy-Weapon Anchor
003228883482440630492_1184293049.dem,P03592,0,Utility Support
003228883482440630492_1184293049.dem,P09536,3,Budget Headshotter
003228883482440630492_1184293049.dem,P07653,1,Heavy-Weapon Anchor
003228883482440630492_1184293049.dem,P04753,3,Budget Headshotter
003228883482440630492_1184293049.dem,P05753,2,Star Fragger
003228883482440630492_1184293049.dem,P10158,1,Heavy-Weapon Anchor
003228883482440630492_1184293049.dem,P02942,1,Heavy-Weapon Anchor
003228883482440630492_1184293049.dem,P10139,0,Utility Support
003228883482440630492_1184293049.dem,P04062,1,Heavy-Weapon Anchor
003228883482440630492_1184293049.dem,P08729,0,Utility Support
003228893229868908824_2093111393.dem,P07748,1,Heavy-Weapon Anchor
003228893229868908824_2093111393.dem,P09735,1,Heavy-Weapon Anchor
003228893229868908824_2093111393.dem,P03892,0,Utility Support
003228893229868908824_2093111393.dem,P05476,3,Budget Headshotter
003228893229868908824_2093111393.dem,P00605,1,Heavy-Weapon Anchor
003228893229868908824_2093111393.dem,P08698,0,Utility Support
003228893229868908824_2093111393.dem,P03927,1,Heavy-Weapon Anchor
003228893229868908824_2093111393.dem,P05412,0,Utility Support
003228893229868908824_2093111393.dem,P04550,1,Heavy-Weapon Anchor
003228893229868908824_2093111393.dem,P02601,2,Star Fragger
003228894488294326370_1067397527.dem,P04025,0,Utility Support
003228894488294326370_1067397527.dem,P01165,3,Budget Headshotter
003228894488294326370_1067397527.dem,P07472,1,Heavy-Weapon Anchor
003228894488294326370_1067397527.dem,P03118,0,Utility Support
003228894488294326370_1067397527.dem,P10373,1,Heavy-Weapon Anchor
003228894488294326370_1067397527.dem,P05177,0,Utility Support
003228894488294326370_1067397527.dem,P09379,1,Heavy-Weapon Anchor
003228894488294326370_1067397527.dem,P09688,0,Utility Support
003228894488294326370_1067397527.dem,P05893,3,Budget Headshotter
003228894488294326370_1067397527.dem,P06672,3,Budget Headshotter
003228927147225645370_0491193908.dem,P01834,0,Utility Support
003228927147225645370_0491193908.dem,P06153,0,Utility Support
003228927147225645370_0491193908.dem,P09950,0,Utility Support
003228927147225645370_0491193908.dem,P09559,1,Heavy-Weapon Anchor
003228927147225645370_0491193908.dem,P06390,3,Budget Headshotter
003228927147225645370_0491193908.dem,P01959,0,Utility Support
003228927147225645370_0491193908.dem,P08719,1,Heavy-Weapon Anchor
003228927147225645370_0491193908.dem,P05702,2,Star Fragger
003228927147225645370_0491193908.dem,P06810,3,Budget Headshotter
003228927147225645370_0491193908.dem,P00899,0,Utility Support
003228931452930359475_0143800935.dem,P01455,3,Budget Headshotter
003228931452930359475_0143800935.dem,P02355,1,Heavy-Weapon Anchor
003228931452930359475_0143800935.dem,P08913,2,Star Fragger
003228931452930359475_0143800935.dem,P02942,0,Utility Support
003228931452930359475_0143800935.dem,P08767,2,Star Fragger
003228931452930359475_0143800935.dem,P09692,0,Utility Support
003228931452930359475_0143800935.dem,P03804,3,Budget Headshotter
003228931452930359475_0143800935.dem,P10683,3,Budget Headshotter
003228931452930359475_0143800935.dem,P02439,1,Heavy-Weapon Anchor
003228931452930359475_0143800935.dem,P00894,1,Heavy-Weapon Anchor
003228932226024472901_1044523022.dem,P09989,1,Heavy-Weapon Anchor
003228932226024472901_1044523022.dem,P01751,3,Budget Headshotter
003228932226024472901_1044523022.dem,P02951,3,Budget Headshotter
003228932226024472901_1044523022.dem,P01320,2,Star Fragger
003228932226024472901_1044523022.dem,P03116,3,Budget Headshotter
003228932226024472901_1044523022.dem,P09558,0,Utility Support
003228932226024472901_1044523022.dem,P07457,0,Utility Support
003228932226024472901_1044523022.dem,P06152,0,Utility Support
003228932226024472901_1044523022.dem,P07174,0,Utility Support
003228932226024472901_1044523022.dem,P04372,0,Utility Support
003228936825934446773_1577835102.dem,P05014,0,Utility Support
003228936825934446773_1577835102.dem,P03404,1,Heavy-Weapon Anchor
003228936825934446773_1577835102.dem,P07400,0,Utility Support
003228936825934446773_1577835102.dem,P09045,1,Heavy-Weapon Anchor
003228936825934446773_1577835102.dem,P04441,0,Utility Support
003228936825934446773_1577835102.dem,P00738,2,Star Fragger
003228936825934446773_1577835102.dem,P05980,2,Star Fragger
003228936825934446773_1577835102.dem,P02474,1,Heavy-Weapon Anchor
003228936825934446773_1577835102.dem,P08874,2,Star Fragger
003228936825934446773_1577835102.dem,P00552,3,Budget Headshotter
003228937047125262585_1299621840.dem,P05040,2,Star Fragger
003228937047125262585_1299621840.dem,P03907,3,Budget Headshotter
003228937047125262585_1299621840.dem,P00857,3,Budget Headshotter
003228937047125262585_1299621840.dem,P02086,3,Budget Headshotter
003228937047125262585_1299621840.dem,P09483,2,Star Fragger
003228937047125262585_1299621840.dem,P01765,1,Heavy-Weapon Anchor
003228937047125262585_1299621840.dem,P10018,1,Heavy-Weapon Anchor
003228937047125262585_1299621840.dem,P10563,1,Heavy-Weapon Anchor
003228937047125262585_1299621840.dem,P07537,3,Budget Headshotter
003228937047125262585_1299621840.dem,P06200,3,Budget Headshotter
003228938468759437440_1839268385.dem,P08039,2,Star Fragger
003228938468759437440_1839268385.dem,P03735,1,Heavy-Weapon Anchor
003228938468759437440_1839268385.dem,P00175,3,Budget Headshotter
003228938468759437440_1839268385.dem,P03079,2,Star Fragger
003228938468759437440_1839268385.dem,P07149,1,Heavy-Weapon Anchor
003228938468759437440_1839268385.dem,P04949,2,Star Fragger
003228938468759437440_1839268385.dem,P05439,3,Budget Headshotter
003228938468759437440_1839268385.dem,P05574,0,Utility Support
003228938468759437440_1839268385.dem,P06167,1,Heavy-Weapon Anchor
003228938468759437440_1839268385.dem,P09218,1,Heavy-Weapon Anchor
003228938799471919216_1353981540.dem,P06192,3,Budget Headshotter
003228938799471919216_1353981540.dem,P08008,1,Heavy-Weapon Anchor
003228938799471919216_1353981540.dem,P08673,0,Utility Support
003228938799471919216_1353981540.dem,P02157,2,Star Fragger
003228938799471919216_1353981540.dem,P00170,0,Utility Support
003228938799471919216_1353981540.dem,P09200,3,Budget Headshotter
003228938799471919216_1353981540.dem,P09240,0,Utility Support
003228938799471919216_1353981540.dem,P01147,1,Heavy-Weapon Anchor
003228938799471919216_1353981540.dem,P01207,3,Budget Headshotter
003228938799471919216_1353981540.dem,P07661,2,Star Fragger
003228941638445302100_0857510256.dem,P07263,2,Star Fragger
003228941638445302100_0857510256.dem,P07020,0,Utility Support
003228941638445302100_0857510256.dem,P05629,0,Utility Support
003228941638445302100_0857510256.dem,P10146,2,Star Fragger
003228941638445302100_0857510256.dem,P10177,3,Budget Headshotter
003228941638445302100_0857510256.dem,P06981,0,Utility Support
003228941638445302100_0857510256.dem,P03613,0,Utility Support
003228941638445302100_0857510256.dem,P07532,0,Utility Support
003228941638445302100_0857510256.dem,P04265,3,Budget Headshotter
003228941638445302100_0857510256.dem,P03295,3,Budget Headshotter
003228946970647199916_2091118936.dem,P10040,1,Heavy-Weapon Anchor
003228946970647199916_2091118936.dem,P09525,1,Heavy-Weapon Anchor
003228946970647199916_2091118936.dem,P02643,2,Star Fragger
003228946970647199916_2091118936.dem,P04824,1,Heavy-Weapon Anchor
003228946970647199916_2091118936.dem,P03414,2,Star Fragger
003228946970647199916_2091118936.dem,P00793,3,Budget Headshotter
003228946970647199916_2091118936.dem,P05246,1,Heavy-Weapon Anchor
003228946970647199916_2091118936.dem,P06969,3,Budget Headshotter
003228946970647199916_2091118936.dem,P01140,1,Heavy-Weapon Anchor
003228946970647199916_2091118936.dem,P02285,1,Heavy-Weapon Anchor
003228951995758936443_1712218417.dem,P07584,1,Heavy-Weapon Anchor
003228951995758936443_1712218417.dem,P02274,0,Utility Support
003228951995758936443_1712218417.dem,P02626,1,Heavy-Weapon Anchor
003228951995758936443_1712218417.dem,P08160,2,Star Fragger
003228951995758936443_1712218417.dem,P02322,3,Budget Headshotter
003228951995758936443_1712218417.dem,P05648,1,Heavy-Weapon Anchor
003228951995758936443_1712218417.dem,P10691,3,Budget Headshotter
003228951995758936443_1712218417.dem,P06126,1,Heavy-Weapon Anchor
003228951995758936443_1712218417.dem,P04615,0,Utility Support
003228951995758936443_1712218417.dem,P07196,0,Utility Support
003228952738788278683_0379199320.dem,P04824,2,Star Fragger
003228952738788278683_0379199320.dem,P04196,3,Budget Headshotter
003228952738788278683_0379199320.dem,P03414,1,Heavy-Weapon Anchor
003228952738788278683_0379199320.dem,P10820,1,Heavy-Weapon Anchor
003228952738788278683_0379199320.dem,P09849,3,Budget Headshotter
003228952738788278683_0379199320.dem,P08230,3,Budget Headshotter
003228952738788278683_0379199320.dem,P00361,1,Heavy-Weapon Anchor
003228952738788278683_0379199320.dem,P04262,3,Budget Headshotter
003228952738788278683_0379199320.dem,P07568,2,Star Fragger
003228952738788278683_0379199320.dem,P10004,3,Budget Headshotter
003228954132505166241_1511969338.dem,P06110,1,Heavy-Weapon Anchor
003228954132505166241_1511969338.dem,P04160,0,Utility Support
003228954132505166241_1511969338.dem,P09707,0,Utility Support
003228954132505166241_1511969338.dem,P07063,2,Star Fragger
003228954132505166241_1511969338.dem,P08056,1,Heavy-Weapon Anchor
003228954132505166241_1511969338.dem,P06925,0,Utility Support
003228954132505166241_1511969338.dem,P10740,0,Utility Support
003228954132505166241_1511969338.dem,P03664,1,Heavy-Weapon Anchor
003228954132505166241_1511969338.dem,P08366,1,Heavy-Weapon Anchor
003228954132505166241_1511969338.dem,P05926,1,Heavy-Weapon Anchor
003228954136800133472_0020978085.dem,P09516,2,Star Fragger
003228954136800133472_0020978085.dem,P08258,1,Heavy-Weapon Anchor
003228954136800133472_0020978085.dem,P05976,0,Utility Support
003228954136800133472_0020978085.dem,P07356,1,Heavy-Weapon Anchor
003228954136800133472_0020978085.dem,P01877,2,Star Fragger
003228954136800133472_0020978085.dem,P02225,1,Heavy-Weapon Anchor
003228954136800133472_0020978085.dem,P01724,0,Utility Support
003228954136800133472_0020978085.dem,P00441,1,Heavy-Weapon Anchor
003228954136800133472_0020978085.dem,P01828,3,Budget Headshotter
003228954136800133472_0020978085.dem,P02606,1,Heavy-Weapon Anchor
003228955393078067599_1165003778.dem,P03106,0,Utility Support
003228955393078067599_1165003778.dem,P06909,2,Star Fragger
003228955393078067599_1165003778.dem,P09792,0,Utility Support
003228955393078067599_1165003778.dem,P00076,3,Budget Headshotter
003228955393078067599_1165003778.dem,P01246,3,Budget Headshotter
003228955393078067599_1165003778.dem,P02937,0,Utility Support
003228955393078067599_1165003778.dem,P04495,3,Budget Headshotter
003228955393078067599_1165003778.dem,P06504,1,Heavy-Weapon Anchor
003228955393078067599_1165003778.dem,P05544,0,Utility Support
003228955393078067599_1165003778.dem,P00987,3,Budget Headshotter
003228956243481592108_0568183242.dem,P00630,3,Budget Headshotter
003228956243481592108_0568183242.dem,P01003,1,Heavy-Weapon Anchor
003228956243481592108_0568183242.dem,P02480,2,Star Fragger
003228956243481592108_0568183242.dem,P06153,0,Utility Support
003228956243481592108_0568183242.dem,P07156,1,Heavy-Weapon Anchor
003228956243481592108_0568183242.dem,P06387,1,Heavy-Weapon Anchor
003228956243481592108_0568183242.dem,P10871,1,Heavy-Weapon Anchor
003228956243481592108_0568183242.dem,P05318,1,Heavy-Weapon Anchor
003228956243481592108_0568183242.dem,P07317,1,Heavy-Weapon Anchor
003228956243481592108_0568183242.dem,P06816,3,Budget Headshotter
003228956408837832844_1751552736.dem,P07127,0,Utility Support
003228956408837832844_1751552736.dem,P09064,1,Heavy-Weapon Anchor
003228956408837832844_1751552736.dem,P01142,1,Heavy-Weapon Anchor
003228956408837832844_1751552736.dem,P03465,0,Utility Support
003228956408837832844_1751552736.dem,P01954,2,Star Fragger
003228956408837832844_1751552736.dem,P04619,1,Heavy-Weapon Anchor
003228956408837832844_1751552736.dem,P06644,0,Utility Support
003228956408837832844_1751552736.dem,P10731,2,Star Fragger
003228956408837832844_1751552736.dem,P04105,3,Budget Headshotter
003228956408837832844_1751552736.dem,P06838,3,Budget Headshotter
003228956692305674541_1200070563.dem,P09436,0,Utility Support
003228956692305674541_1200070563.dem,P05187,0,Utility Support
003228956692305674541_1200070563.dem,P07344,3,Budget Headshotter
003228956692305674541_1200070563.dem,P07786,2,Star Fragger
003228956692305674541_1200070563.dem,P07177,0,Utility Support
003228956692305674541_1200070563.dem,P03318,3,Budget Headshotter
003228956692305674541_1200070563.dem,P07022,3,Budget Headshotter
003228956692305674541_1200070563.dem,P09239,0,Utility Support
003228956692305674541_1200070563.dem,P09589,1,Heavy-Weapon Anchor
003228956692305674541_1200070563.dem,P06120,1,Heavy-Weapon Anchor
003228957598543773760_1496143362.dem,P06294,2,Star Fragger
003228957598543773760_1496143362.dem,P01516,1,Heavy-Weapon Anchor
003228957598543773760_1496143362.dem,P06856,0,Utility Support
003228957598543773760_1496143362.dem,P07256,0,Utility Support
003228957598543773760_1496143362.dem,P06715,3,Budget Headshotter
003228957598543773760_1496143362.dem,P03908,3,Budget Headshotter
003228957598543773760_1496143362.dem,P06540,0,Utility Support
003228957598543773760_1496143362.dem,P00874,0,Utility Support
003228957598543773760_1496143362.dem,P03214,0,Utility Support
003228957598543773760_1496143362.dem,P07678,0,Utility Support
003228961775399469139_1165947431.dem,P03106,0,Utility Support
003228961775399469139_1165947431.dem,P06909,0,Utility Support
003228961775399469139_1165947431.dem,P09792,0,Utility Support
003228961775399469139_1165947431.dem,P01246,0,Utility Support
003228961775399469139_1165947431.dem,P04839,0,Utility Support
003228961775399469139_1165947431.dem,P06698,3,Budget Headshotter
003228961775399469139_1165947431.dem,P02937,0,Utility Support
003228961775399469139_1165947431.dem,P09727,1,Heavy-Weapon Anchor
003228961775399469139_1165947431.dem,P00767,1,Heavy-Weapon Anchor
003228961775399469139_1165947431.dem,P10235,1,Heavy-Weapon Anchor
003228962271468191815_0902814689.dem,P00225,0,Utility Support
003228962271468191815_0902814689.dem,P10009,0,Utility Support
003228962271468191815_0902814689.dem,P05608,0,Utility Support
003228962271468191815_0902814689.dem,P09226,0,Utility Support
003228962271468191815_0902814689.dem,P03591,0,Utility Support
003228962271468191815_0902814689.dem,P02190,3,Budget Headshotter
003228962271468191815_0902814689.dem,P03808,3,Budget Headshotter
003228962271468191815_0902814689.dem,P01037,2,Star Fragger
003228962271468191815_0902814689.dem,P04504,3,Budget Headshotter
003228962271468191815_0902814689.dem,P04952,0,Utility Support
003228962554936033410_1558038117.dem,P01814,3,Budget Headshotter
003228962554936033410_1558038117.dem,P09516,2,Star Fragger
003228962554936033410_1558038117.dem,P04916,0,Utility Support
003228962554936033410_1558038117.dem,P06146,0,Utility Support
003228962554936033410_1558038117.dem,P07356,2,Star Fragger
003228962554936033410_1558038117.dem,P01877,1,Heavy-Weapon Anchor
003228962554936033410_1558038117.dem,P07703,1,Heavy-Weapon Anchor
003228962554936033410_1558038117.dem,P01212,1,Heavy-Weapon Anchor
003228962554936033410_1558038117.dem,P00441,1,Heavy-Weapon Anchor
003228962554936033410_1558038117.dem,P05626,1,Heavy-Weapon Anchor
003228962647277830294_1533883507.dem,P03108,3,Budget Headshotter
003228962647277830294_1533883507.dem,P04170,2,Star Fragger
003228962647277830294_1533883507.dem,P10141,3,Budget Headshotter
003228962647277830294_1533883507.dem,P05929,1,Heavy-Weapon Anchor
003228962647277830294_1533883507.dem,P01894,2,Star Fragger
003228962647277830294_1533883507.dem,P07735,2,Star Fragger
003228962647277830294_1533883507.dem,P04869,1,Heavy-Weapon Anchor
003228962647277830294_1533883507.dem,P05983,1,Heavy-Weapon Anchor
003228962647277830294_1533883507.dem,P01181,1,Heavy-Weapon Anchor
003228962647277830294_1533883507.dem,P00209,1,Heavy-Weapon Anchor
003228963257163186337_0992663535.dem,P06742,0,Utility Support
003228963257163186337_0992663535.dem,P07344,0,Utility Support
003228963257163186337_0992663535.dem,P02407,2,Star Fragger
003228963257163186337_0992663535.dem,P09544,0,Utility Support
003228963257163186337_0992663535.dem,P03036,1,Heavy-Weapon Anchor
003228963257163186337_0992663535.dem,P06761,3,Budget Headshotter
003228963257163186337_0992663535.dem,P01291,3,Budget Headshotter
003228963257163186337_0992663535.dem,P07599,2,Star Fragger
003228963257163186337_0992663535.dem,P06542,1,Heavy-Weapon Anchor
003228963257163186337_0992663535.dem,P03529,0,Utility Support
003228963989455110208_0268916296.dem,P05159,1,Heavy-Weapon Anchor
003228963989455110208_0268916296.dem,P05329,1,Heavy-Weapon Anchor
003228963989455110208_0268916296.dem,P05815,3,Budget Headshotter
003228963989455110208_0268916296.dem,P03053,2,Star Fragger
003228963989455110208_0268916296.dem,P08535,1,Heavy-Weapon Anchor
003228963989455110208_0268916296.dem,P08938,0,Utility Support
003228963989455110208_0268916296.dem,P01496,3,Budget Headshotter
003228963989455110208_0268916296.dem,P05082,0,Utility Support
003228963989455110208_0268916296.dem,P06696,1,Heavy-Weapon Anchor
003228963989455110208_0268916296.dem,P07330,3,Budget Headshotter
003228967034586923153_1266276750.dem,P00327,1,Heavy-Weapon Anchor
003228967034586923153_1266276750.dem,P04415,0,Utility Support
003228967034586923153_1266276750.dem,P06180,3,Budget Headshotter
003228967034586923153_1266276750.dem,P07946,0,Utility Support
003228967034586923153_1266276750.dem,P08820,3,Budget Headshotter
003228967034586923153_1266276750.dem,P00016,1,Heavy-Weapon Anchor
003228967034586923153_1266276750.dem,P08544,2,Star Fragger
003228967034586923153_1266276750.dem,P07221,0,Utility Support
003228967034586923153_1266276750.dem,P10472,1,Heavy-Weapon Anchor
003228967034586923153_1266276750.dem,P00794,0,Utility Support
003228967554277965896_1628783941.dem,P03106,0,Utility Support
003228967554277965896_1628783941.dem,P06909,0,Utility Support
003228967554277965896_1628783941.dem,P04872,1,Heavy-Weapon Anchor
003228967554277965896_1628783941.dem,P09792,2,Star Fragger
003228967554277965896_1628783941.dem,P09475,3,Budget Headshotter
003228967554277965896_1628783941.dem,P08068,1,Heavy-Weapon Anchor
003228967554277965896_1628783941.dem,P01246,0,Utility Support
003228967554277965896_1628783941.dem,P02937,2,Star Fragger
003228967554277965896_1628783941.dem,P01647,3,Budget Headshotter
003228967554277965896_1628783941.dem,P01362,3,Budget Headshotter
003228969523520471127_1324315818.dem,P02808,1,Heavy-Weapon Anchor
003228969523520471127_1324315818.dem,P01067,2,Star Fragger
003228969523520471127_1324315818.dem,P00238,0,Utility Support
003228969523520471127_1324315818.dem,P03519,1,Heavy-Weapon Anchor
003228969523520471127_1324315818.dem,P00260,2,Star Fragger
003228969523520471127_1324315818.dem,P02862,0,Utility Support
003228969523520471127_1324315818.dem,P08401,3,Budget Headshotter
003228969523520471127_1324315818.dem,P03362,1,Heavy-Weapon Anchor
003228969523520471127_1324315818.dem,P08231,0,Utility Support
003228969523520471127_1324315818.dem,P10235,1,Heavy-Weapon Anchor
003228972630929309900_0641488811.dem,P03106,0,Utility Support
003228972630929309900_0641488811.dem,P06909,2,Star Fragger
003228972630929309900_0641488811.dem,P09792,2,Star Fragger
003228972630929309900_0641488811.dem,P01246,2,Star Fragger
003228972630929309900_0641488811.dem,P06740,3,Budget Headshotter
003228972630929309900_0641488811.dem,P09830,1,Heavy-Weapon Anchor
003228972630929309900_0641488811.dem,P02937,2,Star Fragger
003228972630929309900_0641488811.dem,P07504,3,Budget Headshotter
003228972630929309900_0641488811.dem,P01967,3,Budget Headshotter
003228973045393653839_0931145545.dem,P00678,3,Budget Headshotter
003228973045393653839_0931145545.dem,P09738,3,Budget Headshotter
003228973045393653839_0931145545.dem,P03550,2,Star Fragger
003228973045393653839_0931145545.dem,P06515,2,Star Fragger
003228973045393653839_0931145545.dem,P06457,3,Budget Headshotter
003228973045393653839_0931145545.dem,P05198,1,Heavy-Weapon Anchor
003228973045393653839_0931145545.dem,P06705,1,Heavy-Weapon Anchor
003228973045393653839_0931145545.dem,P01664,1,Heavy-Weapon Anchor
003228973045393653839_0931145545.dem,P05481,1,Heavy-Weapon Anchor
003228973045393653839_0931145545.dem,P06358,1,Heavy-Weapon Anchor
003228975313136386313_1958029784.dem,P02808,3,Budget Headshotter
003228975313136386313_1958029784.dem,P01067,0,Utility Support
003228975313136386313_1958029784.dem,P00238,1,Heavy-Weapon Anchor
003228975313136386313_1958029784.dem,P09392,2,Star Fragger
003228975313136386313_1958029784.dem,P03253,0,Utility Support
003228975313136386313_1958029784.dem,P03941,3,Budget Headshotter
003228975313136386313_1958029784.dem,P09764,0,Utility Support
003228975313136386313_1958029784.dem,P01787,1,Heavy-Weapon Anchor
003228975313136386313_1958029784.dem,P01063,3,Budget Headshotter
003228975313136386313_1958029784.dem,P08231,2,Star Fragger
003228977617386340499_0885883009.dem,P02655,2,Star Fragger
003228977617386340499_0885883009.dem,P00083,0,Utility Support
003228977617386340499_0885883009.dem,P06117,3,Budget Headshotter
003228977617386340499_0885883009.dem,P00128,1,Heavy-Weapon Anchor
003228977617386340499_0885883009.dem,P06275,1,Heavy-Weapon Anchor
003228977617386340499_0885883009.dem,P01179,0,Utility Support
003228977617386340499_0885883009.dem,P08440,3,Budget Headshotter
003228977617386340499_0885883009.dem,P05200,0,Utility Support
003228977617386340499_0885883009.dem,P04105,3,Budget Headshotter
003228979511466918203_0851788765.dem,P03106,0,Utility Support
003228979511466918203_0851788765.dem,P06909,2,Star Fragger
003228979511466918203_0851788765.dem,P09792,0,Utility Support
003228979511466918203_0851788765.dem,P01246,3,Budget Headshotter
003228979511466918203_0851788765.dem,P08515,0,Utility Support
003228979511466918203_0851788765.dem,P00970,1,Heavy-Weapon Anchor
003228979511466918203_0851788765.dem,P09138,0,Utility Support
003228979511466918203_0851788765.dem,P02937,0,Utility Support
003228979511466918203_0851788765.dem,P04274,0,Utility Support
003228979511466918203_0851788765.dem,P06009,3,Budget Headshotter
003228980821431943175_2076892815.dem,P00588,0,Utility Support
003228980821431943175_2076892815.dem,P10295,1,Heavy-Weapon Anchor
003228980821431943175_2076892815.dem,P08856,3,Budget Headshotter
003228980821431943175_2076892815.dem,P09008,1,Heavy-Weapon Anchor
003228980821431943175_2076892815.dem,P01655,1,Heavy-Weapon Anchor
003228980821431943175_2076892815.dem,P08233,3,Budget Headshotter
003228980821431943175_2076892815.dem,P09964,2,Star Fragger
003228980821431943175_2076892815.dem,P10024,3,Budget Headshotter
003228980821431943175_2076892815.dem,P03888,0,Utility Support
003228980821431943175_2076892815.dem,P10195,0,Utility Support
003228981218716418246_1442609727.dem,P02092,0,Utility Support
003228981218716418246_1442609727.dem,P06675,2,Star Fragger
003228981218716418246_1442609727.dem,P08149,3,Budget Headshotter
003228981218716418246_1442609727.dem,P06204,2,Star Fragger
003228981218716418246_1442609727.dem,P06340,3,Budget Headshotter
003228981218716418246_1442609727.dem,P03627,1,Heavy-Weapon Anchor
003228981218716418246_1442609727.dem,P05861,1,Heavy-Weapon Anchor
003228981218716418246_1442609727.dem,P09966,3,Budget Headshotter
003228981218716418246_1442609727.dem,P02751,1,Heavy-Weapon Anchor
003228981218716418246_1442609727.dem,P03656,1,Heavy-Weapon Anchor
003228985206593552454_1649111154.dem,P06675,0,Utility Support
003228985206593552454_1649111154.dem,P04208,3,Budget Headshotter
003228985206593552454_1649111154.dem,P09182,3,Budget Headshotter
003228985206593552454_1649111154.dem,P07367,3,Budget Headshotter
003228985206593552454_1649111154.dem,P10161,3,Budget Headshotter
003228985206593552454_1649111154.dem,P05635,3,Budget Headshotter
003228985206593552454_1649111154.dem,P09902,2,Star Fragger
003228985206593552454_1649111154.dem,P05303,0,Utility Support
003228985206593552454_1649111154.dem,P03351,2,Star Fragger
003228985206593552454_1649111154.dem,P10862,2,Star Fragger
003228985459996623010_1045902552.dem,P09747,1,Heavy-Weapon Anchor
003228985459996623010_1045902552.dem,P02440,0,Utility Support
003228985459996623010_1045902552.dem,P04685,1,Heavy-Weapon Anchor
003228985459996623010_1045902552.dem,P07128,1,Heavy-Weapon Anchor
003228985459996623010_1045902552.dem,P02746,0,Utility Support
003228985459996623010_1045902552.dem,P07914,3,Budget Headshotter
003228985459996623010_1045902552.dem,P04476,0,Utility Support
003228985459996623010_1045902552.dem,P00376,0,Utility Support
003228985459996623010_1045902552.dem,P10899,1,Heavy-Weapon Anchor
003228985459996623010_1045902552.dem,P04450,2,Star Fragger
003228986314695114949_1654580420.dem,P01826,1,Heavy-Weapon Anchor
003228986314695114949_1654580420.dem,P09964,2,Star Fragger
003228986314695114949_1654580420.dem,P10024,2,Star Fragger
003228986314695114949_1654580420.dem,P02350,1,Heavy-Weapon Anchor
003228986314695114949_1654580420.dem,P03888,2,Star Fragger
003228986314695114949_1654580420.dem,P01282,3,Budget Headshotter
003228986314695114949_1654580420.dem,P03206,1,Heavy-Weapon Anchor
003228986314695114949_1654580420.dem,P04542,1,Heavy-Weapon Anchor
003228986314695114949_1654580420.dem,P09156,3,Budget Headshotter
003228986677619851468_1163338204.dem,P07129,3,Budget Headshotter
003228986677619851468_1163338204.dem,P08186,1,Heavy-Weapon Anchor
003228986677619851468_1163338204.dem,P00799,0,Utility Support
003228986677619851468_1163338204.dem,P03471,1,Heavy-Weapon Anchor
003228986677619851468_1163338204.dem,P07387,2,Star Fragger
003228986677619851468_1163338204.dem,P00537,0,Utility Support
003228986677619851468_1163338204.dem,P09908,0,Utility Support
003228986677619851468_1163338204.dem,P00127,3,Budget Headshotter
003228986677619851468_1163338204.dem,P03897,0,Utility Support
003228986677619851468_1163338204.dem,P06109,0,Utility Support
003228989001197158466_1527084482.dem,P09928,3,Budget Headshotter
003228989001197158466_1527084482.dem,P08534,1,Heavy-Weapon Anchor
003228989001197158466_1527084482.dem,P06055,1,Heavy-Weapon Anchor
003228989001197158466_1527084482.dem,P02029,2,Star Fragger
003228989001197158466_1527084482.dem,P02981,0,Utility Support
003228989001197158466_1527084482.dem,P01583,2,Star Fragger
003228989001197158466_1527084482.dem,P08943,0,Utility Support
003228989001197158466_1527084482.dem,P09585,1,Heavy-Weapon Anchor
003228989001197158466_1527084482.dem,P07160,3,Budget Headshotter
003228989001197158466_1527084482.dem,P02399,3,Budget Headshotter
003228991210957832368_0022655746.dem,P02174,1,Heavy-Weapon Anchor
003228991210957832368_0022655746.dem,P04686,0,Utility Support
003228991210957832368_0022655746.dem,P02440,2,Star Fragger
003228991210957832368_0022655746.dem,P04476,2,Star Fragger
003228991210957832368_0022655746.dem,P00962,2,Star Fragger
003228991210957832368_0022655746.dem,P00819,3,Budget Headshotter
003228991210957832368_0022655746.dem,P10527,3,Budget Headshotter
003228991210957832368_0022655746.dem,P07107,3,Budget Headshotter
003228991210957832368_0022655746.dem,P06793,0,Utility Support
003228991210957832368_0022655746.dem,P09933,1,Heavy-Weapon Anchor
003228992954714554535_0698655660.dem,P03070,0,Utility Support
003228992954714554535_0698655660.dem,P09577,2,Star Fragger
003228992954714554535_0698655660.dem,P09490,2,Star Fragger
003228992954714554535_0698655660.dem,P00959,1,Heavy-Weapon Anchor
003228992954714554535_0698655660.dem,P05682,3,Budget Headshotter
003228992954714554535_0698655660.dem,P06581,0,Utility Support
003228992954714554535_0698655660.dem,P09916,1,Heavy-Weapon Anchor
003228992954714554535_0698655660.dem,P09623,3,Budget Headshotter
003228992954714554535_0698655660.dem,P04008,1,Heavy-Weapon Anchor
003228992954714554535_0698655660.dem,P10878,2,Star Fragger
003228993882427490549_1829349213.dem,P09928,0,Utility Support
003228993882427490549_1829349213.dem,P00103,3,Budget Headshotter
003228993882427490549_1829349213.dem,P09119,3,Budget Headshotter
003228993882427490549_1829349213.dem,P02715,3,Budget Headshotter
003228993882427490549_1829349213.dem,P06055,1,Heavy-Weapon Anchor
003228993882427490549_1829349213.dem,P02029,0,Utility Support
003228993882427490549_1829349213.dem,P05330,1,Heavy-Weapon Anchor
003228993882427490549_1829349213.dem,P05847,2,Star Fragger
003228993882427490549_1829349213.dem,P02868,2,Star Fragger
003228993882427490549_1829349213.dem,P03117,2,Star Fragger
003229008251240579086_0203897869.dem,P05210,2,Star Fragger
003229008251240579086_0203897869.dem,P04124,0,Utility Support
003229008251240579086_0203897869.dem,P05235,1,Heavy-Weapon Anchor
003229008251240579086_0203897869.dem,P05396,1,Heavy-Weapon Anchor
003229008251240579086_0203897869.dem,P04005,1,Heavy-Weapon Anchor
003229008251240579086_0203897869.dem,P07918,2,Star Fragger
003229008251240579086_0203897869.dem,P06734,1,Heavy-Weapon Anchor
003229008251240579086_0203897869.dem,P06342,3,Budget Headshotter
003229008251240579086_0203897869.dem,P04175,1,Heavy-Weapon Anchor
003229008251240579086_0203897869.dem,P03747,1,Heavy-Weapon Anchor
003229033930850041971_1793770890.dem,P04932,2,Star Fragger
003229033930850041971_1793770890.dem,P08641,1,Heavy-Weapon Anchor
003229033930850041971_1793770890.dem,P08052,3,Budget Headshotter
003229033930850041971_1793770890.dem,P04366,2,Star Fragger
003229033930850041971_1793770890.dem,P06600,0,Utility Support
003229033930850041971_1793770890.dem,P10508,3,Budget Headshotter
003229033930850041971_1793770890.dem,P06968,2,Star Fragger
003229033930850041971_1793770890.dem,P06962,1,Heavy-Weapon Anchor
003229033930850041971_1793770890.dem,P02903,1,Heavy-Weapon Anchor
003229033930850041971_1793770890.dem,P10091,0,Utility Support
003229048793584369755_2069990217.dem,P00990,3,Budget Headshotter
003229048793584369755_2069990217.dem,P08412,0,Utility Support
003229048793584369755_2069990217.dem,P02793,0,Utility Support
003229048793584369755_2069990217.dem,P02840,3,Budget Headshotter
003229048793584369755_2069990217.dem,P09510,2,Star Fragger
003229048793584369755_2069990217.dem,P08958,2,Star Fragger
003229048793584369755_2069990217.dem,P02134,3,Budget Headshotter
003229048793584369755_2069990217.dem,P08133,2,Star Fragger
003229048793584369755_2069990217.dem,P10782,3,Budget Headshotter
003229048793584369755_2069990217.dem,P04572,1,Heavy-Weapon Anchor
003229058467998203929_1290950778.dem,P03258,1,Heavy-Weapon Anchor
003229058467998203929_1290950778.dem,P07619,3,Budget Headshotter
003229058467998203929_1290950778.dem,P08868,2,Star Fragger
003229058467998203929_1290950778.dem,P09370,1,Heavy-Weapon Anchor
003229058467998203929_1290950778.dem,P00359,2,Star Fragger
003229058467998203929_1290950778.dem,P07283,2,Star Fragger
003229058467998203929_1290950778.dem,P07238,1,Heavy-Weapon Anchor
003229058467998203929_1290950778.dem,P07957,1,Heavy-Weapon Anchor
003229058467998203929_1290950778.dem,P00422,1,Heavy-Weapon Anchor
003229058467998203929_1290950778.dem,P10522,3,Budget Headshotter
003229059520265191594_0967001979.dem,P05694,2,Star Fragger
003229059520265191594_0967001979.dem,P02731,1,Heavy-Weapon Anchor
003229059520265191594_0967001979.dem,P10386,2,Star Fragger
003229059520265191594_0967001979.dem,P04668,3,Budget Headshotter
003229059520265191594_0967001979.dem,P05124,3,Budget Headshotter
003229059520265191594_0967001979.dem,P04147,3,Budget Headshotter
003229059520265191594_0967001979.dem,P00049,3,Budget Headshotter
003229059520265191594_0967001979.dem,P06229,1,Heavy-Weapon Anchor
003229059520265191594_0967001979.dem,P10767,2,Star Fragger
003229059520265191594_0967001979.dem,P01543,0,Utility Support
003229066613403680897_0205146812.dem,P04021,0,Utility Support
003229066613403680897_0205146812.dem,P00789,0,Utility Support
003229066613403680897_0205146812.dem,P06684,2,Star Fragger
003229066613403680897_0205146812.dem,P00586,0,Utility Support
003229066613403680897_0205146812.dem,P10179,2,Star Fragger
003229066613403680897_0205146812.dem,P01915,0,Utility Support
003229066613403680897_0205146812.dem,P10420,3,Budget Headshotter
003229066613403680897_0205146812.dem,P02204,1,Heavy-Weapon Anchor
003229066613403680897_0205146812.dem,P05950,3,Budget Headshotter
003229066613403680897_0205146812.dem,P03493,1,Heavy-Weapon Anchor
003229074891953143867_0135227254.dem,P01014,1,Heavy-Weapon Anchor
003229074891953143867_0135227254.dem,P04403,1,Heavy-Weapon Anchor
003229074891953143867_0135227254.dem,P07116,0,Utility Support
003229074891953143867_0135227254.dem,P06628,1,Heavy-Weapon Anchor
003229074891953143867_0135227254.dem,P02976,1,Heavy-Weapon Anchor
003229074891953143867_0135227254.dem,P01247,1,Heavy-Weapon Anchor
003229074891953143867_0135227254.dem,P07600,1,Heavy-Weapon Anchor
003229074891953143867_0135227254.dem,P09331,0,Utility Support
003229074891953143867_0135227254.dem,P07398,3,Budget Headshotter
003229074891953143867_0135227254.dem,P04738,2,Star Fragger
003229078486840770670_1570854734.dem,P01912,1,Heavy-Weapon Anchor
003229078486840770670_1570854734.dem,P08523,3,Budget Headshotter
003229078486840770670_1570854734.dem,P05343,0,Utility Support
003229078486840770670_1570854734.dem,P05258,3,Budget Headshotter
003229078486840770670_1570854734.dem,P00135,3,Budget Headshotter
003229078486840770670_1570854734.dem,P00243,2,Star Fragger
003229078486840770670_1570854734.dem,P06237,0,Utility Support
003229078486840770670_1570854734.dem,P02706,0,Utility Support
003229078486840770670_1570854734.dem,P08664,2,Star Fragger
003229078486840770670_1570854734.dem,P08298,2,Star Fragger
003229082015156404327_2134633337.dem,P03728,0,Utility Support
003229082015156404327_2134633337.dem,P05213,0,Utility Support
003229082015156404327_2134633337.dem,P09175,0,Utility Support
003229082015156404327_2134633337.dem,P02922,2,Star Fragger
003229082015156404327_2134633337.dem,P01507,3,Budget Headshotter
003229082015156404327_2134633337.dem,P09954,0,Utility Support
003229082015156404327_2134633337.dem,P10711,3,Budget Headshotter
003229082015156404327_2134633337.dem,P05455,3,Budget Headshotter
003229082015156404327_2134633337.dem,P09327,2,Star Fragger
003229082015156404327_2134633337.dem,P07471,0,Utility Support
003229088015225716893_0523492754.dem,P09906,0,Utility Support
003229088015225716893_0523492754.dem,P09124,2,Star Fragger
003229088015225716893_0523492754.dem,P01299,2,Star Fragger
003229088015225716893_0523492754.dem,P04974,2,Star Fragger
003229088015225716893_0523492754.dem,P01643,3,Budget Headshotter
003229088015225716893_0523492754.dem,P05797,0,Utility Support
003229088015225716893_0523492754.dem,P07531,1,Heavy-Weapon Anchor
003229088015225716893_0523492754.dem,P01341,1,Heavy-Weapon Anchor
003229088015225716893_0523492754.dem,P03396,0,Utility Support
003229088015225716893_0523492754.dem,P04011,1,Heavy-Weapon Anchor
003229092694592585798_1090331262.dem,P02265,2,Star Fragger
003229092694592585798_1090331262.dem,P10732,1,Heavy-Weapon Anchor
003229092694592585798_1090331262.dem,P07736,1,Heavy-Weapon Anchor
003229092694592585798_1090331262.dem,P06051,2,Star Fragger
003229092694592585798_1090331262.dem,P08437,0,Utility Support
003229092694592585798_1090331262.dem,P03092,1,Heavy-Weapon Anchor
003229092694592585798_1090331262.dem,P09776,1,Heavy-Weapon Anchor
003229092694592585798_1090331262.dem,P02405,3,Budget Headshotter
003229092694592585798_1090331262.dem,P08721,1,Heavy-Weapon Anchor
003229092694592585798_1090331262.dem,P10337,3,Budget Headshotter
003229098653859709124_1362854458.dem,P04244,2,Star Fragger
003229098653859709124_1362854458.dem,P07789,2,Star Fragger
003229098653859709124_1362854458.dem,P08924,2,Star Fragger
003229098653859709124_1362854458.dem,P07207,2,Star Fragger
003229098653859709124_1362854458.dem,P02507,3,Budget Headshotter
003229098653859709124_1362854458.dem,P10619,3,Budget Headshotter
003229098653859709124_1362854458.dem,P05302,3,Budget Headshotter
003229098653859709124_1362854458.dem,P10276,3,Budget Headshotter
003229098653859709124_1362854458.dem,P06912,3,Budget Headshotter
003229098759086408063_0525182819.dem,P05610,3,Budget Headshotter
003229098759086408063_0525182819.dem,P07106,3,Budget Headshotter
003229098759086408063_0525182819.dem,P01397,1,Heavy-Weapon Anchor
003229098759086408063_0525182819.dem,P03310,0,Utility Support
003229098759086408063_0525182819.dem,P01073,0,Utility Support
003229098759086408063_0525182819.dem,P04454,2,Star Fragger
003229098759086408063_0525182819.dem,P02986,3,Budget Headshotter
003229098759086408063_0525182819.dem,P06507,3,Budget Headshotter
003229098759086408063_0525182819.dem,P00712,2,Star Fragger
003229098759086408063_0525182819.dem,P00341,1,Heavy-Weapon Anchor
003229100870062833918_0571843820.dem,P02454,3,Budget Headshotter
003229100870062833918_0571843820.dem,P09755,1,Heavy-Weapon Anchor
003229100870062833918_0571843820.dem,P09776,1,Heavy-Weapon Anchor
003229100870062833918_0571843820.dem,P10039,3,Budget Headshotter
003229100870062833918_0571843820.dem,P06190,3,Budget Headshotter
003229100870062833918_0571843820.dem,P10742,1,Heavy-Weapon Anchor
003229100870062833918_0571843820.dem,P02518,2,Star Fragger
003229100870062833918_0571843820.dem,P08672,3,Budget Headshotter
003229100870062833918_0571843820.dem,P01799,2,Star Fragger
003229100870062833918_0571843820.dem,P09322,1,Heavy-Weapon Anchor
003229107196549661071_0592146525.dem,P05631,3,Budget Headshotter
003229107196549661071_0592146525.dem,P01314,1,Heavy-Weapon Anchor
003229107196549661071_0592146525.dem,P00683,3,Budget Headshotter
003229107196549661071_0592146525.dem,P09776,3,Budget Headshotter
003229107196549661071_0592146525.dem,P02532,2,Star Fragger
003229107196549661071_0592146525.dem,P02714,3,Budget Headshotter
003229107196549661071_0592146525.dem,P03072,0,Utility Support
003229107196549661071_0592146525.dem,P07522,0,Utility Support
003229107196549661071_0592146525.dem,P01942,2,Star Fragger
003229107196549661071_0592146525.dem,P04126,0,Utility Support
003229110164372062465_1604075286.dem,P03109,1,Heavy-Weapon Anchor
003229110164372062465_1604075286.dem,P10469,1,Heavy-Weapon Anchor
003229110164372062465_1604075286.dem,P04794,3,Budget Headshotter
003229110164372062465_1604075286.dem,P03749,0,Utility Support
003229110164372062465_1604075286.dem,P09517,0,Utility Support
003229110164372062465_1604075286.dem,P00342,3,Budget Headshotter
003229110164372062465_1604075286.dem,P04810,1,Heavy-Weapon Anchor
003229110164372062465_1604075286.dem,P07572,0,Utility Support
003229110164372062465_1604075286.dem,P00562,1,Heavy-Weapon Anchor
003229110164372062465_1604075286.dem,P06066,3,Budget Headshotter
003229110748487614539_1881961142.dem,P10633,2,Star Fragger
003229110748487614539_1881961142.dem,P03687,2,Star Fragger
003229110748487614539_1881961142.dem,P05829,3,Budget Headshotter
003229110748487614539_1881961142.dem,P06466,3,Budget Headshotter
003229110748487614539_1881961142.dem,P08977,0,Utility Support
003229110748487614539_1881961142.dem,P00809,3,Budget Headshotter
003229110748487614539_1881961142.dem,P06938,1,Heavy-Weapon Anchor
003229110748487614539_1881961142.dem,P03531,0,Utility Support
003229110877336633587_0126832021.dem,P01483,1,Heavy-Weapon Anchor
003229110877336633587_0126832021.dem,P06153,0,Utility Support
003229110877336633587_0126832021.dem,P00275,3,Budget Headshotter
003229110877336633587_0126832021.dem,P05280,3,Budget Headshotter
003229110877336633587_0126832021.dem,P09834,2,Star Fragger
003229110877336633587_0126832021.dem,P05195,3,Budget Headshotter
003229110877336633587_0126832021.dem,P07931,1,Heavy-Weapon Anchor
003229110877336633587_0126832021.dem,P01443,1,Heavy-Weapon Anchor
003229110877336633587_0126832021.dem,P10618,1,Heavy-Weapon Anchor
003229110877336633587_0126832021.dem,P10783,0,Utility Support
003229113952533217416_1707672214.dem,P05575,0,Utility Support
003229113952533217416_1707672214.dem,P04515,2,Star Fragger
003229113952533217416_1707672214.dem,P07403,1,Heavy-Weapon Anchor
003229113952533217416_1707672214.dem,P04878,1,Heavy-Weapon Anchor
003229113952533217416_1707672214.dem,P02130,3,Budget Headshotter
003229113952533217416_1707672214.dem,P01439,3,Budget Headshotter
003229113952533217416_1707672214.dem,P00872,3,Budget Headshotter
003229113952533217416_1707672214.dem,P10929,3,Budget Headshotter
003229113952533217416_1707672214.dem,P01472,3,Budget Headshotter
003229113952533217416_1707672214.dem,P09542,0,Utility Support
003229122602597351783_0402003530.dem,P04009,0,Utility Support
003229122602597351783_0402003530.dem,P00999,3,Budget Headshotter
003229122602597351783_0402003530.dem,P04831,3,Budget Headshotter
003229122602597351783_0402003530.dem,P09769,3,Budget Headshotter
003229122602597351783_0402003530.dem,P08222,0,Utility Support
003229122602597351783_0402003530.dem,P06893,3,Budget Headshotter
003229122602597351783_0402003530.dem,P07621,2,Star Fragger
003229122602597351783_0402003530.dem,P09515,1,Heavy-Weapon Anchor
003229122602597351783_0402003530.dem,P05034,2,Star Fragger
003229122602597351783_0402003530.dem,P10067,0,Utility Support
003229126343513866539_0913210058.dem,P08775,1,Heavy-Weapon Anchor
003229126343513866539_0913210058.dem,P02619,2,Star Fragger
003229126343513866539_0913210058.dem,P09188,0,Utility Support
003229126343513866539_0913210058.dem,P08487,0,Utility Support
003229126343513866539_0913210058.dem,P02104,3,Budget Headshotter
003229126343513866539_0913210058.dem,P02995,2,Star Fragger
003229126343513866539_0913210058.dem,P04446,0,Utility Support
003229126343513866539_0913210058.dem,P10197,1,Heavy-Weapon Anchor
003229126343513866539_0913210058.dem,P04691,3,Budget Headshotter
003229126343513866539_0913210058.dem,P01731,3,Budget Headshotter
003229127535367291038_0988727861.dem,P02064,1,Heavy-Weapon Anchor
003229127535367291038_0988727861.dem,P08175,0,Utility Support
003229127535367291038_0988727861.dem,P08284,1,Heavy-Weapon Anchor
003229127535367291038_0988727861.dem,P09671,3,Budget Headshotter
003229127535367291038_0988727861.dem,P09057,3,Budget Headshotter
003229127535367291038_0988727861.dem,P07389,3,Budget Headshotter
003229127535367291038_0988727861.dem,P00685,0,Utility Support
003229127535367291038_0988727861.dem,P03790,1,Heavy-Weapon Anchor
003229127535367291038_0988727861.dem,P09440,2,Star Fragger
003229127535367291038_0988727861.dem,P06956,0,Utility Support
003229130627743744151_0681412796.dem,P09793,2,Star Fragger
003229130627743744151_0681412796.dem,P03367,0,Utility Support
003229130627743744151_0681412796.dem,P05804,3,Budget Headshotter
003229130627743744151_0681412796.dem,P00147,3,Budget Headshotter
003229130627743744151_0681412796.dem,P07851,3,Budget Headshotter
003229130627743744151_0681412796.dem,P08559,0,Utility Support
003229130627743744151_0681412796.dem,P09482,0,Utility Support
003229130627743744151_0681412796.dem,P03970,0,Utility Support
003229130627743744151_0681412796.dem,P00835,2,Star Fragger
003229130627743744151_0681412796.dem,P01162,0,Utility Support
003229131647798477122_1061457453.dem,P10795,3,Budget Headshotter
003229131647798477122_1061457453.dem,P03046,2,Star Fragger
003229131647798477122_1061457453.dem,P01797,3,Budget Headshotter
003229131647798477122_1061457453.dem,P03394,3,Budget Headshotter
003229131647798477122_1061457453.dem,P02785,1,Heavy-Weapon Anchor
003229131647798477122_1061457453.dem,P09021,3,Budget Headshotter
003229131647798477122_1061457453.dem,P07366,1,Heavy-Weapon Anchor
003229131647798477122_1061457453.dem,P02328,1,Heavy-Weapon Anchor
003229131647798477122_1061457453.dem,P03537,1,Heavy-Weapon Anchor
003229131647798477122_1061457453.dem,P04610,0,Utility Support
003229135895521132746_1281506752.dem,P08962,0,Utility Support
003229135895521132746_1281506752.dem,P10367,1,Heavy-Weapon Anchor
003229135895521132746_1281506752.dem,P09080,1,Heavy-Weapon Anchor
003229135895521132746_1281506752.dem,P04101,0,Utility Support
003229135895521132746_1281506752.dem,P07335,1,Heavy-Weapon Anchor
003229135895521132746_1281506752.dem,P00381,0,Utility Support
003229135895521132746_1281506752.dem,P09170,0,Utility Support
003229135895521132746_1281506752.dem,P06347,0,Utility Support
003229135895521132746_1281506752.dem,P02823,2,Star Fragger
003229135895521132746_1281506752.dem,P10274,1,Heavy-Weapon Anchor
003229138242720759922_0767242198.dem,P05100,0,Utility Support
003229138242720759922_0767242198.dem,P06595,2,Star Fragger
003229138242720759922_0767242198.dem,P08608,1,Heavy-Weapon Anchor
003229138242720759922_0767242198.dem,P06591,0,Utility Support
003229138242720759922_0767242198.dem,P06313,1,Heavy-Weapon Anchor
003229138242720759922_0767242198.dem,P10354,3,Budget Headshotter
003229138242720759922_0767242198.dem,P03248,1,Heavy-Weapon Anchor
003229138242720759922_0767242198.dem,P03483,0,Utility Support
003229138242720759922_0767242198.dem,P01288,1,Heavy-Weapon Anchor
003229138242720759922_0767242198.dem,P00622,0,Utility Support
003229145002999283763_0086893393.dem,P02038,0,Utility Support
003229145002999283763_0086893393.dem,P06910,3,Budget Headshotter
003229145002999283763_0086893393.dem,P02482,1,Heavy-Weapon Anchor
003229145002999283763_0086893393.dem,P08697,3,Budget Headshotter
003229145002999283763_0086893393.dem,P04824,0,Utility Support
003229145002999283763_0086893393.dem,P00473,1,Heavy-Weapon Anchor
003229145002999283763_0086893393.dem,P03414,2,Star Fragger
003229145002999283763_0086893393.dem,P08716,1,Heavy-Weapon Anchor
003229145002999283763_0086893393.dem,P05105,1,Heavy-Weapon Anchor
003229145002999283763_0086893393.dem,P05736,3,Budget Headshotter
003229149259311874419_1588690283.dem,P08858,1,Heavy-Weapon Anchor
003229149259311874419_1588690283.dem,P07114,3,Budget Headshotter
003229149259311874419_1588690283.dem,P04721,2,Star Fragger
003229149259311874419_1588690283.dem,P03667,2,Star Fragger
003229149259311874419_1588690283.dem,P05749,1,Heavy-Weapon Anchor
003229149259311874419_1588690283.dem,P02807,1,Heavy-Weapon Anchor
003229149259311874419_1588690283.dem,P05808,2,Star Fragger
003229149259311874419_1588690283.dem,P02935,3,Budget Headshotter
003229149259311874419_1588690283.dem,P06516,2,Star Fragger
003229149259311874419_1588690283.dem,P07626,1,Heavy-Weapon Anchor
003229153653063418012_2100556712.dem,P04642,1,Heavy-Weapon Anchor
003229153653063418012_2100556712.dem,P01811,1,Heavy-Weapon Anchor
003229153653063418012_2100556712.dem,P08969,3,Budget Headshotter
003229153653063418012_2100556712.dem,P10550,2,Star Fragger
003229153653063418012_2100556712.dem,P09378,1,Heavy-Weapon Anchor
003229153653063418012_2100556712.dem,P06153,1,Heavy-Weapon Anchor
003229153653063418012_2100556712.dem,P05593,2,Star Fragger
003229153653063418012_2100556712.dem,P09412,1,Heavy-Weapon Anchor
003229153653063418012_2100556712.dem,P10566,3,Budget Headshotter
003229153653063418012_2100556712.dem,P09609,1,Heavy-Weapon Anchor
003229158229351071854_0975056966.dem,P06762,0,Utility Support
003229158229351071854_0975056966.dem,P07332,1,Heavy-Weapon Anchor
003229158229351071854_0975056966.dem,P10529,2,Star Fragger
003229158229351071854_0975056966.dem,P04093,3,Budget Headshotter
003229158229351071854_0975056966.dem,P10350,3,Budget Headshotter
003229158229351071854_0975056966.dem,P05063,3,Budget Headshotter
003229158229351071854_0975056966.dem,P05072,0,Utility Support
003229158229351071854_0975056966.dem,P06604,0,Utility Support
003229158229351071854_0975056966.dem,P03650,1,Heavy-Weapon Anchor
003229158229351071854_0975056966.dem,P00397,0,Utility Support
003229161044702134442_2053951445.dem,P05486,2,Star Fragger
003229161044702134442_2053951445.dem,P08238,2,Star Fragger
003229161044702134442_2053951445.dem,P09324,0,Utility Support
003229161044702134442_2053951445.dem,P01221,3,Budget Headshotter
003229161044702134442_2053951445.dem,P04875,3,Budget Headshotter
003229161044702134442_2053951445.dem,P04897,0,Utility Support
003229161044702134442_2053951445.dem,P06992,1,Heavy-Weapon Anchor
003229161044702134442_2053951445.dem,P00745,3,Budget Headshotter
003229161044702134442_2053951445.dem,P01029,1,Heavy-Weapon Anchor
003229161044702134442_2053951445.dem,P00756,2,Star Fragger
003229167225160073610_1480811396.dem,P01221,3,Budget Headshotter
003229167225160073610_1480811396.dem,P02904,3,Budget Headshotter
003229167225160073610_1480811396.dem,P08273,2,Star Fragger
003229167225160073610_1480811396.dem,P06992,3,Budget Headshotter
003229167225160073610_1480811396.dem,P00745,1,Heavy-Weapon Anchor
003229167225160073610_1480811396.dem,P01029,0,Utility Support
003229167225160073610_1480811396.dem,P00756,0,Utility Support
003229167225160073610_1480811396.dem,P05286,2,Star Fragger
003229167225160073610_1480811396.dem,P06252,1,Heavy-Weapon Anchor
003229167225160073610_1480811396.dem,P06322,0,Utility Support
003229168831477841933_1881140444.dem,P07878,3,Budget Headshotter
003229168831477841933_1881140444.dem,P07745,1,Heavy-Weapon Anchor
003229168831477841933_1881140444.dem,P03857,2,Star Fragger
003229168831477841933_1881140444.dem,P02020,1,Heavy-Weapon Anchor
003229168831477841933_1881140444.dem,P03422,3,Budget Headshotter
003229168831477841933_1881140444.dem,P06372,1,Heavy-Weapon Anchor
003229168831477841933_1881140444.dem,P01173,0,Utility Support
003229168831477841933_1881140444.dem,P06704,1,Heavy-Weapon Anchor
003229168831477841933_1881140444.dem,P07434,2,Star Fragger
003229168831477841933_1881140444.dem,P03939,2,Star Fragger
003229172452135272695_1177242798.dem,P05489,0,Utility Support
003229172452135272695_1177242798.dem,P02302,1,Heavy-Weapon Anchor
003229172452135272695_1177242798.dem,P10511,0,Utility Support
003229172452135272695_1177242798.dem,P01349,3,Budget Headshotter
003229172452135272695_1177242798.dem,P07421,3,Budget Headshotter
003229172452135272695_1177242798.dem,P00643,0,Utility Support
003229172452135272695_1177242798.dem,P00495,2,Star Fragger
003229172452135272695_1177242798.dem,P07092,1,Heavy-Weapon Anchor
003229172452135272695_1177242798.dem,P01182,3,Budget Headshotter
003229172452135272695_1177242798.dem,P08436,2,Star Fragger
003229182276872962077_0782997202.dem,P04993,1,Heavy-Weapon Anchor
003229182276872962077_0782997202.dem,P04419,0,Utility Support
003229182276872962077_0782997202.dem,P03977,3,Budget Headshotter
003229182276872962077_0782997202.dem,P07104,0,Utility Support
003229182276872962077_0782997202.dem,P05311,2,Star Fragger
003229182276872962077_0782997202.dem,P09899,2,Star Fragger
003229182276872962077_0782997202.dem,P01438,1,Heavy-Weapon Anchor
003229182276872962077_0782997202.dem,P00320,1,Heavy-Weapon Anchor
003229182276872962077_0782997202.dem,P08071,0,Utility Support
003229182276872962077_0782997202.dem,P01482,0,Utility Support
003229183026344755346_0661981123.dem,P05750,1,Heavy-Weapon Anchor
003229183026344755346_0661981123.dem,P09583,0,Utility Support
003229183026344755346_0661981123.dem,P03719,2,Star Fragger
003229183026344755346_0661981123.dem,P00862,3,Budget Headshotter
003229183026344755346_0661981123.dem,P10230,2,Star Fragger
003229183026344755346_0661981123.dem,P03453,1,Heavy-Weapon Anchor
003229183026344755346_0661981123.dem,P10241,2,Star Fragger
003229183026344755346_0661981123.dem,P07397,1,Heavy-Weapon Anchor
003229184426504093797_1368368255.dem,P04415,0,Utility Support
003229184426504093797_1368368255.dem,P03870,1,Heavy-Weapon Anchor
003229184426504093797_1368368255.dem,P04166,0,Utility Support
003229184426504093797_1368368255.dem,P05429,3,Budget Headshotter
003229184426504093797_1368368255.dem,P09709,2,Star Fragger
003229184426504093797_1368368255.dem,P02426,1,Heavy-Weapon Anchor
003229184426504093797_1368368255.dem,P00909,0,Utility Support
003229184426504093797_1368368255.dem,P00794,2,Star Fragger
003229184426504093797_1368368255.dem,P00255,1,Heavy-Weapon Anchor
003229184426504093797_1368368255.dem,P01766,3,Budget Headshotter
003229184858148306981_0050732809.dem,P01545,2,Star Fragger
003229184858148306981_0050732809.dem,P07896,0,Utility Support
003229184858148306981_0050732809.dem,P05096,0,Utility Support
003229184858148306981_0050732809.dem,P02375,3,Budget Headshotter
003229184858148306981_0050732809.dem,P04042,0,Utility Support
003229184858148306981_0050732809.dem,P04436,0,Utility Support
003229184858148306981_0050732809.dem,P04597,1,Heavy-Weapon Anchor
003229184858148306981_0050732809.dem,P10614,2,Star Fragger
003229184858148306981_0050732809.dem,P03621,1,Heavy-Weapon Anchor
003229184858148306981_0050732809.dem,P08531,3,Budget Headshotter
003229187692826722474_1323376924.dem,P01489,1,Heavy-Weapon Anchor
003229187692826722474_1323376924.dem,P02712,1,Heavy-Weapon Anchor
003229187692826722474_1323376924.dem,P06843,2,Star Fragger
003229187692826722474_1323376924.dem,P10930,3,Budget Headshotter
003229187692826722474_1323376924.dem,P04406,1,Heavy-Weapon Anchor
003229187692826722474_1323376924.dem,P02876,1,Heavy-Weapon Anchor
003229187692826722474_1323376924.dem,P01106,2,Star Fragger
003229187692826722474_1323376924.dem,P08481,0,Utility Support
003229187692826722474_1323376924.dem,P10424,1,Heavy-Weapon Anchor
003229187692826722474_1323376924.dem,P08162,1,Heavy-Weapon Anchor
003229194322108743827_1414486802.dem,P05735,2,Star Fragger
003229194322108743827_1414486802.dem,P09583,3,Budget Headshotter
003229194322108743827_1414486802.dem,P03453,1,Heavy-Weapon Anchor
003229194322108743827_1414486802.dem,P02764,1,Heavy-Weapon Anchor
003229194322108743827_1414486802.dem,P02242,1,Heavy-Weapon Anchor
003229194322108743827_1414486802.dem,P04661,1,Heavy-Weapon Anchor
003229194322108743827_1414486802.dem,P07397,1,Heavy-Weapon Anchor
003229194322108743827_1414486802.dem,P06475,1,Heavy-Weapon Anchor
003229194322108743827_1414486802.dem,P05678,2,Star Fragger
003229194322108743827_1414486802.dem,P02803,1,Heavy-Weapon Anchor
003229197382272942254_0781338421.dem,P00833,3,Budget Headshotter
003229197382272942254_0781338421.dem,P06509,0,Utility Support
003229197382272942254_0781338421.dem,P08158,1,Heavy-Weapon Anchor
003229197382272942254_0781338421.dem,P04859,0,Utility Support
003229197382272942254_0781338421.dem,P07873,1,Heavy-Weapon Anchor
003229197382272942254_0781338421.dem,P04153,1,Heavy-Weapon Anchor
003229197382272942254_0781338421.dem,P06454,1,Heavy-Weapon Anchor
003229197382272942254_0781338421.dem,P04416,3,Budget Headshotter
003229197382272942254_0781338421.dem,P10283,3,Budget Headshotter
003229197382272942254_0781338421.dem,P07927,0,Utility Support
003229200861196451854_1458445096.dem,P01835,0,Utility Support
003229200861196451854_1458445096.dem,P00705,2,Star Fragger
003229200861196451854_1458445096.dem,P07608,1,Heavy-Weapon Anchor
003229200861196451854_1458445096.dem,P09458,2,Star Fragger
003229200861196451854_1458445096.dem,P05740,1,Heavy-Weapon Anchor
003229200861196451854_1458445096.dem,P02263,1,Heavy-Weapon Anchor
003229200861196451854_1458445096.dem,P02794,0,Utility Support
003229200861196451854_1458445096.dem,P04209,1,Heavy-Weapon Anchor
003229200861196451854_1458445096.dem,P04500,2,Star Fragger
003229200861196451854_1458445096.dem,P06072,3,Budget Headshotter
003229205317225021485_0146383857.dem,P06891,1,Heavy-Weapon Anchor
003229205317225021485_0146383857.dem,P00610,2,Star Fragger
003229205317225021485_0146383857.dem,P06482,1,Heavy-Weapon Anchor
003229205317225021485_0146383857.dem,P09807,3,Budget Headshotter
003229205317225021485_0146383857.dem,P07533,2,Star Fragger
003229205317225021485_0146383857.dem,P07385,1,Heavy-Weapon Anchor
003229205317225021485_0146383857.dem,P09798,1,Heavy-Weapon Anchor
003229205317225021485_0146383857.dem,P02067,3,Budget Headshotter
003229205317225021485_0146383857.dem,P03407,2,Star Fragger
003229205317225021485_0146383857.dem,P06032,3,Budget Headshotter
003229230468553506960_0342864695.dem,P08641,3,Budget Headshotter
003229230468553506960_0342864695.dem,P01512,3,Budget Headshotter
003229230468553506960_0342864695.dem,P05738,1,Heavy-Weapon Anchor
003229230468553506960_0342864695.dem,P00669,3,Budget Headshotter
003229230468553506960_0342864695.dem,P09696,3,Budget Headshotter
003229230468553506960_0342864695.dem,P07351,1,Heavy-Weapon Anchor
003229230468553506960_0342864695.dem,P03282,3,Budget Headshotter
003229230468553506960_0342864695.dem,P09103,1,Heavy-Weapon Anchor
003229230468553506960_0342864695.dem,P02930,2,Star Fragger
003229230468553506960_0342864695.dem,P10285,0,Utility Support
003229239994790969393_0172706246.dem,P09811,1,Heavy-Weapon Anchor
003229239994790969393_0172706246.dem,P07438,1,Heavy-Weapon Anchor
003229239994790969393_0172706246.dem,P05184,0,Utility Support
003229239994790969393_0172706246.dem,P02661,2,Star Fragger
003229239994790969393_0172706246.dem,P04350,3,Budget Headshotter
003229239994790969393_0172706246.dem,P01537,3,Budget Headshotter
003229239994790969393_0172706246.dem,P03149,0,Utility Support
003229239994790969393_0172706246.dem,P06859,2,Star Fragger
003229239994790969393_0172706246.dem,P06831,3,Budget Headshotter
003229239994790969393_0172706246.dem,P10625,3,Budget Headshotter
003229247182418739202_1701371016.dem,P04270,0,Utility Support
003229247182418739202_1701371016.dem,P09216,3,Budget Headshotter
003229247182418739202_1701371016.dem,P03505,3,Budget Headshotter
003229247182418739202_1701371016.dem,P03467,3,Budget Headshotter
003229247182418739202_1701371016.dem,P07064,3,Budget Headshotter
003229247182418739202_1701371016.dem,P00024,3,Budget Headshotter
003229247182418739202_1701371016.dem,P05373,0,Utility Support
003229247182418739202_1701371016.dem,P04778,2,Star Fragger
003229247182418739202_1701371016.dem,P10652,0,Utility Support
003229247182418739202_1701371016.dem,P09754,0,Utility Support
003229258634949034087_1529467382.dem,P08556,3,Budget Headshotter
003229258634949034087_1529467382.dem,P01248,0,Utility Support
003229258634949034087_1529467382.dem,P03414,2,Star Fragger
003229258634949034087_1529467382.dem,P01022,1,Heavy-Weapon Anchor
003229258634949034087_1529467382.dem,P10525,1,Heavy-Weapon Anchor
003229258634949034087_1529467382.dem,P10748,0,Utility Support
003229258634949034087_1529467382.dem,P04801,0,Utility Support
003229258634949034087_1529467382.dem,P08386,3,Budget Headshotter
003229258634949034087_1529467382.dem,P00139,0,Utility Support
003229265229871317129_2082539588.dem,P06772,0,Utility Support
003229265229871317129_2082539588.dem,P03114,3,Budget Headshotter
003229265229871317129_2082539588.dem,P09948,2,Star Fragger
003229265229871317129_2082539588.dem,P00730,1,Heavy-Weapon Anchor
003229265229871317129_2082539588.dem,P10093,0,Utility Support
003229265229871317129_2082539588.dem,P09551,1,Heavy-Weapon Anchor
003229265229871317129_2082539588.dem,P05124,1,Heavy-Weapon Anchor
003229265229871317129_2082539588.dem,P00116,0,Utility Support
003229265229871317129_2082539588.dem,P06140,1,Heavy-Weapon Anchor
003229265229871317129_2082539588.dem,P06098,3,Budget Headshotter
003229274141928456229_1025636140.dem,P02394,0,Utility Support
003229274141928456229_1025636140.dem,P05904,3,Budget Headshotter
003229274141928456229_1025636140.dem,P09615,1,Heavy-Weapon Anchor
003229274141928456229_1025636140.dem,P03051,1,Heavy-Weapon Anchor
003229274141928456229_1025636140.dem,P10188,1,Heavy-Weapon Anchor
003229274141928456229_1025636140.dem,P04288,1,Heavy-Weapon Anchor
003229274141928456229_1025636140.dem,P00360,0,Utility Support
003229274141928456229_1025636140.dem,P00553,1,Heavy-Weapon Anchor
003229274141928456229_1025636140.dem,P06671,1,Heavy-Weapon Anchor
003229283361075757162_0705130008.dem,P01000,0,Utility Support
003229283361075757162_0705130008.dem,P05981,3,Budget Headshotter
003229283361075757162_0705130008.dem,P06346,0,Utility Support
003229283361075757162_0705130008.dem,P02750,0,Utility Support
003229283361075757162_0705130008.dem,P06301,0,Utility Support
003229283361075757162_0705130008.dem,P05688,3,Budget Headshotter
003229283361075757162_0705130008.dem,P03583,2,Star Fragger
003229283361075757162_0705130008.dem,P03450,1,Heavy-Weapon Anchor
003229283361075757162_0705130008.dem,P08044,1,Heavy-Weapon Anchor
003229283361075757162_0705130008.dem,P00706,3,Budget Headshotter
003229284832102056165_1349143323.dem,P00526,1,Heavy-Weapon Anchor
003229284832102056165_1349143323.dem,P01670,3,Budget Headshotter
003229284832102056165_1349143323.dem,P08659,1,Heavy-Weapon Anchor
003229284832102056165_1349143323.dem,P09521,0,Utility Support
003229284832102056165_1349143323.dem,P08121,3,Budget Headshotter
003229284832102056165_1349143323.dem,P03612,0,Utility Support
003229284832102056165_1349143323.dem,P03986,3,Budget Headshotter
003229284832102056165_1349143323.dem,P08118,2,Star Fragger
003229284832102056165_1349143323.dem,P03125,0,Utility Support
003229284832102056165_1349143323.dem,P02620,2,Star Fragger
003229287984608051257_0323793142.dem,P10934,0,Utility Support
003229287984608051257_0323793142.dem,P01260,3,Budget Headshotter
003229287984608051257_0323793142.dem,P04127,3,Budget Headshotter
003229287984608051257_0323793142.dem,P05253,1,Heavy-Weapon Anchor
003229287984608051257_0323793142.dem,P01275,3,Budget Headshotter
003229287984608051257_0323793142.dem,P01454,2,Star Fragger
003229287984608051257_0323793142.dem,P08757,3,Budget Headshotter
003229287984608051257_0323793142.dem,P09552,0,Utility Support
003229287984608051257_0323793142.dem,P05048,1,Heavy-Weapon Anchor
003229287984608051257_0323793142.dem,P04321,3,Budget Headshotter
003229289019695169564_0191213544.dem,P10435,2,Star Fragger
003229289019695169564_0191213544.dem,P00639,3,Budget Headshotter
003229289019695169564_0191213544.dem,P00057,1,Heavy-Weapon Anchor
003229289019695169564_0191213544.dem,P03767,0,Utility Support
003229289019695169564_0191213544.dem,P03881,0,Utility Support
003229289019695169564_0191213544.dem,P03131,1,Heavy-Weapon Anchor
003229289019695169564_0191213544.dem,P00069,1,Heavy-Weapon Anchor
003229289019695169564_0191213544.dem,P05614,3,Budget Headshotter
003229289019695169564_0191213544.dem,P08457,1,Heavy-Weapon Anchor
003229289019695169564_0191213544.dem,P01399,1,Heavy-Weapon Anchor
003229295977542189079_0355242910.dem,P00680,0,Utility Support
003229295977542189079_0355242910.dem,P06629,3,Budget Headshotter
003229295977542189079_0355242910.dem,P02385,0,Utility Support
003229295977542189079_0355242910.dem,P05595,3,Budget Headshotter
003229295977542189079_0355242910.dem,P07743,3,Budget Headshotter
003229295977542189079_0355242910.dem,P05841,0,Utility Support
003229295977542189079_0355242910.dem,P02578,2,Star Fragger
003229295977542189079_0355242910.dem,P04950,3,Budget Headshotter
003229295977542189079_0355242910.dem,P03696,3,Budget Headshotter
003229295977542189079_0355242910.dem,P02213,0,Utility Support
003229299548807495685_1126668731.dem,P01909,0,Utility Support
003229299548807495685_1126668731.dem,P04758,3,Budget Headshotter
003229299548807495685_1126668731.dem,P10670,0,Utility Support
003229299548807495685_1126668731.dem,P03538,2,Star Fragger
003229299548807495685_1126668731.dem,P08634,1,Heavy-Weapon Anchor
003229299548807495685_1126668731.dem,P08777,1,Heavy-Weapon Anchor
003229299548807495685_1126668731.dem,P09553,0,Utility Support
003229299548807495685_1126668731.dem,P05849,1,Heavy-Weapon Anchor
003229299548807495685_1126668731.dem,P02530,1,Heavy-Weapon Anchor
003229299548807495685_1126668731.dem,P09660,3,Budget Headshotter
003229315427301589208_1056392650.dem,P06685,3,Budget Headshotter
003229315427301589208_1056392650.dem,P07002,1,Heavy-Weapon Anchor
003229315427301589208_1056392650.dem,P09161,3,Budget Headshotter
003229315427301589208_1056392650.dem,P00829,1,Heavy-Weapon Anchor
003229315427301589208_1056392650.dem,P05780,0,Utility Support
003229315427301589208_1056392650.dem,P07521,2,Star Fragger
003229315427301589208_1056392650.dem,P06944,1,Heavy-Weapon Anchor
003229315427301589208_1056392650.dem,P05602,3,Budget Headshotter
003229315478841196800_1583497003.dem,P05581,0,Utility Support
003229315478841196800_1583497003.dem,P03744,3,Budget Headshotter
003229315478841196800_1583497003.dem,P05362,0,Utility Support
003229315478841196800_1583497003.dem,P03518,0,Utility Support
003229315478841196800_1583497003.dem,P05517,3,Budget Headshotter
003229315478841196800_1583497003.dem,P05817,1,Heavy-Weapon Anchor
003229315478841196800_1583497003.dem,P03532,0,Utility Support
003229315478841196800_1583497003.dem,P04084,1,Heavy-Weapon Anchor
003229315478841196800_1583497003.dem,P07379,1,Heavy-Weapon Anchor
003229315478841196800_1583497003.dem,P00416,0,Utility Support
003229328578491449421_1026725518.dem,P03830,3,Budget Headshotter
003229328578491449421_1026725518.dem,P10942,3,Budget Headshotter
003229328578491449421_1026725518.dem,P07533,2,Star Fragger
003229328578491449421_1026725518.dem,P00500,1,Heavy-Weapon Anchor
003229328578491449421_1026725518.dem,P02224,2,Star Fragger
003229328578491449421_1026725518.dem,P06805,1,Heavy-Weapon Anchor
003229328578491449421_1026725518.dem,P09009,1,Heavy-Weapon Anchor
003229328578491449421_1026725518.dem,P01960,0,Utility Support
003229328578491449421_1026725518.dem,P01241,2,Star Fragger
003229328578491449421_1026725518.dem,P03491,1,Heavy-Weapon Anchor
003229329877719056886_1271046748.dem,P07343,1,Heavy-Weapon Anchor
003229329877719056886_1271046748.dem,P08314,1,Heavy-Weapon Anchor
003229329877719056886_1271046748.dem,P04707,1,Heavy-Weapon Anchor
003229329877719056886_1271046748.dem,P09527,2,Star Fragger
003229329877719056886_1271046748.dem,P04971,0,Utility Support
003229329877719056886_1271046748.dem,P05407,1,Heavy-Weapon Anchor
003229329877719056886_1271046748.dem,P05110,1,Heavy-Weapon Anchor
003229329877719056886_1271046748.dem,P08203,0,Utility Support
003229329877719056886_1271046748.dem,P03027,1,Heavy-Weapon Anchor
003229329877719056886_1271046748.dem,P01229,2,Star Fragger
003229330307215786345_0243643061.dem,P07091,2,Star Fragger
003229330307215786345_0243643061.dem,P06223,1,Heavy-Weapon Anchor
003229330307215786345_0243643061.dem,P01869,3,Budget Headshotter
003229330307215786345_0243643061.dem,P04527,1,Heavy-Weapon Anchor
003229330307215786345_0243643061.dem,P04856,0,Utility Support
003229330307215786345_0243643061.dem,P00062,0,Utility Support
003229330307215786345_0243643061.dem,P05307,2,Star Fragger
003229330307215786345_0243643061.dem,P09682,3,Budget Headshotter
003229330307215786345_0243643061.dem,P01146,0,Utility Support
003229330307215786345_0243643061.dem,P08796,1,Heavy-Weapon Anchor
003229330582093692935_1276557671.dem,P05252,3,Budget Headshotter
003229330582093692935_1276557671.dem,P02339,1,Heavy-Weapon Anchor
003229330582093692935_1276557671.dem,P10887,0,Utility Support
003229330582093692935_1276557671.dem,P01188,1,Heavy-Weapon Anchor
003229330582093692935_1276557671.dem,P03456,1,Heavy-Weapon Anchor
003229330582093692935_1276557671.dem,P07590,1,Heavy-Weapon Anchor
003229330582093692935_1276557671.dem,P03414,1,Heavy-Weapon Anchor
003229330582093692935_1276557671.dem,P07362,0,Utility Support
003229330582093692935_1276557671.dem,P05964,0,Utility Support
003229330582093692935_1276557671.dem,P09450,0,Utility Support
003229334630100369610_1182104128.dem,P08623,1,Heavy-Weapon Anchor
003229334630100369610_1182104128.dem,P04769,0,Utility Support
003229334630100369610_1182104128.dem,P02226,1,Heavy-Weapon Anchor
003229334630100369610_1182104128.dem,P06103,0,Utility Support
003229334630100369610_1182104128.dem,P04189,1,Heavy-Weapon Anchor
003229334630100369610_1182104128.dem,P00101,1,Heavy-Weapon Anchor
003229334630100369610_1182104128.dem,P06597,1,Heavy-Weapon Anchor
003229334630100369610_1182104128.dem,P03107,2,Star Fragger
003229334630100369610_1182104128.dem,P05305,3,Budget Headshotter
003229334630100369610_1182104128.dem,P01620,1,Heavy-Weapon Anchor
003229337125476368527_0275263276.dem,P02522,1,Heavy-Weapon Anchor
003229337125476368527_0275263276.dem,P05168,0,Utility Support
003229337125476368527_0275263276.dem,P04093,2,Star Fragger
003229337125476368527_0275263276.dem,P01480,0,Utility Support
003229337125476368527_0275263276.dem,P02294,3,Budget Headshotter
003229337125476368527_0275263276.dem,P00396,1,Heavy-Weapon Anchor
003229337125476368527_0275263276.dem,P08489,1,Heavy-Weapon Anchor
003229337125476368527_0275263276.dem,P09911,0,Utility Support
003229337125476368527_0275263276.dem,P07000,0,Utility Support
003229337125476368527_0275263276.dem,P10203,1,Heavy-Weapon Anchor
003229339434021290167_0086831349.dem,P06568,1,Heavy-Weapon Anchor
003229339434021290167_0086831349.dem,P03049,1,Heavy-Weapon Anchor
003229339434021290167_0086831349.dem,P02598,1,Heavy-Weapon Anchor
003229339434021290167_0086831349.dem,P01459,0,Utility Support
003229339434021290167_0086831349.dem,P07998,2,Star Fragger
003229339434021290167_0086831349.dem,P10768,3,Budget Headshotter
003229339434021290167_0086831349.dem,P10258,0,Utility Support
003229339434021290167_0086831349.dem,P03250,3,Budget Headshotter
003229339434021290167_0086831349.dem,P04211,0,Utility Support
003229339434021290167_0086831349.dem,P10079,2,Star Fragger
003229344373233680668_1310474406.dem,P06886,3,Budget Headshotter
003229344373233680668_1310474406.dem,P01272,3,Budget Headshotter
003229344373233680668_1310474406.dem,P08825,0,Utility Support
003229344373233680668_1310474406.dem,P00160,2,Star Fragger
003229344373233680668_1310474406.dem,P03281,2,Star Fragger
003229344373233680668_1310474406.dem,P10912,1,Heavy-Weapon Anchor
003229344373233680668_1310474406.dem,P02669,2,Star Fragger
003229344373233680668_1310474406.dem,P03557,2,Star Fragger
003229344373233680668_1310474406.dem,P09540,0,Utility Support
003229344373233680668_1310474406.dem,P05400,3,Budget Headshotter
003229350740522696888_0052187465.dem,P09233,3,Budget Headshotter
003229350740522696888_0052187465.dem,P04336,3,Budget Headshotter
003229350740522696888_0052187465.dem,P08574,3,Budget Headshotter
003229350740522696888_0052187465.dem,P07043,3,Budget Headshotter
003229350740522696888_0052187465.dem,P00578,1,Heavy-Weapon Anchor
003229350740522696888_0052187465.dem,P09185,3,Budget Headshotter
003229350740522696888_0052187465.dem,P04730,3,Budget Headshotter
003229350740522696888_0052187465.dem,P10514,2,Star Fragger
003229350740522696888_0052187465.dem,P00938,2,Star Fragger
003229350740522696888_0052187465.dem,P04133,2,Star Fragger
003229351661793182077_0605842236.dem,P08463,1,Heavy-Weapon Anchor
003229351661793182077_0605842236.dem,P01689,3,Budget Headshotter
003229351661793182077_0605842236.dem,P10109,3,Budget Headshotter
003229351661793182077_0605842236.dem,P04327,3,Budget Headshotter
003229351661793182077_0605842236.dem,P04737,2,Star Fragger
003229351661793182077_0605842236.dem,P09091,1,Heavy-Weapon Anchor
003229351661793182077_0605842236.dem,P09543,1,Heavy-Weapon Anchor
003229351661793182077_0605842236.dem,P04826,3,Budget Headshotter
003229351661793182077_0605842236.dem,P00992,3,Budget Headshotter
003229351661793182077_0605842236.dem,P09620,2,Star Fragger
003229353678280327230_1691733833.dem,P09976,3,Budget Headshotter
003229353678280327230_1691733833.dem,P05138,3,Budget Headshotter
003229353678280327230_1691733833.dem,P08779,3,Budget Headshotter
003229353678280327230_1691733833.dem,P09407,1,Heavy-Weapon Anchor
003229353678280327230_1691733833.dem,P09951,3,Budget Headshotter
003229353678280327230_1691733833.dem,P10778,0,Utility Support
003229353678280327230_1691733833.dem,P06423,1,Heavy-Weapon Anchor
003229353678280327230_1691733833.dem,P07767,3,Budget Headshotter
003229353678280327230_1691733833.dem,P05558,3,Budget Headshotter
003229353678280327230_1691733833.dem,P09526,2,Star Fragger
003229354331115356299_0783734632.dem,P07878,1,Heavy-Weapon Anchor
003229354331115356299_0783734632.dem,P00455,3,Budget Headshotter
003229354331115356299_0783734632.dem,P04085,1,Heavy-Weapon Anchor
003229354331115356299_0783734632.dem,P07745,1,Heavy-Weapon Anchor
003229354331115356299_0783734632.dem,P05175,2,Star Fragger
003229354331115356299_0783734632.dem,P03638,3,Budget Headshotter
003229354331115356299_0783734632.dem,P08828,0,Utility Support
003229354331115356299_0783734632.dem,P05262,1,Heavy-Weapon Anchor
003229354331115356299_0783734632.dem,P04746,1,Heavy-Weapon Anchor
003229354331115356299_0783734632.dem,P04940,1,Heavy-Weapon Anchor
003229358868748304712_1710253324.dem,P09583,1,Heavy-Weapon Anchor
003229358868748304712_1710253324.dem,P03719,2,Star Fragger
003229358868748304712_1710253324.dem,P10230,2,Star Fragger
003229358868748304712_1710253324.dem,P03453,1,Heavy-Weapon Anchor
003229358868748304712_1710253324.dem,P08029,3,Budget Headshotter
003229358868748304712_1710253324.dem,P08477,3,Budget Headshotter
003229358868748304712_1710253324.dem,P02556,3,Budget Headshotter
003229358868748304712_1710253324.dem,P07951,3,Budget Headshotter
003229358868748304712_1710253324.dem,P03668,3,Budget Headshotter
003229358868748304712_1710253324.dem,P05003,1,Heavy-Weapon Anchor
003229359528025784321_1289340245.dem,P07878,2,Star Fragger
003229359528025784321_1289340245.dem,P09097,1,Heavy-Weapon Anchor
003229359528025784321_1289340245.dem,P08828,2,Star Fragger
003229359528025784321_1289340245.dem,P08870,3,Budget Headshotter
003229359528025784321_1289340245.dem,P00266,3,Budget Headshotter
003229359528025784321_1289340245.dem,P10823,1,Heavy-Weapon Anchor
003229359528025784321_1289340245.dem,P04238,3,Budget Headshotter
003229359528025784321_1289340245.dem,P04934,3,Budget Headshotter
003229359528025784321_1289340245.dem,P05262,2,Star Fragger
003229359528025784321_1289340245.dem,P07327,1,Heavy-Weapon Anchor
003229363004801810761_0423559249.dem,P04368,3,Budget Headshotter
003229363004801810761_0423559249.dem,P10074,0,Utility Support
003229363004801810761_0423559249.dem,P01389,3,Budget Headshotter
003229363004801810761_0423559249.dem,P01982,1,Heavy-Weapon Anchor
003229363004801810761_0423559249.dem,P09935,0,Utility Support
003229363004801810761_0423559249.dem,P10598,1,Heavy-Weapon Anchor
003229363004801810761_0423559249.dem,P10297,1,Heavy-Weapon Anchor
003229363004801810761_0423559249.dem,P04799,3,Budget Headshotter
003229363004801810761_0423559249.dem,P00470,0,Utility Support
003229363004801810761_0423559249.dem,P02479,0,Utility Support
003229364035593961536_0586154783.dem,P06690,0,Utility Support
003229364035593961536_0586154783.dem,P01774,1,Heavy-Weapon Anchor
003229364035593961536_0586154783.dem,P09656,0,Utility Support
003229364035593961536_0586154783.dem,P05985,2,Star Fragger
003229364035593961536_0586154783.dem,P08794,3,Budget Headshotter
003229364035593961536_0586154783.dem,P01400,1,Heavy-Weapon Anchor
003229364035593961536_0586154783.dem,P03340,1,Heavy-Weapon Anchor
003229364035593961536_0586154783.dem,P00388,1,Heavy-Weapon Anchor
003229364035593961536_0586154783.dem,P09098,1,Heavy-Weapon Anchor
003229364035593961536_0586154783.dem,P06633,3,Budget Headshotter
003229365023436439630_0699739467.dem,P09583,0,Utility Support
003229365023436439630_0699739467.dem,P03719,2,Star Fragger
003229365023436439630_0699739467.dem,P10230,3,Budget Headshotter
003229365023436439630_0699739467.dem,P04322,1,Heavy-Weapon Anchor
003229365023436439630_0699739467.dem,P03453,1,Heavy-Weapon Anchor
003229365023436439630_0699739467.dem,P02764,1,Heavy-Weapon Anchor
003229365023436439630_0699739467.dem,P01994,3,Budget Headshotter
003229365023436439630_0699739467.dem,P07923,2,Star Fragger
003229365023436439630_0699739467.dem,P10222,1,Heavy-Weapon Anchor
003229365023436439630_0699739467.dem,P04511,1,Heavy-Weapon Anchor
003229369885339418667_1040089946.dem,P04415,0,Utility Support
003229369885339418667_1040089946.dem,P06845,3,Budget Headshotter
003229369885339418667_1040089946.dem,P05322,0,Utility Support
003229369885339418667_1040089946.dem,P02697,3,Budget Headshotter
003229369885339418667_1040089946.dem,P00108,1,Heavy-Weapon Anchor
003229369885339418667_1040089946.dem,P04360,1,Heavy-Weapon Anchor
003229369885339418667_1040089946.dem,P02118,1,Heavy-Weapon Anchor
003229369885339418667_1040089946.dem,P00519,2,Star Fragger
003229369885339418667_1040089946.dem,P00743,1,Heavy-Weapon Anchor
003229369885339418667_1040089946.dem,P01766,3,Budget Headshotter
003229375488124256455_1075444020.dem,P03513,1,Heavy-Weapon Anchor
003229375488124256455_1075444020.dem,P06636,0,Utility Support
003229375488124256455_1075444020.dem,P08485,0,Utility Support
003229375488124256455_1075444020.dem,P01584,0,Utility Support
003229375488124256455_1075444020.dem,P05133,3,Budget Headshotter
003229375488124256455_1075444020.dem,P09984,0,Utility Support
003229375488124256455_1075444020.dem,P10556,2,Star Fragger
003229375488124256455_1075444020.dem,P05174,0,Utility Support
003229375488124256455_1075444020.dem,P06160,0,Utility Support
003229375488124256455_1075444020.dem,P00814,0,Utility Support
003229377380057350216_0319934617.dem,P09958,1,Heavy-Weapon Anchor
003229377380057350216_0319934617.dem,P09391,0,Utility Support
003229377380057350216_0319934617.dem,P04840,3,Budget Headshotter
003229377380057350216_0319934617.dem,P06642,1,Heavy-Weapon Anchor
003229377380057350216_0319934617.dem,P02585,1,Heavy-Weapon Anchor
003229377380057350216_0319934617.dem,P05031,0,Utility Support
003229377380057350216_0319934617.dem,P02058,0,Utility Support
003229377380057350216_0319934617.dem,P03451,2,Star Fragger
003229377380057350216_0319934617.dem,P04653,2,Star Fragger
003229377380057350216_0319934617.dem,P01128,1,Heavy-Weapon Anchor
003229427994099450073_1441425137.dem,P04671,2,Star Fragger
003229427994099450073_1441425137.dem,P03767,3,Budget Headshotter
003229427994099450073_1441425137.dem,P02276,0,Utility Support
003229427994099450073_1441425137.dem,P08577,1,Heavy-Weapon Anchor
003229427994099450073_1441425137.dem,P03838,2,Star Fragger
003229427994099450073_1441425137.dem,P00896,1,Heavy-Weapon Anchor
003229427994099450073_1441425137.dem,P05614,3,Budget Headshotter
003229427994099450073_1441425137.dem,P02810,0,Utility Support
003229427994099450073_1441425137.dem,P04755,1,Heavy-Weapon Anchor
003229427994099450073_1441425137.dem,P01399,1,Heavy-Weapon Anchor
003229430966216818885_1972498023.dem,P07409,1,Heavy-Weapon Anchor
003229430966216818885_1972498023.dem,P07456,1,Heavy-Weapon Anchor
003229430966216818885_1972498023.dem,P07205,3,Budget Headshotter
003229430966216818885_1972498023.dem,P01033,1,Heavy-Weapon Anchor
003229430966216818885_1972498023.dem,P03509,3,Budget Headshotter
003229430966216818885_1972498023.dem,P09366,2,Star Fragger
003229430966216818885_1972498023.dem,P06550,2,Star Fragger
003229430966216818885_1972498023.dem,P07856,3,Budget Headshotter
003229430966216818885_1972498023.dem,P08288,3,Budget Headshotter
003229442893340999694_0620841229.dem,P03875,2,Star Fragger
003229442893340999694_0620841229.dem,P10856,1,Heavy-Weapon Anchor
003229442893340999694_0620841229.dem,P06627,0,Utility Support
003229442893340999694_0620841229.dem,P04889,1,Heavy-Weapon Anchor
003229442893340999694_0620841229.dem,P07353,2,Star Fragger
003229442893340999694_0620841229.dem,P09907,0,Utility Support
003229442893340999694_0620841229.dem,P03123,1,Heavy-Weapon Anchor
003229442893340999694_0620841229.dem,P00538,0,Utility Support
003229442893340999694_0620841229.dem,P06141,0,Utility Support
003229442893340999694_0620841229.dem,P06133,3,Budget Headshotter
003229444856141054184_1410434186.dem,P02700,3,Budget Headshotter
003229444856141054184_1410434186.dem,P05313,1,Heavy-Weapon Anchor
003229444856141054184_1410434186.dem,P04335,0,Utility Support
003229444856141054184_1410434186.dem,P09400,0,Utility Support
003229444856141054184_1410434186.dem,P02325,1,Heavy-Weapon Anchor
003229444856141054184_1410434186.dem,P08498,0,Utility Support
003229444856141054184_1410434186.dem,P04943,0,Utility Support
003229444856141054184_1410434186.dem,P02506,3,Budget Headshotter
003229444856141054184_1410434186.dem,P10863,0,Utility Support
003229444856141054184_1410434186.dem,P03268,0,Utility Support
003229450774605988084_1965446428.dem,P10238,1,Heavy-Weapon Anchor
003229450774605988084_1965446428.dem,P06535,2,Star Fragger
003229450774605988084_1965446428.dem,P08227,0,Utility Support
003229450774605988084_1965446428.dem,P06183,3,Budget Headshotter
003229450774605988084_1965446428.dem,P09341,0,Utility Support
003229450774605988084_1965446428.dem,P02796,1,Heavy-Weapon Anchor
003229450774605988084_1965446428.dem,P08698,0,Utility Support
003229450774605988084_1965446428.dem,P03003,1,Heavy-Weapon Anchor
003229450774605988084_1965446428.dem,P05259,0,Utility Support
003229451090286084113_1176967429.dem,P01743,3,Budget Headshotter
003229451090286084113_1176967429.dem,P00854,3,Budget Headshotter
003229451090286084113_1176967429.dem,P05848,0,Utility Support
003229451090286084113_1176967429.dem,P02920,2,Star Fragger
003229451090286084113_1176967429.dem,P06974,1,Heavy-Weapon Anchor
003229451090286084113_1176967429.dem,P05890,3,Budget Headshotter
003229451090286084113_1176967429.dem,P08329,0,Utility Support
003229451090286084113_1176967429.dem,P08217,3,Budget Headshotter
003229451090286084113_1176967429.dem,P02613,3,Budget Headshotter
003229451090286084113_1176967429.dem,P01551,2,Star Fragger
003229452606409539656_0951611062.dem,P04867,2,Star Fragger
003229452606409539656_0951611062.dem,P01929,1,Heavy-Weapon Anchor
003229452606409539656_0951611062.dem,P01763,3,Budget Headshotter
003229452606409539656_0951611062.dem,P01108,1,Heavy-Weapon Anchor
003229452606409539656_0951611062.dem,P05477,1,Heavy-Weapon Anchor
003229452606409539656_0951611062.dem,P04731,2,Star Fragger
003229452606409539656_0951611062.dem,P09183,1,Heavy-Weapon Anchor
003229452606409539656_0951611062.dem,P03642,1,Heavy-Weapon Anchor
003229452606409539656_0951611062.dem,P10447,3,Budget Headshotter
003229453976504107160_0617177514.dem,P08039,2,Star Fragger
003229453976504107160_0617177514.dem,P06688,3,Budget Headshotter
003229453976504107160_0617177514.dem,P00279,2,Star Fragger
003229453976504107160_0617177514.dem,P07827,1,Heavy-Weapon Anchor
003229453976504107160_0617177514.dem,P10488,2,Star Fragger
003229453976504107160_0617177514.dem,P06422,3,Budget Headshotter
003229453976504107160_0617177514.dem,P09643,2,Star Fragger
003229453976504107160_0617177514.dem,P01940,0,Utility Support
003229453976504107160_0617177514.dem,P08503,3,Budget Headshotter
003229453976504107160_0617177514.dem,P04015,3,Budget Headshotter
003229456607171575948_0764959992.dem,P08166,1,Heavy-Weapon Anchor
003229456607171575948_0764959992.dem,P09940,0,Utility Support
003229456607171575948_0764959992.dem,P01013,0,Utility Support
003229456607171575948_0764959992.dem,P02271,3,Budget Headshotter
003229456607171575948_0764959992.dem,P07431,0,Utility Support
003229456607171575948_0764959992.dem,P06489,3,Budget Headshotter
003229456607171575948_0764959992.dem,P08681,2,Star Fragger
003229456607171575948_0764959992.dem,P08698,0,Utility Support
003229456607171575948_0764959992.dem,P03004,3,Budget Headshotter
003229456607171575948_0764959992.dem,P03991,2,Star Fragger
003229458106115162393_0161356099.dem,P09557,0,Utility Support
003229458106115162393_0161356099.dem,P01288,2,Star Fragger
003229458106115162393_0161356099.dem,P07220,3,Budget Headshotter
003229458106115162393_0161356099.dem,P04613,1,Heavy-Weapon Anchor
003229458106115162393_0161356099.dem,P02168,0,Utility Support
003229458106115162393_0161356099.dem,P08066,0,Utility Support
003229458106115162393_0161356099.dem,P07976,0,Utility Support
003229458106115162393_0161356099.dem,P04098,2,Star Fragger
003229458106115162393_0161356099.dem,P10088,3,Budget Headshotter
003229458106115162393_0161356099.dem,P07047,3,Budget Headshotter
003229459697400545568_1519987007.dem,P04813,0,Utility Support
003229459697400545568_1519987007.dem,P10829,1,Heavy-Weapon Anchor
003229459697400545568_1519987007.dem,P05167,3,Budget Headshotter
003229459697400545568_1519987007.dem,P08599,3,Budget Headshotter
003229459697400545568_1519987007.dem,P01092,1,Heavy-Weapon Anchor
003229459697400545568_1519987007.dem,P10927,2,Star Fragger
003229459697400545568_1519987007.dem,P00586,0,Utility Support
003229459697400545568_1519987007.dem,P08626,0,Utility Support
003229459697400545568_1519987007.dem,P06608,2,Star Fragger
003229459697400545568_1519987007.dem,P02855,0,Utility Support
003229465766189334656_0207233969.dem,P00534,0,Utility Support
003229465766189334656_0207233969.dem,P03015,3,Budget Headshotter
003229465766189334656_0207233969.dem,P10559,2,Star Fragger
003229465766189334656_0207233969.dem,P00220,1,Heavy-Weapon Anchor
003229465766189334656_0207233969.dem,P09452,3,Budget Headshotter
003229465766189334656_0207233969.dem,P03595,2,Star Fragger
003229465766189334656_0207233969.dem,P01788,1,Heavy-Weapon Anchor
003229465766189334656_0207233969.dem,P07523,3,Budget Headshotter
003229465766189334656_0207233969.dem,P10233,0,Utility Support
003229465766189334656_0207233969.dem,P00800,3,Budget Headshotter
003229468321694875731_0337602080.dem,P07354,2,Star Fragger
003229468321694875731_0337602080.dem,P00931,3,Budget Headshotter
003229468321694875731_0337602080.dem,P09718,0,Utility Support
003229468321694875731_0337602080.dem,P00278,0,Utility Support
003229468321694875731_0337602080.dem,P09809,2,Star Fragger
003229468321694875731_0337602080.dem,P03005,0,Utility Support
003229468321694875731_0337602080.dem,P04038,1,Heavy-Weapon Anchor
003229468321694875731_0337602080.dem,P07719,1,Heavy-Weapon Anchor
003229468321694875731_0337602080.dem,P05314,2,Star Fragger
003229468321694875731_0337602080.dem,P02857,0,Utility Support
003229468368939516218_0397926130.dem,P05313,3,Budget Headshotter
003229468368939516218_0397926130.dem,P00964,3,Budget Headshotter
003229468368939516218_0397926130.dem,P08498,3,Budget Headshotter
003229468368939516218_0397926130.dem,P00491,0,Utility Support
003229468368939516218_0397926130.dem,P09364,3,Budget Headshotter
003229468368939516218_0397926130.dem,P07446,3,Budget Headshotter
003229468368939516218_0397926130.dem,P00140,0,Utility Support
003229468368939516218_0397926130.dem,P05706,1,Heavy-Weapon Anchor
003229468368939516218_0397926130.dem,P05032,1,Heavy-Weapon Anchor
003229468368939516218_0397926130.dem,P06687,1,Heavy-Weapon Anchor
003229484064897499153_1970851280.dem,P00998,3,Budget Headshotter
003229484064897499153_1970851280.dem,P01650,3,Budget Headshotter
003229484064897499153_1970851280.dem,P02971,1,Heavy-Weapon Anchor
003229484064897499153_1970851280.dem,P00984,1,Heavy-Weapon Anchor
003229484064897499153_1970851280.dem,P10094,2,Star Fragger
003229484064897499153_1970851280.dem,P06717,2,Star Fragger
003229484064897499153_1970851280.dem,P06097,1,Heavy-Weapon Anchor
003229484064897499153_1970851280.dem,P00695,1,Heavy-Weapon Anchor
003229484064897499153_1970851280.dem,P07315,3,Budget Headshotter
003229484064897499153_1970851280.dem,P05333,3,Budget Headshotter
003229487702734799141_1941031165.dem,P10157,3,Budget Headshotter
003229487702734799141_1941031165.dem,P03424,1,Heavy-Weapon Anchor
003229487702734799141_1941031165.dem,P07969,2,Star Fragger
003229487702734799141_1941031165.dem,P08025,0,Utility Support
003229487702734799141_1941031165.dem,P04944,2,Star Fragger
003229487702734799141_1941031165.dem,P01413,0,Utility Support
003229487702734799141_1941031165.dem,P10245,3,Budget Headshotter
003229487702734799141_1941031165.dem,P03482,1,Heavy-Weapon Anchor
003229487702734799141_1941031165.dem,P10690,0,Utility Support
003229492483033399302_2103522374.dem,P05362,0,Utility Support
003229492483033399302_2103522374.dem,P10503,1,Heavy-Weapon Anchor
003229492483033399302_2103522374.dem,P04922,2,Star Fragger
003229492483033399302_2103522374.dem,P02963,3,Budget Headshotter
003229492483033399302_2103522374.dem,P05817,1,Heavy-Weapon Anchor
003229492483033399302_2103522374.dem,P03532,0,Utility Support
003229492483033399302_2103522374.dem,P03390,0,Utility Support
003229492483033399302_2103522374.dem,P03045,1,Heavy-Weapon Anchor
003229492483033399302_2103522374.dem,P05659,0,Utility Support
003229492483033399302_2103522374.dem,P05628,0,Utility Support
003229501184637141381_2064669161.dem,P03725,3,Budget Headshotter
003229501184637141381_2064669161.dem,P10047,0,Utility Support
003229501184637141381_2064669161.dem,P09069,2,Star Fragger
003229501184637141381_2064669161.dem,P08202,1,Heavy-Weapon Anchor
003229501184637141381_2064669161.dem,P08902,1,Heavy-Weapon Anchor
003229501184637141381_2064669161.dem,P06396,2,Star Fragger
003229501184637141381_2064669161.dem,P01144,3,Budget Headshotter
003229501184637141381_2064669161.dem,P08740,0,Utility Support
003229501184637141381_2064669161.dem,P10705,1,Heavy-Weapon Anchor
003229501184637141381_2064669161.dem,P03479,1,Heavy-Weapon Anchor
003229503845369381050_0498926117.dem,P06820,2,Star Fragger
003229503845369381050_0498926117.dem,P04931,1,Heavy-Weapon Anchor
003229503845369381050_0498926117.dem,P04539,2,Star Fragger
003229503845369381050_0498926117.dem,P08340,3,Budget Headshotter
003229503845369381050_0498926117.dem,P05336,0,Utility Support
003229503845369381050_0498926117.dem,P01879,3,Budget Headshotter
003229503845369381050_0498926117.dem,P02778,1,Heavy-Weapon Anchor
003229503845369381050_0498926117.dem,P03482,2,Star Fragger
003229503845369381050_0498926117.dem,P02926,1,Heavy-Weapon Anchor
003229503845369381050_0498926117.dem,P04080,3,Budget Headshotter
003229509832553791622_0408576889.dem,P01786,1,Heavy-Weapon Anchor
003229509832553791622_0408576889.dem,P06824,2,Star Fragger
003229509832553791622_0408576889.dem,P07714,3,Budget Headshotter
003229509832553791622_0408576889.dem,P00032,3,Budget Headshotter
003229509832553791622_0408576889.dem,P03184,1,Heavy-Weapon Anchor
003229509832553791622_0408576889.dem,P04971,2,Star Fragger
003229509832553791622_0408576889.dem,P00172,1,Heavy-Weapon Anchor
003229509832553791622_0408576889.dem,P02396,3,Budget Headshotter
003229509832553791622_0408576889.dem,P02123,1,Heavy-Weapon Anchor
003229509832553791622_0408576889.dem,P09920,1,Heavy-Weapon Anchor
003229512250620379543_0575629118.dem,P09591,0,Utility Support
003229512250620379543_0575629118.dem,P09266,2,Star Fragger
003229512250620379543_0575629118.dem,P00250,3,Budget Headshotter
003229512250620379543_0575629118.dem,P01406,0,Utility Support
003229512250620379543_0575629118.dem,P03950,1,Heavy-Weapon Anchor
003229512250620379543_0575629118.dem,P03683,0,Utility Support
003229512250620379543_0575629118.dem,P02891,2,Star Fragger
003229512250620379543_0575629118.dem,P10155,1,Heavy-Weapon Anchor
003229512250620379543_0575629118.dem,P04866,1,Heavy-Weapon Anchor
003229512250620379543_0575629118.dem,P06384,0,Utility Support
003229512555563057280_1385830458.dem,P06812,2,Star Fragger
003229512555563057280_1385830458.dem,P08697,1,Heavy-Weapon Anchor
003229512555563057280_1385830458.dem,P10012,3,Budget Headshotter
003229512555563057280_1385830458.dem,P04824,3,Budget Headshotter
003229512555563057280_1385830458.dem,P03414,2,Star Fragger
003229512555563057280_1385830458.dem,P07751,1,Heavy-Weapon Anchor
003229512555563057280_1385830458.dem,P01374,3,Budget Headshotter
003229512555563057280_1385830458.dem,P09876,0,Utility Support
003229512555563057280_1385830458.dem,P09232,2,Star Fragger
003229512555563057280_1385830458.dem,P10072,3,Budget Headshotter
003229520602184286388_1954319761.dem,P10944,2,Star Fragger
003229520602184286388_1954319761.dem,P04045,3,Budget Headshotter
003229520602184286388_1954319761.dem,P06053,1,Heavy-Weapon Anchor
003229520602184286388_1954319761.dem,P03701,3,Budget Headshotter
003229520602184286388_1954319761.dem,P10762,3,Budget Headshotter
003229520602184286388_1954319761.dem,P01813,1,Heavy-Weapon Anchor
003229520602184286388_1954319761.dem,P04083,1,Heavy-Weapon Anchor
003229520602184286388_1954319761.dem,P01096,3,Budget Headshotter
003229520602184286388_1954319761.dem,P00831,1,Heavy-Weapon Anchor
003229520602184286388_1954319761.dem,P02694,1,Heavy-Weapon Anchor
003229522637998784550_0985923831.dem,P08039,2,Star Fragger
003229522637998784550_0985923831.dem,P08416,3,Budget Headshotter
003229522637998784550_0985923831.dem,P10843,3,Budget Headshotter
003229522637998784550_0985923831.dem,P05442,1,Heavy-Weapon Anchor
003229522637998784550_0985923831.dem,P06829,3,Budget Headshotter
003229522637998784550_0985923831.dem,P00415,1,Heavy-Weapon Anchor
003229522637998784550_0985923831.dem,P07720,0,Utility Support
003229522637998784550_0985923831.dem,P04295,2,Star Fragger
003229522637998784550_0985923831.dem,P06118,3,Budget Headshotter
003229522637998784550_0985923831.dem,P00930,3,Budget Headshotter
003229523473369923943_1697161991.dem,P06218,1,Heavy-Weapon Anchor
003229523473369923943_1697161991.dem,P06112,0,Utility Support
003229523473369923943_1697161991.dem,P03608,2,Star Fragger
003229523473369923943_1697161991.dem,P05233,3,Budget Headshotter
003229523473369923943_1697161991.dem,P09252,3,Budget Headshotter
003229523473369923943_1697161991.dem,P00312,2,Star Fragger
003229523473369923943_1697161991.dem,P07561,1,Heavy-Weapon Anchor
003229523473369923943_1697161991.dem,P00338,0,Utility Support
003229523473369923943_1697161991.dem,P05720,0,Utility Support
003229523473369923943_1697161991.dem,P06401,3,Budget Headshotter
003229528532841398722_2059935382.dem,P01223,2,Star Fragger
003229528532841398722_2059935382.dem,P09261,0,Utility Support
003229528532841398722_2059935382.dem,P07081,1,Heavy-Weapon Anchor
003229528532841398722_2059935382.dem,P02617,2,Star Fragger
003229528532841398722_2059935382.dem,P03535,3,Budget Headshotter
003229528532841398722_2059935382.dem,P05720,0,Utility Support
003229528532841398722_2059935382.dem,P02338,3,Budget Headshotter
003229528532841398722_2059935382.dem,P01890,1,Heavy-Weapon Anchor
003229528532841398722_2059935382.dem,P10164,1,Heavy-Weapon Anchor
003229528532841398722_2059935382.dem,P04598,3,Budget Headshotter
003229529836363972856_1413899635.dem,P07878,0,Utility Support
003229529836363972856_1413899635.dem,P07745,1,Heavy-Weapon Anchor
003229529836363972856_1413899635.dem,P04202,0,Utility Support
003229529836363972856_1413899635.dem,P09743,1,Heavy-Weapon Anchor
003229529836363972856_1413899635.dem,P08828,3,Budget Headshotter
003229529836363972856_1413899635.dem,P08791,0,Utility Support
003229529836363972856_1413899635.dem,P02699,2,Star Fragger
003229529836363972856_1413899635.dem,P05262,2,Star Fragger
003229529836363972856_1413899635.dem,P00374,1,Heavy-Weapon Anchor
003229529836363972856_1413899635.dem,P01233,1,Heavy-Weapon Anchor
003229533109129052181_2118199567.dem,P04348,1,Heavy-Weapon Anchor
003229533109129052181_2118199567.dem,P01462,1,Heavy-Weapon Anchor
003229533109129052181_2118199567.dem,P04418,2,Star Fragger
003229533109129052181_2118199567.dem,P04682,0,Utility Support
003229533109129052181_2118199567.dem,P05720,0,Utility Support
003229533109129052181_2118199567.dem,P00389,1,Heavy-Weapon Anchor
003229533109129052181_2118199567.dem,P06104,1,Heavy-Weapon Anchor
003229533109129052181_2118199567.dem,P01158,0,Utility Support
003229533109129052181_2118199567.dem,P05644,3,Budget Headshotter
003229533109129052181_2118199567.dem,P04544,3,Budget Headshotter
003229535177155805218_0116928269.dem,P07878,0,Utility Support
003229535177155805218_0116928269.dem,P07745,0,Utility Support
003229535177155805218_0116928269.dem,P07685,3,Budget Headshotter
003229535177155805218_0116928269.dem,P01186,3,Budget Headshotter
003229535177155805218_0116928269.dem,P04713,3,Budget Headshotter
003229535177155805218_0116928269.dem,P09770,0,Utility Support
003229535177155805218_0116928269.dem,P08828,2,Star Fragger
003229535177155805218_0116928269.dem,P04582,1,Heavy-Weapon Anchor
003229535177155805218_0116928269.dem,P09627,3,Budget Headshotter
003229535177155805218_0116928269.dem,P05262,2,Star Fragger
003229538361874055382_0832669199.dem,P05028,0,Utility Support
003229538361874055382_0832669199.dem,P03689,1,Heavy-Weapon Anchor
003229538361874055382_0832669199.dem,P10891,1,Heavy-Weapon Anchor
003229538361874055382_0832669199.dem,P10599,1,Heavy-Weapon Anchor
003229538361874055382_0832669199.dem,P02053,2,Star Fragger
003229538361874055382_0832669199.dem,P00347,3,Budget Headshotter
003229538361874055382_0832669199.dem,P01872,3,Budget Headshotter
003229538361874055382_0832669199.dem,P03102,1,Heavy-Weapon Anchor
003229538361874055382_0832669199.dem,P10586,0,Utility Support
003229538361874055382_0832669199.dem,P02790,3,Budget Headshotter
003229538926662254704_1429272692.dem,P02503,1,Heavy-Weapon Anchor
003229538926662254704_1429272692.dem,P08779,3,Budget Headshotter
003229538926662254704_1429272692.dem,P09430,3,Budget Headshotter
003229538926662254704_1429272692.dem,P01411,1,Heavy-Weapon Anchor
003229538926662254704_1429272692.dem,P02255,2,Star Fragger
003229538926662254704_1429272692.dem,P10557,1,Heavy-Weapon Anchor
003229538926662254704_1429272692.dem,P06443,1,Heavy-Weapon Anchor
003229538926662254704_1429272692.dem,P08519,0,Utility Support
003229538926662254704_1429272692.dem,P09172,2,Star Fragger
003229538926662254704_1429272692.dem,P05260,1,Heavy-Weapon Anchor
003229540631764271280_0606473841.dem,P00345,1,Heavy-Weapon Anchor
003229540631764271280_0606473841.dem,P09375,3,Budget Headshotter
003229540631764271280_0606473841.dem,P02913,0,Utility Support
003229540631764271280_0606473841.dem,P10588,1,Heavy-Weapon Anchor
003229540631764271280_0606473841.dem,P08367,2,Star Fragger
003229540631764271280_0606473841.dem,P05720,0,Utility Support
003229540631764271280_0606473841.dem,P07192,2,Star Fragger
003229540631764271280_0606473841.dem,P04567,2,Star Fragger
003229540631764271280_0606473841.dem,P10502,3,Budget Headshotter
003229540631764271280_0606473841.dem,P08982,1,Heavy-Weapon Anchor
003229547381305376770_2087454223.dem,P00095,0,Utility Support
003229547381305376770_2087454223.dem,P00828,0,Utility Support
003229547381305376770_2087454223.dem,P06556,1,Heavy-Weapon Anchor
003229547381305376770_2087454223.dem,P09027,3,Budget Headshotter
003229547381305376770_2087454223.dem,P06832,3,Budget Headshotter
003229547381305376770_2087454223.dem,P05599,2,Star Fragger
003229547381305376770_2087454223.dem,P10336,0,Utility Support
003229547381305376770_2087454223.dem,P08241,0,Utility Support
003229547381305376770_2087454223.dem,P05720,0,Utility Support
003229547381305376770_2087454223.dem,P03799,1,Heavy-Weapon Anchor
003229571987173015599_0497791753.dem,P05914,3,Budget Headshotter
003229571987173015599_0497791753.dem,P08147,3,Budget Headshotter
003229571987173015599_0497791753.dem,P05725,0,Utility Support
003229571987173015599_0497791753.dem,P05990,0,Utility Support
003229571987173015599_0497791753.dem,P05618,0,Utility Support
003229571987173015599_0497791753.dem,P09198,1,Heavy-Weapon Anchor
003229571987173015599_0497791753.dem,P05758,1,Heavy-Weapon Anchor
003229571987173015599_0497791753.dem,P01235,1,Heavy-Weapon Anchor
003229571987173015599_0497791753.dem,P02368,1,Heavy-Weapon Anchor
003229571987173015599_0497791753.dem,P03968,3,Budget Headshotter
003229575324362604568_1774667547.dem,P09528,0,Utility Support
003229575324362604568_1774667547.dem,P06479,3,Budget Headshotter
003229575324362604568_1774667547.dem,P02772,0,Utility Support
003229575324362604568_1774667547.dem,P00258,1,Heavy-Weapon Anchor
003229575324362604568_1774667547.dem,P05283,0,Utility Support
003229575324362604568_1774667547.dem,P00264,1,Heavy-Weapon Anchor
003229575324362604568_1774667547.dem,P10170,0,Utility Support
003229575324362604568_1774667547.dem,P10602,3,Budget Headshotter
003229575324362604568_1774667547.dem,P01264,2,Star Fragger
003229575324362604568_1774667547.dem,P07141,3,Budget Headshotter
003229603099916107808_1201131139.dem,P06108,3,Budget Headshotter
003229603099916107808_1201131139.dem,P05887,2,Star Fragger
003229603099916107808_1201131139.dem,P04304,2,Star Fragger
003229603099916107808_1201131139.dem,P03879,1,Heavy-Weapon Anchor
003229603099916107808_1201131139.dem,P07199,3,Budget Headshotter
003229603099916107808_1201131139.dem,P04948,1,Heavy-Weapon Anchor
003229603099916107808_1201131139.dem,P05760,0,Utility Support
003229603099916107808_1201131139.dem,P10792,3,Budget Headshotter
003229603099916107808_1201131139.dem,P08325,3,Budget Headshotter
003229603099916107808_1201131139.dem,P04964,1,Heavy-Weapon Anchor
003229630229077033177_0192482483.dem,P02570,3,Budget Headshotter
003229630229077033177_0192482483.dem,P07259,2,Star Fragger
003229630229077033177_0192482483.dem,P05712,1,Heavy-Weapon Anchor
003229630229077033177_0192482483.dem,P08569,0,Utility Support
003229630229077033177_0192482483.dem,P04804,0,Utility Support
003229630229077033177_0192482483.dem,P06833,1,Heavy-Weapon Anchor
003229630229077033177_0192482483.dem,P01152,1,Heavy-Weapon Anchor
003229630229077033177_0192482483.dem,P01604,1,Heavy-Weapon Anchor
003229630229077033177_0192482483.dem,P10956,1,Heavy-Weapon Anchor
003229630229077033177_0192482483.dem,P04096,2,Star Fragger
003229647887835070622_1859892571.dem,P03909,3,Budget Headshotter
003229647887835070622_1859892571.dem,P03142,1,Heavy-Weapon Anchor
003229647887835070622_1859892571.dem,P08226,1,Heavy-Weapon Anchor
003229647887835070622_1859892571.dem,P09561,2,Star Fragger
003229647887835070622_1859892571.dem,P03966,2,Star Fragger
003229647887835070622_1859892571.dem,P08998,1,Heavy-Weapon Anchor
003229647887835070622_1859892571.dem,P00458,1,Heavy-Weapon Anchor
003229647887835070622_1859892571.dem,P09039,0,Utility Support
003229647887835070622_1859892571.dem,P10126,1,Heavy-Weapon Anchor
003229647887835070622_1859892571.dem,P08021,3,Budget Headshotter
003229656660305772778_1896729345.dem,P07427,0,Utility Support
003229656660305772778_1896729345.dem,P10917,3,Budget Headshotter
003229656660305772778_1896729345.dem,P01842,1,Heavy-Weapon Anchor
003229656660305772778_1896729345.dem,P03454,3,Budget Headshotter
003229656660305772778_1896729345.dem,P08092,0,Utility Support
003229656660305772778_1896729345.dem,P03942,3,Budget Headshotter
003229656660305772778_1896729345.dem,P07823,2,Star Fragger
003229656660305772778_1896729345.dem,P07401,1,Heavy-Weapon Anchor
003229656660305772778_1896729345.dem,P05741,0,Utility Support
003229656660305772778_1896729345.dem,P05229,2,Star Fragger
003229661264510714230_0375081577.dem,P01528,1,Heavy-Weapon Anchor
003229661264510714230_0375081577.dem,P03654,2,Star Fragger
003229661264510714230_0375081577.dem,P04888,2,Star Fragger
003229661264510714230_0375081577.dem,P10427,2,Star Fragger
003229661264510714230_0375081577.dem,P06404,1,Heavy-Weapon Anchor
003229661264510714230_0375081577.dem,P01034,1,Heavy-Weapon Anchor
003229661264510714230_0375081577.dem,P02569,1,Heavy-Weapon Anchor
003229661264510714230_0375081577.dem,P03975,1,Heavy-Weapon Anchor
003229661264510714230_0375081577.dem,P06798,1,Heavy-Weapon Anchor
003229661264510714230_0375081577.dem,P07476,3,Budget Headshotter
003229662003245088937_0196233220.dem,P05121,1,Heavy-Weapon Anchor
003229662003245088937_0196233220.dem,P09578,0,Utility Support
003229662003245088937_0196233220.dem,P06651,1,Heavy-Weapon Anchor
003229662003245088937_0196233220.dem,P00166,0,Utility Support
003229662003245088937_0196233220.dem,P02248,0,Utility Support
003229662003245088937_0196233220.dem,P03570,1,Heavy-Weapon Anchor
003229662003245088937_0196233220.dem,P03054,0,Utility Support
003229662003245088937_0196233220.dem,P08154,0,Utility Support
003229662003245088937_0196233220.dem,P10652,1,Heavy-Weapon Anchor
003229662003245088937_0196233220.dem,P06571,0,Utility Support
003229664328969879732_1500722436.dem,P05665,2,Star Fragger
003229664328969879732_1500722436.dem,P01136,1,Heavy-Weapon Anchor
003229664328969879732_1500722436.dem,P10763,3,Budget Headshotter
003229664328969879732_1500722436.dem,P06057,1,Heavy-Weapon Anchor
003229664328969879732_1500722436.dem,P06624,3,Budget Headshotter
003229664328969879732_1500722436.dem,P02450,2,Star Fragger
003229664328969879732_1500722436.dem,P08891,1,Heavy-Weapon Anchor
003229664328969879732_1500722436.dem,P09818,1,Heavy-Weapon Anchor
003229664328969879732_1500722436.dem,P08564,3,Budget Headshotter
003229664328969879732_1500722436.dem,P00840,0,Utility Support
003229680473751945602_1824793669.dem,P02966,0,Utility Support
003229680473751945602_1824793669.dem,P03620,0,Utility Support
003229680473751945602_1824793669.dem,P09706,3,Budget Headshotter
003229680473751945602_1824793669.dem,P01499,1,Heavy-Weapon Anchor
003229680473751945602_1824793669.dem,P10846,3,Budget Headshotter
003229680473751945602_1824793669.dem,P08857,3,Budget Headshotter
003229680473751945602_1824793669.dem,P04605,0,Utility Support
003229680473751945602_1824793669.dem,P06849,3,Budget Headshotter
003229680473751945602_1824793669.dem,P00525,3,Budget Headshotter
003229680473751945602_1824793669.dem,P09514,2,Star Fragger
003229690030054178968_0747907144.dem,P04171,2,Star Fragger
003229690030054178968_0747907144.dem,P07755,1,Heavy-Weapon Anchor
003229690030054178968_0747907144.dem,P04570,1,Heavy-Weapon Anchor
003229690030054178968_0747907144.dem,P04036,1,Heavy-Weapon Anchor
003229690030054178968_0747907144.dem,P03414,3,Budget Headshotter
003229690030054178968_0747907144.dem,P02814,1,Heavy-Weapon Anchor
003229690030054178968_0747907144.dem,P10672,3,Budget Headshotter
003229690030054178968_0747907144.dem,P00816,1,Heavy-Weapon Anchor
003229690030054178968_0747907144.dem,P09918,1,Heavy-Weapon Anchor
003229690030054178968_0747907144.dem,P09417,2,Star Fragger
003229691591274791050_1547788392.dem,P03911,1,Heavy-Weapon Anchor
003229691591274791050_1547788392.dem,P08447,0,Utility Support
003229691591274791050_1547788392.dem,P00442,0,Utility Support
003229691591274791050_1547788392.dem,P00543,2,Star Fragger
003229691591274791050_1547788392.dem,P05493,3,Budget Headshotter
003229691591274791050_1547788392.dem,P07893,0,Utility Support
003229691591274791050_1547788392.dem,P05834,2,Star Fragger
003229691591274791050_1547788392.dem,P07440,1,Heavy-Weapon Anchor
003229691591274791050_1547788392.dem,P07934,0,Utility Support
003229691591274791050_1547788392.dem,P04378,0,Utility Support
003229695684378624326_0208715263.dem,P05059,3,Budget Headshotter
003229695684378624326_0208715263.dem,P00527,0,Utility Support
003229695684378624326_0208715263.dem,P09707,0,Utility Support
003229695684378624326_0208715263.dem,P08615,1,Heavy-Weapon Anchor
003229695684378624326_0208715263.dem,P04651,0,Utility Support
003229695684378624326_0208715263.dem,P07624,0,Utility Support
003229695684378624326_0208715263.dem,P00877,0,Utility Support
003229695684378624326_0208715263.dem,P02539,1,Heavy-Weapon Anchor
003229695684378624326_0208715263.dem,P02227,1,Heavy-Weapon Anchor
003229695684378624326_0208715263.dem,P10338,3,Budget Headshotter
003229697013671002182_1466900564.dem,P04824,2,Star Fragger
003229697013671002182_1466900564.dem,P03414,2,Star Fragger
003229697013671002182_1466900564.dem,P03427,0,Utility Support
003229697013671002182_1466900564.dem,P10073,3,Budget Headshotter
003229697013671002182_1466900564.dem,P04470,1,Heavy-Weapon Anchor
003229697013671002182_1466900564.dem,P05351,0,Utility Support
003229697013671002182_1466900564.dem,P08755,1,Heavy-Weapon Anchor
003229697013671002182_1466900564.dem,P00533,1,Heavy-Weapon Anchor
003229697013671002182_1466900564.dem,P10081,3,Budget Headshotter
003229697013671002182_1466900564.dem,P00555,1,Heavy-Weapon Anchor
003229699906331476300_2128703118.dem,P04391,3,Budget Headshotter
003229699906331476300_2128703118.dem,P05536,1,Heavy-Weapon Anchor
003229699906331476300_2128703118.dem,P01734,1,Heavy-Weapon Anchor
003229699906331476300_2128703118.dem,P07209,0,Utility Support
003229699906331476300_2128703118.dem,P05064,0,Utility Support
003229699906331476300_2128703118.dem,P04860,1,Heavy-Weapon Anchor
003229699906331476300_2128703118.dem,P08910,3,Budget Headshotter
003229699906331476300_2128703118.dem,P00915,3,Budget Headshotter
003229699906331476300_2128703118.dem,P09262,3,Budget Headshotter
003229699906331476300_2128703118.dem,P01025,2,Star Fragger
003229717081905692769_0177897980.dem,P01067,1,Heavy-Weapon Anchor
003229717081905692769_0177897980.dem,P00238,1,Heavy-Weapon Anchor
003229717081905692769_0177897980.dem,P03941,0,Utility Support
003229717081905692769_0177897980.dem,P00018,0,Utility Support
003229717081905692769_0177897980.dem,P07311,3,Budget Headshotter
003229717081905692769_0177897980.dem,P02211,3,Budget Headshotter
003229717081905692769_0177897980.dem,P08231,0,Utility Support
003229717081905692769_0177897980.dem,P07723,2,Star Fragger
003229717081905692769_0177897980.dem,P04608,0,Utility Support
003229717081905692769_0177897980.dem,P07575,1,Heavy-Weapon Anchor
003229729157206245401_0458144590.dem,P09283,3,Budget Headshotter
003229729157206245401_0458144590.dem,P01428,3,Budget Headshotter
003229729157206245401_0458144590.dem,P00408,0,Utility Support
003229729157206245401_0458144590.dem,P07050,2,Star Fragger
003229729157206245401_0458144590.dem,P03750,0,Utility Support
003229729157206245401_0458144590.dem,P08153,3,Budget Headshotter
003229729157206245401_0458144590.dem,P04307,3,Budget Headshotter
003229729157206245401_0458144590.dem,P10719,2,Star Fragger
003229729157206245401_0458144590.dem,P01197,2,Star Fragger
003229729157206245401_0458144590.dem,P06063,3,Budget Headshotter
003229734487260659917_1237904587.dem,P08909,2,Star Fragger
003229734487260659917_1237904587.dem,P03153,0,Utility Support
003229734487260659917_1237904587.dem,P07365,2,Star Fragger
003229734487260659917_1237904587.dem,P07219,0,Utility Support
003229734487260659917_1237904587.dem,P06199,1,Heavy-Weapon Anchor
003229734487260659917_1237904587.dem,P00684,3,Budget Headshotter
003229734487260659917_1237904587.dem,P01097,1,Heavy-Weapon Anchor
003229734487260659917_1237904587.dem,P07980,3,Budget Headshotter
003229734487260659917_1237904587.dem,P08532,0,Utility Support
003229745460902101049_0797709044.dem,P08645,1,Heavy-Weapon Anchor
003229745460902101049_0797709044.dem,P02079,1,Heavy-Weapon Anchor
003229745460902101049_0797709044.dem,P04995,1,Heavy-Weapon Anchor
003229745460902101049_0797709044.dem,P07895,3,Budget Headshotter
003229745460902101049_0797709044.dem,P05093,3,Budget Headshotter
003229745460902101049_0797709044.dem,P01191,3,Budget Headshotter
003229745460902101049_0797709044.dem,P04443,3,Budget Headshotter
003229745460902101049_0797709044.dem,P06378,2,Star Fragger
003229745460902101049_0797709044.dem,P03544,3,Budget Headshotter
003229745460902101049_0797709044.dem,P00858,3,Budget Headshotter
003229757834702880837_1897764822.dem,P09977,1,Heavy-Weapon Anchor
003229757834702880837_1897764822.dem,P02769,0,Utility Support
003229757834702880837_1897764822.dem,P01539,1,Heavy-Weapon Anchor
003229757834702880837_1897764822.dem,P05321,1,Heavy-Weapon Anchor
003229757834702880837_1897764822.dem,P07660,2,Star Fragger
003229757834702880837_1897764822.dem,P06817,2,Star Fragger
003229757834702880837_1897764822.dem,P08604,3,Budget Headshotter
003229757834702880837_1897764822.dem,P10454,1,Heavy-Weapon Anchor
003229757834702880837_1897764822.dem,P08126,1,Heavy-Weapon Anchor
003229757834702880837_1897764822.dem,P05300,3,Budget Headshotter
003229781242274644081_0597142822.dem,P04841,2,Star Fragger
003229781242274644081_0597142822.dem,P08669,3,Budget Headshotter
003229781242274644081_0597142822.dem,P08879,3,Budget Headshotter
003229781242274644081_0597142822.dem,P01288,3,Budget Headshotter
003229781242274644081_0597142822.dem,P05067,2,Star Fragger
003229781242274644081_0597142822.dem,P01717,2,Star Fragger
003229781242274644081_0597142822.dem,P06145,2,Star Fragger
003229781242274644081_0597142822.dem,P02222,3,Budget Headshotter
003229781242274644081_0597142822.dem,P02381,0,Utility Support
003229781242274644081_0597142822.dem,P00988,3,Budget Headshotter
003229781326026506299_0434140977.dem,P09785,3,Budget Headshotter
003229781326026506299_0434140977.dem,P00014,1,Heavy-Weapon Anchor
003229781326026506299_0434140977.dem,P06966,3,Budget Headshotter
003229781326026506299_0434140977.dem,P07662,3,Budget Headshotter
003229781326026506299_0434140977.dem,P10940,1,Heavy-Weapon Anchor
003229781326026506299_0434140977.dem,P02616,1,Heavy-Weapon Anchor
003229781326026506299_0434140977.dem,P00911,1,Heavy-Weapon Anchor
003229781326026506299_0434140977.dem,P00629,2,Star Fragger
003229781326026506299_0434140977.dem,P08337,2,Star Fragger
003229781326026506299_0434140977.dem,P01931,2,Star Fragger
003229789572363714667_0987294372.dem,P10317,3,Budget Headshotter
003229789572363714667_0987294372.dem,P08641,1,Heavy-Weapon Anchor
003229789572363714667_0987294372.dem,P05726,1,Heavy-Weapon Anchor
003229789572363714667_0987294372.dem,P06042,2,Star Fragger
003229789572363714667_0987294372.dem,P08031,1,Heavy-Weapon Anchor
003229789572363714667_0987294372.dem,P04560,1,Heavy-Weapon Anchor
003229789572363714667_0987294372.dem,P07499,1,Heavy-Weapon Anchor
003229789572363714667_0987294372.dem,P03126,1,Heavy-Weapon Anchor
003229789572363714667_0987294372.dem,P08748,1,Heavy-Weapon Anchor
003229789572363714667_0987294372.dem,P04393,1,Heavy-Weapon Anchor
003229821496855625731_0172264905.dem,P09309,1,Heavy-Weapon Anchor
003229821496855625731_0172264905.dem,P04291,2,Star Fragger
003229821496855625731_0172264905.dem,P05136,3,Budget Headshotter
003229821496855625731_0172264905.dem,P03155,2,Star Fragger
003229821496855625731_0172264905.dem,P03492,1,Heavy-Weapon Anchor
003229821496855625731_0172264905.dem,P02836,1,Heavy-Weapon Anchor
003229821496855625731_0172264905.dem,P06861,1,Heavy-Weapon Anchor
003229821496855625731_0172264905.dem,P00508,1,Heavy-Weapon Anchor
003229821496855625731_0172264905.dem,P06815,3,Budget Headshotter
003229821496855625731_0172264905.dem,P00943,3,Budget Headshotter
003229841850705641556_1627920175.dem,P08265,3,Budget Headshotter
003229841850705641556_1627920175.dem,P00627,2,Star Fragger
003229841850705641556_1627920175.dem,P04784,2,Star Fragger
003229841850705641556_1627920175.dem,P07955,0,Utility Support
003229841850705641556_1627920175.dem,P04394,1,Heavy-Weapon Anchor
003229841850705641556_1627920175.dem,P10023,3,Budget Headshotter
003229841850705641556_1627920175.dem,P07202,1,Heavy-Weapon Anchor
003229841850705641556_1627920175.dem,P03526,3,Budget Headshotter
003229841850705641556_1627920175.dem,P01100,3,Budget Headshotter
003229841850705641556_1627920175.dem,P10652,1,Heavy-Weapon Anchor
003229856640425525371_0920471988.dem,P04032,1,Heavy-Weapon Anchor
003229856640425525371_0920471988.dem,P01857,1,Heavy-Weapon Anchor
003229856640425525371_0920471988.dem,P03767,0,Utility Support
003229856640425525371_0920471988.dem,P03517,1,Heavy-Weapon Anchor
003229856640425525371_0920471988.dem,P10794,1,Heavy-Weapon Anchor
003229856640425525371_0920471988.dem,P09033,2,Star Fragger
003229856640425525371_0920471988.dem,P02788,0,Utility Support
003229856640425525371_0920471988.dem,P10806,3,Budget Headshotter
003229856640425525371_0920471988.dem,P05041,3,Budget Headshotter
003229856640425525371_0920471988.dem,P03720,1,Heavy-Weapon Anchor
003229873989945917755_1692175995.dem,P02641,0,Utility Support
003229873989945917755_1692175995.dem,P07495,3,Budget Headshotter
003229873989945917755_1692175995.dem,P07194,1,Heavy-Weapon Anchor
003229873989945917755_1692175995.dem,P03681,0,Utility Support
003229873989945917755_1692175995.dem,P06068,3,Budget Headshotter
003229873989945917755_1692175995.dem,P08985,2,Star Fragger
003229873989945917755_1692175995.dem,P02412,3,Budget Headshotter
003229873989945917755_1692175995.dem,P08251,0,Utility Support
003229873989945917755_1692175995.dem,P00880,1,Heavy-Weapon Anchor
003229873989945917755_1692175995.dem,P03571,1,Heavy-Weapon Anchor
003229875514659307610_0134002915.dem,P09287,1,Heavy-Weapon Anchor
003229875514659307610_0134002915.dem,P05559,3,Budget Headshotter
003229875514659307610_0134002915.dem,P02980,0,Utility Support
003229875514659307610_0134002915.dem,P03414,2,Star Fragger
003229875514659307610_0134002915.dem,P07341,3,Budget Headshotter
003229875514659307610_0134002915.dem,P01103,0,Utility Support
003229875514659307610_0134002915.dem,P05827,2,Star Fragger
003229875514659307610_0134002915.dem,P10889,3,Budget Headshotter
003229875514659307610_0134002915.dem,P10876,2,Star Fragger
003229875514659307610_0134002915.dem,P00843,3,Budget Headshotter
003229879803184152646_0167625648.dem,P06545,3,Budget Headshotter
003229879803184152646_0167625648.dem,P07644,3,Budget Headshotter
003229879803184152646_0167625648.dem,P03414,1,Heavy-Weapon Anchor
003229879803184152646_0167625648.dem,P08189,1,Heavy-Weapon Anchor
003229879803184152646_0167625648.dem,P02638,0,Utility Support
003229879803184152646_0167625648.dem,P10287,2,Star Fragger
003229879803184152646_0167625648.dem,P08601,0,Utility Support
003229879803184152646_0167625648.dem,P07449,1,Heavy-Weapon Anchor
003229879803184152646_0167625648.dem,P05679,3,Budget Headshotter
003229879803184152646_0167625648.dem,P02575,2,Star Fragger
003229883451758870739_1064231960.dem,P09456,0,Utility Support
003229883451758870739_1064231960.dem,P07596,0,Utility Support
003229883451758870739_1064231960.dem,P09203,3,Budget Headshotter
003229883451758870739_1064231960.dem,P05369,1,Heavy-Weapon Anchor
003229883451758870739_1064231960.dem,P01561,0,Utility Support
003229883451758870739_1064231960.dem,P05813,0,Utility Support
003229883451758870739_1064231960.dem,P07699,1,Heavy-Weapon Anchor
003229883451758870739_1064231960.dem,P02743,1,Heavy-Weapon Anchor
003229883451758870739_1064231960.dem,P06728,2,Star Fragger
003229883451758870739_1064231960.dem,P10591,3,Budget Headshotter
003229889574234751006_2021627776.dem,P09667,2,Star Fragger
003229889574234751006_2021627776.dem,P07611,2,Star Fragger
003229889574234751006_2021627776.dem,P02356,0,Utility Support
003229889574234751006_2021627776.dem,P08929,3,Budget Headshotter
003229889574234751006_2021627776.dem,P08655,2,Star Fragger
003229889574234751006_2021627776.dem,P00075,3,Budget Headshotter
003229889574234751006_2021627776.dem,P00798,3,Budget Headshotter
003229889574234751006_2021627776.dem,P00158,3,Budget Headshotter
003229889574234751006_2021627776.dem,P06933,2,Star Fragger
003229889574234751006_2021627776.dem,P10457,3,Budget Headshotter
003229890862724939995_1978374142.dem,P09799,3,Budget Headshotter
003229890862724939995_1978374142.dem,P10642,2,Star Fragger
003229890862724939995_1978374142.dem,P05276,3,Budget Headshotter
003229890862724939995_1978374142.dem,P03014,1,Heavy-Weapon Anchor
003229890862724939995_1978374142.dem,P07597,1,Heavy-Weapon Anchor
003229890862724939995_1978374142.dem,P09828,0,Utility Support
003229890862724939995_1978374142.dem,P01056,0,Utility Support
003229890862724939995_1978374142.dem,P00784,0,Utility Support
003229890862724939995_1978374142.dem,P08466,2,Star Fragger
003229890862724939995_1978374142.dem,P10751,3,Budget Headshotter
003229894457612566679_0443040516.dem,P06310,2,Star Fragger
003229894457612566679_0443040516.dem,P02946,1,Heavy-Weapon Anchor
003229894457612566679_0443040516.dem,P02313,3,Budget Headshotter
003229894457612566679_0443040516.dem,P08036,1,Heavy-Weapon Anchor
003229894457612566679_0443040516.dem,P02033,1,Heavy-Weapon Anchor
003229894457612566679_0443040516.dem,P05720,3,Budget Headshotter
003229894457612566679_0443040516.dem,P06587,3,Budget Headshotter
003229894457612566679_0443040516.dem,P09810,1,Heavy-Weapon Anchor
003229894457612566679_0443040516.dem,P07958,1,Heavy-Weapon Anchor
003229894457612566679_0443040516.dem,P07213,1,Heavy-Weapon Anchor
003229897696017907904_0341782541.dem,P00893,0,Utility Support
003229897696017907904_0341782541.dem,P07760,3,Budget Headshotter
003229897696017907904_0341782541.dem,P01691,0,Utility Support
003229897696017907904_0341782541.dem,P00115,3,Budget Headshotter
003229897696017907904_0341782541.dem,P08396,3,Budget Headshotter
003229897696017907904_0341782541.dem,P09116,0,Utility Support
003229897696017907904_0341782541.dem,P04650,2,Star Fragger
003229897696017907904_0341782541.dem,P05639,3,Budget Headshotter
003229897696017907904_0341782541.dem,P09102,0,Utility Support
003229897696017907904_0341782541.dem,P05959,0,Utility Support
003229900337422794781_1466668816.dem,P02047,0,Utility Support
003229900337422794781_1466668816.dem,P00731,3,Budget Headshotter
003229900337422794781_1466668816.dem,P02093,0,Utility Support
003229900337422794781_1466668816.dem,P07269,3,Budget Headshotter
003229900337422794781_1466668816.dem,P01626,0,Utility Support
003229900337422794781_1466668816.dem,P04688,0,Utility Support
003229900337422794781_1466668816.dem,P00366,2,Star Fragger
003229900337422794781_1466668816.dem,P05720,3,Budget Headshotter
003229900337422794781_1466668816.dem,P10568,0,Utility Support
003229900337422794781_1466668816.dem,P02579,0,Utility Support
003229906395474165890_1215500133.dem,P05767,1,Heavy-Weapon Anchor
003229906395474165890_1215500133.dem,P04130,2,Star Fragger
003229906395474165890_1215500133.dem,P00309,2,Star Fragger
003229906395474165890_1215500133.dem,P03525,2,Star Fragger
003229906395474165890_1215500133.dem,P02108,3,Budget Headshotter
003229906395474165890_1215500133.dem,P08080,0,Utility Support
003229906395474165890_1215500133.dem,P02736,1,Heavy-Weapon Anchor
003229906395474165890_1215500133.dem,P07812,3,Budget Headshotter
003229906395474165890_1215500133.dem,P05720,3,Budget Headshotter
003229906395474165890_1215500133.dem,P03488,1,Heavy-Weapon Anchor
003229933505307738296_0779890107.dem,P06896,2,Star Fragger
003229933505307738296_0779890107.dem,P06603,0,Utility Support
003229933505307738296_0779890107.dem,P00570,2,Star Fragger
003229933505307738296_0779890107.dem,P01703,3,Budget Headshotter
003229933505307738296_0779890107.dem,P01463,3,Budget Headshotter
003229933505307738296_0779890107.dem,P07798,2,Star Fragger
003229933505307738296_0779890107.dem,P08968,3,Budget Headshotter
003230038747038875980_0034209147.dem,P00327,1,Heavy-Weapon Anchor
003230038747038875980_0034209147.dem,P04415,0,Utility Support
003230038747038875980_0034209147.dem,P01533,2,Star Fragger
003230038747038875980_0034209147.dem,P03910,0,Utility Support
003230038747038875980_0034209147.dem,P07074,1,Heavy-Weapon Anchor
003230038747038875980_0034209147.dem,P08135,1,Heavy-Weapon Anchor
003230038747038875980_0034209147.dem,P00288,3,Budget Headshotter
003230038747038875980_0034209147.dem,P09915,3,Budget Headshotter
003230038747038875980_0034209147.dem,P08035,3,Budget Headshotter
003230038747038875980_0034209147.dem,P09669,3,Budget Headshotter
003230078110414143744_0902814689.dem,P03490,0,Utility Support
003230078110414143744_0902814689.dem,P01442,3,Budget Headshotter
003230078110414143744_0902814689.dem,P07973,1,Heavy-Weapon Anchor
003230078110414143744_0902814689.dem,P05785,1,Heavy-Weapon Anchor
003230078110414143744_0902814689.dem,P04257,1,Heavy-Weapon Anchor
003230078110414143744_0902814689.dem,P02625,2,Star Fragger
003230078110414143744_0902814689.dem,P02022,1,Heavy-Weapon Anchor
003230078110414143744_0902814689.dem,P10585,3,Budget Headshotter
003230078110414143744_0902814689.dem,P08127,3,Budget Headshotter
003230078110414143744_0902814689.dem,P02046,2,Star Fragger
003230081763283828903_0196590451.dem,P06438,2,Star Fragger
003230081763283828903_0196590451.dem,P06292,1,Heavy-Weapon Anchor
003230081763283828903_0196590451.dem,P09944,3,Budget Headshotter
003230081763283828903_0196590451.dem,P04249,3,Budget Headshotter
003230081763283828903_0196590451.dem,P07774,0,Utility Support
003230081763283828903_0196590451.dem,P03410,3,Budget Headshotter
003230081763283828903_0196590451.dem,P03068,0,Utility Support
003230081763283828903_0196590451.dem,P06142,2,Star Fragger
003230081763283828903_0196590451.dem,P08395,0,Utility Support
003230081763283828903_0196590451.dem,P03343,1,Heavy-Weapon Anchor
003230103729894064207_2120312026.dem,P10014,2,Star Fragger
003230103729894064207_2120312026.dem,P02209,3,Budget Headshotter
003230103729894064207_2120312026.dem,P09184,3,Budget Headshotter
003230103729894064207_2120312026.dem,P02278,3,Budget Headshotter
003230103729894064207_2120312026.dem,P06461,1,Heavy-Weapon Anchor
003230103729894064207_2120312026.dem,P05675,1,Heavy-Weapon Anchor
003230103729894064207_2120312026.dem,P07855,3,Budget Headshotter
003230103729894064207_2120312026.dem,P09096,2,Star Fragger
003230103729894064207_2120312026.dem,P03894,3,Budget Headshotter
003230103729894064207_2120312026.dem,P01501,3,Budget Headshotter
003230109749290729601_1827674230.dem,P06333,3,Budget Headshotter
003230109749290729601_1827674230.dem,P02210,2,Star Fragger
003230109749290729601_1827674230.dem,P08122,3,Budget Headshotter
003230109749290729601_1827674230.dem,P01838,3,Budget Headshotter
003230109749290729601_1827674230.dem,P07210,3,Budget Headshotter
003230109749290729601_1827674230.dem,P10666,0,Utility Support
003230109749290729601_1827674230.dem,P03113,2,Star Fragger
003230109749290729601_1827674230.dem,P10028,3,Budget Headshotter
003230109749290729601_1827674230.dem,P05224,2,Star Fragger
003230109749290729601_1827674230.dem,P08409,1,Heavy-Weapon Anchor
003230129544794996872_0841100950.dem,P04993,3,Budget Headshotter
003230129544794996872_0841100950.dem,P00099,2,Star Fragger
003230129544794996872_0841100950.dem,P00109,1,Heavy-Weapon Anchor
003230129544794996872_0841100950.dem,P10822,2,Star Fragger
003230129544794996872_0841100950.dem,P08176,3,Budget Headshotter
003230129544794996872_0841100950.dem,P06019,0,Utility Support
003230129544794996872_0841100950.dem,P05309,3,Budget Headshotter
003230129544794996872_0841100950.dem,P00320,3,Budget Headshotter
003230129544794996872_0841100950.dem,P09694,0,Utility Support
003230129544794996872_0841100950.dem,P01482,3,Budget Headshotter
003230139468316934240_0500693067.dem,P07795,3,Budget Headshotter
003230139468316934240_0500693067.dem,P10102,3,Budget Headshotter
003230139468316934240_0500693067.dem,P06935,1,Heavy-Weapon Anchor
003230139468316934240_0500693067.dem,P04624,1,Heavy-Weapon Anchor
003230139468316934240_0500693067.dem,P01125,0,Utility Support
003230139468316934240_0500693067.dem,P03316,0,Utility Support
003230139468316934240_0500693067.dem,P01113,1,Heavy-Weapon Anchor
003230139468316934240_0500693067.dem,P10169,0,Utility Support
003230139468316934240_0500693067.dem,P09014,0,Utility Support
003230142214948519948_1783939569.dem,P08779,3,Budget Headshotter
003230142214948519948_1783939569.dem,P07163,2,Star Fragger
003230142214948519948_1783939569.dem,P10011,2,Star Fragger
003230142214948519948_1783939569.dem,P07076,2,Star Fragger
003230142214948519948_1783939569.dem,P10399,3,Budget Headshotter
003230142214948519948_1783939569.dem,P08219,1,Heavy-Weapon Anchor
003230142214948519948_1783939569.dem,P05537,3,Budget Headshotter
003230142214948519948_1783939569.dem,P06201,3,Budget Headshotter
003230142214948519948_1783939569.dem,P07672,0,Utility Support
003230142214948519948_1783939569.dem,P04564,1,Heavy-Weapon Anchor
003230234696331821145_0478714219.dem,P06648,3,Budget Headshotter
003230234696331821145_0478714219.dem,P00967,0,Utility Support
003230234696331821145_0478714219.dem,P10136,0,Utility Support
003230234696331821145_0478714219.dem,P05937,1,Heavy-Weapon Anchor
003230234696331821145_0478714219.dem,P05647,1,Heavy-Weapon Anchor
003230234696331821145_0478714219.dem,P03810,0,Utility Support
003230234696331821145_0478714219.dem,P04819,2,Star Fragger
003230234696331821145_0478714219.dem,P02173,3,Budget Headshotter
003230234696331821145_0478714219.dem,P05353,2,Star Fragger
003230234696331821145_0478714219.dem,P09025,0,Utility Support
003230234971209728235_1707577783.dem,P10470,1,Heavy-Weapon Anchor
003230234971209728235_1707577783.dem,P02110,3,Budget Headshotter
003230234971209728235_1707577783.dem,P00513,1,Heavy-Weapon Anchor
003230234971209728235_1707577783.dem,P03965,3,Budget Headshotter
003230234971209728235_1707577783.dem,P04533,0,Utility Support
003230234971209728235_1707577783.dem,P08914,3,Budget Headshotter
003230234971209728235_1707577783.dem,P10605,1,Heavy-Weapon Anchor
003230234971209728235_1707577783.dem,P08889,0,Utility Support
003230234971209728235_1707577783.dem,P07004,0,Utility Support
003230234971209728235_1707577783.dem,P01668,3,Budget Headshotter
003230235353461817529_2041490746.dem,P02923,0,Utility Support
003230235353461817529_2041490746.dem,P06407,1,Heavy-Weapon Anchor
003230235353461817529_2041490746.dem,P08680,1,Heavy-Weapon Anchor
003230235353461817529_2041490746.dem,P08349,0,Utility Support
003230235353461817529_2041490746.dem,P04678,3,Budget Headshotter
003230235353461817529_2041490746.dem,P10147,0,Utility Support
003230235353461817529_2041490746.dem,P06835,0,Utility Support
003230235353461817529_2041490746.dem,P09285,0,Utility Support
003230235353461817529_2041490746.dem,P02066,2,Star Fragger
003230235353461817529_2041490746.dem,P07844,0,Utility Support
003230236762211090699_1664649267.dem,P07273,0,Utility Support
003230236762211090699_1664649267.dem,P04665,0,Utility Support
003230236762211090699_1664649267.dem,P01202,1,Heavy-Weapon Anchor
003230236762211090699_1664649267.dem,P07589,3,Budget Headshotter
003230236762211090699_1664649267.dem,P05812,2,Star Fragger
003230236762211090699_1664649267.dem,P00961,1,Heavy-Weapon Anchor
003230236762211090699_1664649267.dem,P02040,0,Utility Support
003230236762211090699_1664649267.dem,P00805,2,Star Fragger
003230236762211090699_1664649267.dem,P07286,3,Budget Headshotter
003230236762211090699_1664649267.dem,P03303,3,Budget Headshotter
003230238432953368768_0333047143.dem,P00804,1,Heavy-Weapon Anchor
003230238432953368768_0333047143.dem,P01566,1,Heavy-Weapon Anchor
003230238432953368768_0333047143.dem,P07372,1,Heavy-Weapon Anchor
003230238432953368768_0333047143.dem,P06943,0,Utility Support
003230238432953368768_0333047143.dem,P00304,2,Star Fragger
003230238432953368768_0333047143.dem,P06722,1,Heavy-Weapon Anchor
003230238432953368768_0333047143.dem,P07186,3,Budget Headshotter
003230238432953368768_0333047143.dem,P06939,0,Utility Support
003230238432953368768_0333047143.dem,P00285,3,Budget Headshotter
003230238432953368768_0333047143.dem,P00214,3,Budget Headshotter
003230248687187787922_0417278779.dem,P05671,3,Budget Headshotter
003230248687187787922_0417278779.dem,P09969,3,Budget Headshotter
003230248687187787922_0417278779.dem,P04341,3,Budget Headshotter
003230248687187787922_0417278779.dem,P09637,2,Star Fragger
003230248687187787922_0417278779.dem,P00475,0,Utility Support
003230248687187787922_0417278779.dem,P06522,1,Heavy-Weapon Anchor
003230248687187787922_0417278779.dem,P09728,3,Budget Headshotter
003230248687187787922_0417278779.dem,P04040,3,Budget Headshotter
003230248687187787922_0417278779.dem,P00759,2,Star Fragger
003230248687187787922_0417278779.dem,P04667,1,Heavy-Weapon Anchor
003230252861895999751_1258547560.dem,P00851,3,Budget Headshotter
003230252861895999751_1258547560.dem,P04432,0,Utility Support
003230252861895999751_1258547560.dem,P08383,2,Star Fragger
003230252861895999751_1258547560.dem,P06334,3,Budget Headshotter
003230252861895999751_1258547560.dem,P06330,0,Utility Support
003230252861895999751_1258547560.dem,P07705,1,Heavy-Weapon Anchor
003230252861895999751_1258547560.dem,P09698,3,Budget Headshotter
003230252861895999751_1258547560.dem,P07721,3,Budget Headshotter
003230252861895999751_1258547560.dem,P00614,1,Heavy-Weapon Anchor
003230252861895999751_1258547560.dem,P03580,3,Budget Headshotter
003230264106120380621_2006227009.dem,P03943,0,Utility Support
003230264106120380621_2006227009.dem,P07093,2,Star Fragger
003230264106120380621_2006227009.dem,P03393,0,Utility Support
003230264106120380621_2006227009.dem,P09547,0,Utility Support
003230264106120380621_2006227009.dem,P10714,2,Star Fragger
003230264106120380621_2006227009.dem,P08413,3,Budget Headshotter
003230264106120380621_2006227009.dem,P00923,2,Star Fragger
003230264106120380621_2006227009.dem,P04787,1,Heavy-Weapon Anchor
003230264106120380621_2006227009.dem,P10275,3,Budget Headshotter
003230269766887276615_0025537560.dem,P02512,1,Heavy-Weapon Anchor
003230269766887276615_0025537560.dem,P01067,3,Budget Headshotter
003230269766887276615_0025537560.dem,P00238,1,Heavy-Weapon Anchor
003230269766887276615_0025537560.dem,P10389,1,Heavy-Weapon Anchor
003230269766887276615_0025537560.dem,P00218,1,Heavy-Weapon Anchor
003230269766887276615_0025537560.dem,P08231,3,Budget Headshotter
003230269766887276615_0025537560.dem,P07723,3,Budget Headshotter
003230269766887276615_0025537560.dem,P02811,2,Star Fragger
003230269766887276615_0025537560.dem,P03693,2,Star Fragger
003230269766887276615_0025537560.dem,P07845,2,Star Fragger
003230269925801066804_1238537053.dem,P03943,3,Budget Headshotter
003230269925801066804_1238537053.dem,P08028,3,Budget Headshotter
003230269925801066804_1238537053.dem,P01384,3,Budget Headshotter
003230269925801066804_1238537053.dem,P09547,3,Budget Headshotter
003230269925801066804_1238537053.dem,P08048,2,Star Fragger
003230269925801066804_1238537053.dem,P08178,1,Heavy-Weapon Anchor
003230269925801066804_1238537053.dem,P01385,1,Heavy-Weapon Anchor
003230269925801066804_1238537053.dem,P07667,0,Utility Support
003230269925801066804_1238537053.dem,P04043,0,Utility Support
003230269925801066804_1238537053.dem,P07272,0,Utility Support
003230270535686422752_2096079060.dem,P10490,0,Utility Support
003230270535686422752_2096079060.dem,P10378,1,Heavy-Weapon Anchor
003230270535686422752_2096079060.dem,P08896,0,Utility Support
003230270535686422752_2096079060.dem,P00195,1,Heavy-Weapon Anchor
003230270535686422752_2096079060.dem,P04603,0,Utility Support
003230270535686422752_2096079060.dem,P03293,0,Utility Support
003230270535686422752_2096079060.dem,P07754,0,Utility Support
003230270535686422752_2096079060.dem,P09429,0,Utility Support
003230270535686422752_2096079060.dem,P00298,0,Utility Support
003230270535686422752_2096079060.dem,P00545,3,Budget Headshotter
003230276548640637000_0946319915.dem,P02512,3,Budget Headshotter
003230276548640637000_0946319915.dem,P01067,3,Budget Headshotter
003230276548640637000_0946319915.dem,P00238,1,Heavy-Weapon Anchor
003230276548640637000_0946319915.dem,P00606,0,Utility Support
003230276548640637000_0946319915.dem,P08231,1,Heavy-Weapon Anchor
003230276548640637000_0946319915.dem,P07723,2,Star Fragger
003230276548640637000_0946319915.dem,P09919,2,Star Fragger
003230276548640637000_0946319915.dem,P09401,0,Utility Support
003230276548640637000_0946319915.dem,P04966,0,Utility Support
003230276548640637000_0946319915.dem,P09477,3,Budget Headshotter
003230279540085358598_1626621540.dem,P10921,1,Heavy-Weapon Anchor
003230279540085358598_1626621540.dem,P00939,1,Heavy-Weapon Anchor
003230279540085358598_1626621540.dem,P06081,1,Heavy-Weapon Anchor
003230279540085358598_1626621540.dem,P03660,1,Heavy-Weapon Anchor
003230279540085358598_1626621540.dem,P01467,3,Budget Headshotter
003230279540085358598_1626621540.dem,P10802,2,Star Fragger
003230279540085358598_1626621540.dem,P05988,1,Heavy-Weapon Anchor
003230279540085358598_1626621540.dem,P08893,3,Budget Headshotter
003230279540085358598_1626621540.dem,P08849,1,Heavy-Weapon Anchor
003230279540085358598_1626621540.dem,P08302,2,Star Fragger
003230283547289845948_0127767401.dem,P07718,2,Star Fragger
003230283547289845948_0127767401.dem,P08803,2,Star Fragger
003230283547289845948_0127767401.dem,P05023,3,Budget Headshotter
003230283547289845948_0127767401.dem,P00061,3,Budget Headshotter
003230283547289845948_0127767401.dem,P04992,3,Budget Headshotter
003230283547289845948_0127767401.dem,P02054,0,Utility Support
003230283547289845948_0127767401.dem,P06631,3,Budget Headshotter
003230283547289845948_0127767401.dem,P08862,3,Budget Headshotter
003230283547289845948_0127767401.dem,P00447,0,Utility Support
003230283547289845948_0127767401.dem,P08970,3,Budget Headshotter
003230294795809194164_0580294424.dem,P02828,3,Budget Headshotter
003230294795809194164_0580294424.dem,P01898,1,Heavy-Weapon Anchor
003230294795809194164_0580294424.dem,P06213,1,Heavy-Weapon Anchor
003230294795809194164_0580294424.dem,P06572,1,Heavy-Weapon Anchor
003230294795809194164_0580294424.dem,P03929,1,Heavy-Weapon Anchor
003230294795809194164_0580294424.dem,P08756,0,Utility Support
003230294795809194164_0580294424.dem,P01851,0,Utility Support
003230294795809194164_0580294424.dem,P06640,3,Budget Headshotter
003230294795809194164_0580294424.dem,P00556,2,Star Fragger
003230294795809194164_0580294424.dem,P09652,0,Utility Support
003230305477392859261_1829256484.dem,P04993,1,Heavy-Weapon Anchor
003230305477392859261_1829256484.dem,P09426,1,Heavy-Weapon Anchor
003230305477392859261_1829256484.dem,P00109,1,Heavy-Weapon Anchor
003230305477392859261_1829256484.dem,P09741,2,Star Fragger
003230305477392859261_1829256484.dem,P05038,0,Utility Support
003230305477392859261_1829256484.dem,P10316,2,Star Fragger
003230305477392859261_1829256484.dem,P02145,1,Heavy-Weapon Anchor
003230305477392859261_1829256484.dem,P07956,3,Budget Headshotter
003230305477392859261_1829256484.dem,P07060,3,Budget Headshotter
003230305477392859261_1829256484.dem,P01837,3,Budget Headshotter
003230322120391131209_1459415025.dem,P08779,2,Star Fragger
003230322120391131209_1459415025.dem,P09868,1,Heavy-Weapon Anchor
003230322120391131209_1459415025.dem,P09356,2,Star Fragger
003230322120391131209_1459415025.dem,P05267,1,Heavy-Weapon Anchor
003230322120391131209_1459415025.dem,P01133,2,Star Fragger
003230322120391131209_1459415025.dem,P03408,0,Utility Support
003230322120391131209_1459415025.dem,P04297,1,Heavy-Weapon Anchor
003230322120391131209_1459415025.dem,P00721,3,Budget Headshotter
003230322120391131209_1459415025.dem,P10953,1,Heavy-Weapon Anchor
003230323067431419932_1713933103.dem,P01001,2,Star Fragger
003230323067431419932_1713933103.dem,P05165,0,Utility Support
003230323067431419932_1713933103.dem,P06451,1,Heavy-Weapon Anchor
003230323067431419932_1713933103.dem,P01125,3,Budget Headshotter
003230323067431419932_1713933103.dem,P03316,0,Utility Support
003230323067431419932_1713933103.dem,P07318,1,Heavy-Weapon Anchor
003230323067431419932_1713933103.dem,P01113,1,Heavy-Weapon Anchor
003230323067431419932_1713933103.dem,P00875,2,Star Fragger
003230323067431419932_1713933103.dem,P10169,3,Budget Headshotter
003230323067431419932_1713933103.dem,P09014,0,Utility Support
003230325831242874976_1738993756.dem,P01226,1,Heavy-Weapon Anchor
003230325831242874976_1738993756.dem,P06091,1,Heavy-Weapon Anchor
003230325831242874976_1738993756.dem,P08971,1,Heavy-Weapon Anchor
003230325831242874976_1738993756.dem,P01099,0,Utility Support
003230325831242874976_1738993756.dem,P04082,3,Budget Headshotter
003230325831242874976_1738993756.dem,P09015,2,Star Fragger
003230325831242874976_1738993756.dem,P06924,1,Heavy-Weapon Anchor
003230325831242874976_1738993756.dem,P09547,0,Utility Support
003230325831242874976_1738993756.dem,P00532,3,Budget Headshotter
003230325831242874976_1738993756.dem,P09126,1,Heavy-Weapon Anchor
003230329486260043858_0194475765.dem,P02202,3,Budget Headshotter
003230329486260043858_0194475765.dem,P08779,2,Star Fragger
003230329486260043858_0194475765.dem,P10322,2,Star Fragger
003230329486260043858_0194475765.dem,P04301,3,Budget Headshotter
003230329486260043858_0194475765.dem,P05924,3,Budget Headshotter
003230329486260043858_0194475765.dem,P07489,3,Budget Headshotter
003230329486260043858_0194475765.dem,P03953,0,Utility Support
003230329486260043858_0194475765.dem,P07075,2,Star Fragger
003230329486260043858_0194475765.dem,P04868,3,Budget Headshotter
003230329486260043858_0194475765.dem,P04783,0,Utility Support
003230329975886315622_1805238079.dem,P08269,1,Heavy-Weapon Anchor
003230329975886315622_1805238079.dem,P06993,0,Utility Support
003230329975886315622_1805238079.dem,P10474,3,Budget Headshotter
003230329975886315622_1805238079.dem,P02270,1,Heavy-Weapon Anchor
003230329975886315622_1805238079.dem,P10455,1,Heavy-Weapon Anchor
003230329975886315622_1805238079.dem,P09886,1,Heavy-Weapon Anchor
003230329975886315622_1805238079.dem,P00918,3,Budget Headshotter
003230329975886315622_1805238079.dem,P08320,1,Heavy-Weapon Anchor
003230329975886315622_1805238079.dem,P06541,2,Star Fragger
003230329975886315622_1805238079.dem,P03443,2,Star Fragger
003230331837754638397_1044523022.dem,P08760,0,Utility Support
003230331837754638397_1044523022.dem,P01883,2,Star Fragger
003230331837754638397_1044523022.dem,P09848,3,Budget Headshotter
003230331837754638397_1044523022.dem,P08871,3,Budget Headshotter
003230331837754638397_1044523022.dem,P09547,1,Heavy-Weapon Anchor
003230331837754638397_1044523022.dem,P05881,1,Heavy-Weapon Anchor
003230331837754638397_1044523022.dem,P05528,0,Utility Support
003230331837754638397_1044523022.dem,P00560,1,Heavy-Weapon Anchor
003230331837754638397_1044523022.dem,P04879,0,Utility Support
003230331837754638397_1044523022.dem,P00276,0,Utility Support
003230336961650622501_1896186271.dem,P06150,0,Utility Support
003230336961650622501_1896186271.dem,P10042,0,Utility Support
003230336961650622501_1896186271.dem,P09294,1,Heavy-Weapon Anchor
003230336961650622501_1896186271.dem,P10422,3,Budget Headshotter
003230336961650622501_1896186271.dem,P01883,2,Star Fragger
003230336961650622501_1896186271.dem,P08871,3,Budget Headshotter
003230336961650622501_1896186271.dem,P09547,1,Heavy-Weapon Anchor
003230336961650622501_1896186271.dem,P05528,0,Utility Support
003230336961650622501_1896186271.dem,P03251,2,Star Fragger
003230336961650622501_1896186271.dem,P07239,0,Utility Support
003230353512307097624_1341435656.dem,P09825,0,Utility Support
003230353512307097624_1341435656.dem,P03679,1,Heavy-Weapon Anchor
003230353512307097624_1341435656.dem,P02509,1,Heavy-Weapon Anchor
003230353512307097624_1341435656.dem,P07339,3,Budget Headshotter
003230353512307097624_1341435656.dem,P08403,3,Budget Headshotter
003230353512307097624_1341435656.dem,P03875,0,Utility Support
003230353512307097624_1341435656.dem,P01043,3,Budget Headshotter
003230353512307097624_1341435656.dem,P07353,1,Heavy-Weapon Anchor
003230353512307097624_1341435656.dem,P09907,0,Utility Support
003230353512307097624_1341435656.dem,P04434,1,Heavy-Weapon Anchor
003230360373517353081_0716924233.dem,P03496,3,Budget Headshotter
003230360373517353081_0716924233.dem,P07690,1,Heavy-Weapon Anchor
003230360373517353081_0716924233.dem,P07123,3,Budget Headshotter
003230360373517353081_0716924233.dem,P09811,3,Budget Headshotter
003230360373517353081_0716924233.dem,P06575,1,Heavy-Weapon Anchor
003230360373517353081_0716924233.dem,P04861,3,Budget Headshotter
003230360373517353081_0716924233.dem,P07475,2,Star Fragger
003230360373517353081_0716924233.dem,P01391,3,Budget Headshotter
003230360373517353081_0716924233.dem,P02016,2,Star Fragger
003230360373517353081_0716924233.dem,P08561,0,Utility Support
003230367247612510219_0496721700.dem,P02524,0,Utility Support
003230367247612510219_0496721700.dem,P06813,1,Heavy-Weapon Anchor
003230367247612510219_0496721700.dem,P10575,3,Budget Headshotter
003230367247612510219_0496721700.dem,P04204,1,Heavy-Weapon Anchor
003230367247612510219_0496721700.dem,P09507,3,Budget Headshotter
003230367247612510219_0496721700.dem,P09206,1,Heavy-Weapon Anchor
003230367247612510219_0496721700.dem,P03989,1,Heavy-Weapon Anchor
003230367247612510219_0496721700.dem,P07691,3,Budget Headshotter
003230367247612510219_0496721700.dem,P10918,2,Star Fragger
003230367247612510219_0496721700.dem,P05101,2,Star Fragger
003230370773780660353_1872002705.dem,P09468,0,Utility Support
003230370773780660353_1872002705.dem,P08441,0,Utility Support
003230370773780660353_1872002705.dem,P00616,3,Budget Headshotter
003230370773780660353_1872002705.dem,P09079,1,Heavy-Weapon Anchor
003230370773780660353_1872002705.dem,P03522,1,Heavy-Weapon Anchor
003230370773780660353_1872002705.dem,P02717,0,Utility Support
003230370773780660353_1872002705.dem,P02344,3,Budget Headshotter
003230370773780660353_1872002705.dem,P08987,0,Utility Support
003230370773780660353_1872002705.dem,P09806,3,Budget Headshotter
003230370773780660353_1872002705.dem,P01253,3,Budget Headshotter
003230372322116370475_1029538663.dem,P06813,2,Star Fragger
003230372322116370475_1029538663.dem,P08540,3,Budget Headshotter
003230372322116370475_1029538663.dem,P03026,3,Budget Headshotter
003230372322116370475_1029538663.dem,P05256,0,Utility Support
003230372322116370475_1029538663.dem,P06839,3,Budget Headshotter
003230372322116370475_1029538663.dem,P04204,1,Heavy-Weapon Anchor
003230372322116370475_1029538663.dem,P00113,2,Star Fragger
003230372322116370475_1029538663.dem,P06393,1,Heavy-Weapon Anchor
003230372322116370475_1029538663.dem,P03989,1,Heavy-Weapon Anchor
003230388831970656471_0418514276.dem,P02603,0,Utility Support
003230388831970656471_0418514276.dem,P06813,1,Heavy-Weapon Anchor
003230388831970656471_0418514276.dem,P10025,1,Heavy-Weapon Anchor
003230388831970656471_0418514276.dem,P04204,1,Heavy-Weapon Anchor
003230388831970656471_0418514276.dem,P05193,1,Heavy-Weapon Anchor
003230388831970656471_0418514276.dem,P00153,2,Star Fragger
003230388831970656471_0418514276.dem,P03989,0,Utility Support
003230388831970656471_0418514276.dem,P01274,1,Heavy-Weapon Anchor
003230395658821173395_0398780275.dem,P06813,1,Heavy-Weapon Anchor
003230395658821173395_0398780275.dem,P10025,3,Budget Headshotter
003230395658821173395_0398780275.dem,P04204,3,Budget Headshotter
003230395658821173395_0398780275.dem,P05193,1,Heavy-Weapon Anchor
003230395658821173395_0398780275.dem,P09264,2,Star Fragger
003230395658821173395_0398780275.dem,P10710,0,Utility Support
003230395658821173395_0398780275.dem,P08075,1,Heavy-Weapon Anchor
003230395658821173395_0398780275.dem,P05388,0,Utility Support
003230395658821173395_0398780275.dem,P04320,1,Heavy-Weapon Anchor
003230399479194583169_2069272088.dem,P04674,3,Budget Headshotter
003230399479194583169_2069272088.dem,P06813,2,Star Fragger
003230399479194583169_2069272088.dem,P10025,1,Heavy-Weapon Anchor
003230399479194583169_2069272088.dem,P10117,1,Heavy-Weapon Anchor
003230399479194583169_2069272088.dem,P05193,1,Heavy-Weapon Anchor
003230399479194583169_2069272088.dem,P01178,1,Heavy-Weapon Anchor
003230399479194583169_2069272088.dem,P00406,1,Heavy-Weapon Anchor
003230399479194583169_2069272088.dem,P05112,2,Star Fragger
003230399479194583169_2069272088.dem,P03989,1,Heavy-Weapon Anchor
003230405790649024793_1796671765.dem,P07516,1,Heavy-Weapon Anchor
003230405790649024793_1796671765.dem,P07821,1,Heavy-Weapon Anchor
003230405790649024793_1796671765.dem,P08761,0,Utility Support
003230405790649024793_1796671765.dem,P01953,1,Heavy-Weapon Anchor
003230405790649024793_1796671765.dem,P03256,1,Heavy-Weapon Anchor
003230405790649024793_1796671765.dem,P05765,2,Star Fragger
003230405790649024793_1796671765.dem,P05720,3,Budget Headshotter
003230405790649024793_1796671765.dem,P00603,0,Utility Support
003230405790649024793_1796671765.dem,P09158,1,Heavy-Weapon Anchor
003230405790649024793_1796671765.dem,P01746,2,Star Fragger
003230418052780654919_1045435554.dem,P00229,0,Utility Support
003230418052780654919_1045435554.dem,P01905,3,Budget Headshotter
003230418052780654919_1045435554.dem,P03341,3,Budget Headshotter
003230418052780654919_1045435554.dem,P03868,3,Budget Headshotter
003230418052780654919_1045435554.dem,P10048,0,Utility Support
003230418052780654919_1045435554.dem,P09901,1,Heavy-Weapon Anchor
003230418052780654919_1045435554.dem,P07925,2,Star Fragger
003230418052780654919_1045435554.dem,P05640,0,Utility Support
003230418052780654919_1045435554.dem,P09689,1,Heavy-Weapon Anchor
003230418052780654919_1045435554.dem,P06250,1,Heavy-Weapon Anchor
003230419313353556035_1270621664.dem,P06277,0,Utility Support
003230419313353556035_1270621664.dem,P08379,0,Utility Support
003230419313353556035_1270621664.dem,P06069,1,Heavy-Weapon Anchor
003230419313353556035_1270621664.dem,P05304,1,Heavy-Weapon Anchor
003230419313353556035_1270621664.dem,P07618,1,Heavy-Weapon Anchor
003230419313353556035_1270621664.dem,P04459,3,Budget Headshotter
003230419313353556035_1270621664.dem,P10519,0,Utility Support
003230419313353556035_1270621664.dem,P10655,0,Utility Support
003230419313353556035_1270621664.dem,P06224,3,Budget Headshotter
003230419313353556035_1270621664.dem,P00254,3,Budget Headshotter
003230433830343016656_0987143428.dem,P09979,2,Star Fragger
003230433830343016656_0987143428.dem,P06295,1,Heavy-Weapon Anchor
003230433830343016656_0987143428.dem,P05299,0,Utility Support
003230433830343016656_0987143428.dem,P02404,0,Utility Support
003230433830343016656_0987143428.dem,P04520,0,Utility Support
003230433830343016656_0987143428.dem,P10340,1,Heavy-Weapon Anchor
003230433830343016656_0987143428.dem,P07758,0,Utility Support
003230433830343016656_0987143428.dem,P09602,0,Utility Support
003230445519096512655_0029871347.dem,P06318,0,Utility Support
003230445519096512655_0029871347.dem,P00144,0,Utility Support
003230445519096512655_0029871347.dem,P09479,2,Star Fragger
003230445519096512655_0029871347.dem,P02430,3,Budget Headshotter
003230445519096512655_0029871347.dem,P02035,3,Budget Headshotter
003230445519096512655_0029871347.dem,P09547,1,Heavy-Weapon Anchor
003230445519096512655_0029871347.dem,P00324,3,Budget Headshotter
003230445519096512655_0029871347.dem,P04607,2,Star Fragger
003230445519096512655_0029871347.dem,P05271,1,Heavy-Weapon Anchor
003230445519096512655_0029871347.dem,P06013,3,Budget Headshotter
003230449253570576761_1768809695.dem,P07410,1,Heavy-Weapon Anchor
003230449253570576761_1768809695.dem,P07378,1,Heavy-Weapon Anchor
003230449253570576761_1768809695.dem,P10384,1,Heavy-Weapon Anchor
003230449253570576761_1768809695.dem,P05720,0,Utility Support
003230449253570576761_1768809695.dem,P10722,2,Star Fragger
003230449253570576761_1768809695.dem,P02677,1,Heavy-Weapon Anchor
003230449253570576761_1768809695.dem,P10775,0,Utility Support
003230449253570576761_1768809695.dem,P08992,3,Budget Headshotter
003230449253570576761_1768809695.dem,P09584,1,Heavy-Weapon Anchor
003230449253570576761_1768809695.dem,P02835,3,Budget Headshotter
003230454628722147650_1571018670.dem,P07412,1,Heavy-Weapon Anchor
003230454628722147650_1571018670.dem,P00058,1,Heavy-Weapon Anchor
003230454628722147650_1571018670.dem,P06630,0,Utility Support
003230454628722147650_1571018670.dem,P06578,3,Budget Headshotter
003230454628722147650_1571018670.dem,P05720,0,Utility Support
003230454628722147650_1571018670.dem,P02072,2,Star Fragger
003230454628722147650_1571018670.dem,P08827,1,Heavy-Weapon Anchor
003230454628722147650_1571018670.dem,P00213,3,Budget Headshotter
003230454628722147650_1571018670.dem,P03856,1,Heavy-Weapon Anchor
003230458242937127012_1961524511.dem,P03500,0,Utility Support
003230458242937127012_1961524511.dem,P05163,1,Heavy-Weapon Anchor
003230458242937127012_1961524511.dem,P03691,0,Utility Support
003230458242937127012_1961524511.dem,P09778,2,Star Fragger
003230458242937127012_1961524511.dem,P04310,3,Budget Headshotter
003230458242937127012_1961524511.dem,P07763,0,Utility Support
003230458242937127012_1961524511.dem,P02098,3,Budget Headshotter
003230458242937127012_1961524511.dem,P04972,3,Budget Headshotter
003230458242937127012_1961524511.dem,P10553,3,Budget Headshotter
003230458242937127012_1961524511.dem,P07868,3,Budget Headshotter
003230458638074118325_1182326985.dem,P00807,3,Budget Headshotter
003230458638074118325_1182326985.dem,P00569,2,Star Fragger
003230458638074118325_1182326985.dem,P04313,1,Heavy-Weapon Anchor
003230458638074118325_1182326985.dem,P06147,2,Star Fragger
003230458638074118325_1182326985.dem,P01190,1,Heavy-Weapon Anchor
003230458638074118325_1182326985.dem,P03232,0,Utility Support
003230458638074118325_1182326985.dem,P03847,1,Heavy-Weapon Anchor
003230458638074118325_1182326985.dem,P07308,3,Budget Headshotter
003230458638074118325_1182326985.dem,P10409,0,Utility Support
003230458638074118325_1182326985.dem,P08204,0,Utility Support
003230460603021656220_0138409606.dem,P00042,3,Budget Headshotter
003230460603021656220_0138409606.dem,P09306,0,Utility Support
003230460603021656220_0138409606.dem,P10855,2,Star Fragger
003230460603021656220_0138409606.dem,P03716,1,Heavy-Weapon Anchor
003230460603021656220_0138409606.dem,P06221,1,Heavy-Weapon Anchor
003230460603021656220_0138409606.dem,P05720,0,Utility Support
003230460603021656220_0138409606.dem,P10100,3,Budget Headshotter
003230460603021656220_0138409606.dem,P01801,1,Heavy-Weapon Anchor
003230460603021656220_0138409606.dem,P02357,3,Budget Headshotter
003230460603021656220_0138409606.dem,P03874,3,Budget Headshotter
003230466798511980804_0767807205.dem,P08360,1,Heavy-Weapon Anchor
003230466798511980804_0767807205.dem,P08394,0,Utility Support
003230466798511980804_0767807205.dem,P02797,1,Heavy-Weapon Anchor
003230466798511980804_0767807205.dem,P03584,2,Star Fragger
003230466798511980804_0767807205.dem,P06992,1,Heavy-Weapon Anchor
003230466798511980804_0767807205.dem,P10465,1,Heavy-Weapon Anchor
003230466798511980804_0767807205.dem,P00756,2,Star Fragger
003230466798511980804_0767807205.dem,P10030,1,Heavy-Weapon Anchor
003230466798511980804_0767807205.dem,P10946,0,Utility Support
003230466798511980804_0767807205.dem,P08793,1,Heavy-Weapon Anchor
003230467874401288429_1357833445.dem,P08722,1,Heavy-Weapon Anchor
003230467874401288429_1357833445.dem,P02752,1,Heavy-Weapon Anchor
003230467874401288429_1357833445.dem,P01344,1,Heavy-Weapon Anchor
003230467874401288429_1357833445.dem,P04155,2,Star Fragger
003230467874401288429_1357833445.dem,P02317,3,Budget Headshotter
003230467874401288429_1357833445.dem,P07975,0,Utility Support
003230467874401288429_1357833445.dem,P04759,1,Heavy-Weapon Anchor
003230467874401288429_1357833445.dem,P08886,3,Budget Headshotter
003230467874401288429_1357833445.dem,P09982,1,Heavy-Weapon Anchor
003230467874401288429_1357833445.dem,P07134,0,Utility Support
003230468336110272741_1150343877.dem,P00551,3,Budget Headshotter
003230468336110272741_1150343877.dem,P02494,2,Star Fragger
003230468336110272741_1150343877.dem,P01321,3,Budget Headshotter
003230468336110272741_1150343877.dem,P02608,2,Star Fragger
003230468336110272741_1150343877.dem,P05296,3,Budget Headshotter
003230468336110272741_1150343877.dem,P05720,0,Utility Support
003230468336110272741_1150343877.dem,P00640,0,Utility Support
003230468336110272741_1150343877.dem,P09024,1,Heavy-Weapon Anchor
003230468336110272741_1150343877.dem,P06228,1,Heavy-Weapon Anchor
003230471187968557182_0393886789.dem,P02315,3,Budget Headshotter
003230471187968557182_0393886789.dem,P07713,0,Utility Support
003230471187968557182_0393886789.dem,P01221,2,Star Fragger
003230471187968557182_0393886789.dem,P06992,3,Budget Headshotter
003230471187968557182_0393886789.dem,P10465,0,Utility Support
003230471187968557182_0393886789.dem,P05430,3,Budget Headshotter
003230471187968557182_0393886789.dem,P00756,2,Star Fragger
003230471187968557182_0393886789.dem,P07643,3,Budget Headshotter
003230471187968557182_0393886789.dem,P09823,0,Utility Support
003230471187968557182_0393886789.dem,P03709,3,Budget Headshotter
003230473790718738445_0754259949.dem,P05698,1,Heavy-Weapon Anchor
003230473790718738445_0754259949.dem,P07551,1,Heavy-Weapon Anchor
003230473790718738445_0754259949.dem,P07637,2,Star Fragger
003230473790718738445_0754259949.dem,P04167,0,Utility Support
003230473790718738445_0754259949.dem,P00788,3,Budget Headshotter
003230473790718738445_0754259949.dem,P07500,3,Budget Headshotter
003230473790718738445_0754259949.dem,P09167,1,Heavy-Weapon Anchor
003230473790718738445_0754259949.dem,P01616,3,Budget Headshotter
003230473790718738445_0754259949.dem,P08588,0,Utility Support
003230473790718738445_0754259949.dem,P07147,3,Budget Headshotter
003230474752791412836_2078092253.dem,P09344,0,Utility Support
003230474752791412836_2078092253.dem,P02581,2,Star Fragger
003230474752791412836_2078092253.dem,P09154,3,Budget Headshotter
003230474752791412836_2078092253.dem,P06790,1,Heavy-Weapon Anchor
003230474752791412836_2078092253.dem,P07040,1,Heavy-Weapon Anchor
003230474752791412836_2078092253.dem,P05590,1,Heavy-Weapon Anchor
003230474752791412836_2078092253.dem,P05720,0,Utility Support
003230474752791412836_2078092253.dem,P03524,1,Heavy-Weapon Anchor
003230474752791412836_2078092253.dem,P10356,0,Utility Support
003230474752791412836_2078092253.dem,P07865,3,Budget Headshotter
003230477379163914294_1751552736.dem,P06827,1,Heavy-Weapon Anchor
003230477379163914294_1751552736.dem,P01449,1,Heavy-Weapon Anchor
003230477379163914294_1751552736.dem,P00711,0,Utility Support
003230477379163914294_1751552736.dem,P10558,1,Heavy-Weapon Anchor
003230477379163914294_1751552736.dem,P01221,3,Budget Headshotter
003230477379163914294_1751552736.dem,P06992,1,Heavy-Weapon Anchor
003230477379163914294_1751552736.dem,P04617,3,Budget Headshotter
003230477379163914294_1751552736.dem,P10465,0,Utility Support
003230477379163914294_1751552736.dem,P01208,2,Star Fragger
003230477379163914294_1751552736.dem,P00756,2,Star Fragger
003230479509467693338_0923421636.dem,P01470,0,Utility Support
003230479509467693338_0923421636.dem,P07140,1,Heavy-Weapon Anchor
003230479509467693338_0923421636.dem,P08111,1,Heavy-Weapon Anchor
003230479509467693338_0923421636.dem,P05035,2,Star Fragger
003230479509467693338_0923421636.dem,P00770,0,Utility Support
003230479509467693338_0923421636.dem,P01023,0,Utility Support
003230479509467693338_0923421636.dem,P10134,0,Utility Support
003230479509467693338_0923421636.dem,P05663,3,Budget Headshotter
003230479509467693338_0923421636.dem,P09723,3,Budget Headshotter
003230479509467693338_0923421636.dem,P05799,0,Utility Support
003230483763632799880_1669958197.dem,P08739,1,Heavy-Weapon Anchor
003230483763632799880_1669958197.dem,P09125,1,Heavy-Weapon Anchor
003230483763632799880_1669958197.dem,P08639,1,Heavy-Weapon Anchor
003230483763632799880_1669958197.dem,P09418,1,Heavy-Weapon Anchor
003230483763632799880_1669958197.dem,P10807,0,Utility Support
003230483763632799880_1669958197.dem,P07056,2,Star Fragger
003230483763632799880_1669958197.dem,P01686,3,Budget Headshotter
003230483763632799880_1669958197.dem,P04430,3,Budget Headshotter
003230483763632799880_1669958197.dem,P05919,1,Heavy-Weapon Anchor
003230483763632799880_1669958197.dem,P02567,0,Utility Support
003230488415082381461_1131066131.dem,P08739,1,Heavy-Weapon Anchor
003230488415082381461_1131066131.dem,P04880,1,Heavy-Weapon Anchor
003230488415082381461_1131066131.dem,P06794,1,Heavy-Weapon Anchor
003230488415082381461_1131066131.dem,P08311,1,Heavy-Weapon Anchor
003230488415082381461_1131066131.dem,P09125,1,Heavy-Weapon Anchor
003230488415082381461_1131066131.dem,P01686,0,Utility Support
003230488415082381461_1131066131.dem,P05367,3,Budget Headshotter
003230488415082381461_1131066131.dem,P04430,0,Utility Support
003230488415082381461_1131066131.dem,P03733,1,Heavy-Weapon Anchor
003230488415082381461_1131066131.dem,P06554,1,Heavy-Weapon Anchor
003230492806686441477_1508245422.dem,P00626,1,Heavy-Weapon Anchor
003230492806686441477_1508245422.dem,P02311,0,Utility Support
003230492806686441477_1508245422.dem,P10372,2,Star Fragger
003230492806686441477_1508245422.dem,P07732,3,Budget Headshotter
003230492806686441477_1508245422.dem,P09925,0,Utility Support
003230492806686441477_1508245422.dem,P08752,2,Star Fragger
003230492806686441477_1508245422.dem,P05137,0,Utility Support
003230492806686441477_1508245422.dem,P05567,1,Heavy-Weapon Anchor
003230492806686441477_1508245422.dem,P00136,1,Heavy-Weapon Anchor
003230492806686441477_1508245422.dem,P04874,1,Heavy-Weapon Anchor
003230495851818254441_0480953159.dem,P03875,0,Utility Support
003230495851818254441_0480953159.dem,P07635,2,Star Fragger
003230495851818254441_0480953159.dem,P08797,3,Budget Headshotter
003230495851818254441_0480953159.dem,P02015,3,Budget Headshotter
003230495851818254441_0480953159.dem,P07353,2,Star Fragger
003230495851818254441_0480953159.dem,P09907,0,Utility Support
003230495851818254441_0480953159.dem,P03395,3,Budget Headshotter
003230495851818254441_0480953159.dem,P05374,2,Star Fragger
003230495851818254441_0480953159.dem,P10901,3,Budget Headshotter
003230495851818254441_0480953159.dem,P08050,1,Heavy-Weapon Anchor
003230502186895015959_0665702098.dem,P07777,1,Heavy-Weapon Anchor
003230502186895015959_0665702098.dem,P05970,3,Budget Headshotter
003230502186895015959_0665702098.dem,P04178,2,Star Fragger
003230502186895015959_0665702098.dem,P06844,0,Utility Support
003230502186895015959_0665702098.dem,P04540,2,Star Fragger
003230502186895015959_0665702098.dem,P07587,0,Utility Support
003230502186895015959_0665702098.dem,P06623,0,Utility Support
003230502186895015959_0665702098.dem,P05209,2,Star Fragger
003230502186895015959_0665702098.dem,P05771,2,Star Fragger
003230502186895015959_0665702098.dem,P07253,3,Budget Headshotter
003230505631458787469_1366775669.dem,P04993,0,Utility Support
003230505631458787469_1366775669.dem,P04675,1,Heavy-Weapon Anchor
003230505631458787469_1366775669.dem,P00109,2,Star Fragger
003230505631458787469_1366775669.dem,P06016,1,Heavy-Weapon Anchor
003230505631458787469_1366775669.dem,P09368,2,Star Fragger
003230505631458787469_1366775669.dem,P09213,1,Heavy-Weapon Anchor
003230505631458787469_1366775669.dem,P08934,1,Heavy-Weapon Anchor
003230505631458787469_1366775669.dem,P09538,1,Heavy-Weapon Anchor
003230505631458787469_1366775669.dem,P07553,1,Heavy-Weapon Anchor
003230505631458787469_1366775669.dem,P07459,1,Heavy-Weapon Anchor
003230506535549403220_1496954579.dem,P01249,3,Budget Headshotter
003230506535549403220_1496954579.dem,P02336,2,Star Fragger
003230506535549403220_1496954579.dem,P07630,1,Heavy-Weapon Anchor
003230506535549403220_1496954579.dem,P01521,3,Budget Headshotter
003230506535549403220_1496954579.dem,P06238,1,Heavy-Weapon Anchor
003230506535549403220_1496954579.dem,P04502,0,Utility Support
003230506535549403220_1496954579.dem,P04915,2,Star Fragger
003230506535549403220_1496954579.dem,P07159,3,Budget Headshotter
003230506535549403220_1496954579.dem,P09599,0,Utility Support
003230506535549403220_1496954579.dem,P08923,1,Heavy-Weapon Anchor
003230512535618715784_0347988247.dem,P04993,1,Heavy-Weapon Anchor
003230512535618715784_0347988247.dem,P00109,1,Heavy-Weapon Anchor
003230512535618715784_0347988247.dem,P01126,3,Budget Headshotter
003230512535618715784_0347988247.dem,P07285,3,Budget Headshotter
003230512535618715784_0347988247.dem,P07482,1,Heavy-Weapon Anchor
003230512535618715784_0347988247.dem,P10209,0,Utility Support
003230512535618715784_0347988247.dem,P00504,0,Utility Support
003230512535618715784_0347988247.dem,P02505,2,Star Fragger
003230512535618715784_0347988247.dem,P03845,1,Heavy-Weapon Anchor
003230512535618715784_0347988247.dem,P01482,0,Utility Support
003230522021053989031_2087487786.dem,P02863,0,Utility Support
003230522021053989031_2087487786.dem,P05410,0,Utility Support
003230522021053989031_2087487786.dem,P01271,3,Budget Headshotter
003230522021053989031_2087487786.dem,P02150,2,Star Fragger
003230522021053989031_2087487786.dem,P09813,3,Budget Headshotter
003230522021053989031_2087487786.dem,P00370,1,Heavy-Weapon Anchor
003230522021053989031_2087487786.dem,P01821,3,Budget Headshotter
003230522021053989031_2087487786.dem,P06352,1,Heavy-Weapon Anchor
003230522021053989031_2087487786.dem,P06225,0,Utility Support
003230522021053989031_2087487786.dem,P10323,1,Heavy-Weapon Anchor
003230522478468005991_2117624657.dem,P09811,1,Heavy-Weapon Anchor
003230522478468005991_2117624657.dem,P05184,0,Utility Support
003230522478468005991_2117624657.dem,P04946,3,Budget Headshotter
003230522478468005991_2117624657.dem,P07971,3,Budget Headshotter
003230522478468005991_2117624657.dem,P09804,2,Star Fragger
003230522478468005991_2117624657.dem,P06403,1,Heavy-Weapon Anchor
003230522478468005991_2117624657.dem,P04350,3,Budget Headshotter
003230522478468005991_2117624657.dem,P05538,2,Star Fragger
003230522478468005991_2117624657.dem,P04744,1,Heavy-Weapon Anchor
003230522478468005991_2117624657.dem,P04370,1,Heavy-Weapon Anchor
003230522555777417297_1726039194.dem,P10688,2,Star Fragger
003230522555777417297_1726039194.dem,P01975,3,Budget Headshotter
003230522555777417297_1726039194.dem,P04289,3,Budget Headshotter
003230522555777417297_1726039194.dem,P04762,3,Budget Headshotter
003230522555777417297_1726039194.dem,P04558,0,Utility Support
003230522555777417297_1726039194.dem,P04177,2,Star Fragger
003230522555777417297_1726039194.dem,P02595,0,Utility Support
003230522555777417297_1726039194.dem,P04382,2,Star Fragger
003230522555777417297_1726039194.dem,P06744,1,Heavy-Weapon Anchor
003230522555777417297_1726039194.dem,P09023,3,Budget Headshotter
003230534796434210957_0357453648.dem,P10902,1,Heavy-Weapon Anchor
003230534796434210957_0357453648.dem,P05331,1,Heavy-Weapon Anchor
003230534796434210957_0357453648.dem,P08959,1,Heavy-Weapon Anchor
003230534796434210957_0357453648.dem,P00933,2,Star Fragger
003230534796434210957_0357453648.dem,P04071,3,Budget Headshotter
003230534796434210957_0357453648.dem,P08541,0,Utility Support
003230534796434210957_0357453648.dem,P04371,1,Heavy-Weapon Anchor
003230534796434210957_0357453648.dem,P05124,3,Budget Headshotter
003230534796434210957_0357453648.dem,P00433,1,Heavy-Weapon Anchor
003230534796434210957_0357453648.dem,P07509,1,Heavy-Weapon Anchor
003230542420001161293_1043771295.dem,P04510,1,Heavy-Weapon Anchor
003230542420001161293_1043771295.dem,P10250,3,Budget Headshotter
003230542420001161293_1043771295.dem,P09811,3,Budget Headshotter
003230542420001161293_1043771295.dem,P08093,2,Star Fragger
003230542420001161293_1043771295.dem,P00679,0,Utility Support
003230542420001161293_1043771295.dem,P01986,0,Utility Support
003230542420001161293_1043771295.dem,P04350,0,Utility Support
003230542420001161293_1043771295.dem,P00557,3,Budget Headshotter
003230542420001161293_1043771295.dem,P01868,3,Budget Headshotter
003230542420001161293_1043771295.dem,P00782,1,Heavy-Weapon Anchor
003230547339886199037_0716819006.dem,P00081,2,Star Fragger
003230547339886199037_0716819006.dem,P06125,2,Star Fragger
003230547339886199037_0716819006.dem,P00319,2,Star Fragger
003230547339886199037_0716819006.dem,P09248,3,Budget Headshotter
003230547339886199037_0716819006.dem,P04898,3,Budget Headshotter
003230547339886199037_0716819006.dem,P09397,3,Budget Headshotter
003230547339886199037_0716819006.dem,P00725,3,Budget Headshotter
003230547339886199037_0716819006.dem,P02247,1,Heavy-Weapon Anchor
003230556574065885383_0584183575.dem,P05263,0,Utility Support
003230556574065885383_0584183575.dem,P00803,1,Heavy-Weapon Anchor
003230556574065885383_0584183575.dem,P08199,1,Heavy-Weapon Anchor
003230556574065885383_0584183575.dem,P02690,2,Star Fragger
003230556574065885383_0584183575.dem,P04481,3,Budget Headshotter
003230556574065885383_0584183575.dem,P01930,3,Budget Headshotter
003230556574065885383_0584183575.dem,P03727,1,Heavy-Weapon Anchor
003230556574065885383_0584183575.dem,P04065,3,Budget Headshotter
003230556574065885383_0584183575.dem,P02203,3,Budget Headshotter
003230556574065885383_0584183575.dem,P00120,2,Star Fragger
003230561360806936714_0067627932.dem,P01313,2,Star Fragger
003230561360806936714_0067627932.dem,P03213,3,Budget Headshotter
003230561360806936714_0067627932.dem,P09776,0,Utility Support
003230561360806936714_0067627932.dem,P09118,3,Budget Headshotter
003230561360806936714_0067627932.dem,P06308,2,Star Fragger
003230561360806936714_0067627932.dem,P10097,1,Heavy-Weapon Anchor
003230561360806936714_0067627932.dem,P01005,3,Budget Headshotter
003230561360806936714_0067627932.dem,P02719,1,Heavy-Weapon Anchor
003230561360806936714_0067627932.dem,P01530,1,Heavy-Weapon Anchor
003230561360806936714_0067627932.dem,P10400,2,Star Fragger
003230578145539129481_1639767520.dem,P06773,0,Utility Support
003230578145539129481_1639767520.dem,P01330,1,Heavy-Weapon Anchor
003230578145539129481_1639767520.dem,P08590,2,Star Fragger
003230578145539129481_1639767520.dem,P00513,3,Budget Headshotter
003230578145539129481_1639767520.dem,P03816,1,Heavy-Weapon Anchor
003230578145539129481_1639767520.dem,P09679,0,Utility Support
003230578145539129481_1639767520.dem,P02367,0,Utility Support
003230578145539129481_1639767520.dem,P05757,3,Budget Headshotter
003230578145539129481_1639767520.dem,P00131,2,Star Fragger
003230578145539129481_1639767520.dem,P07782,0,Utility Support
003230631527687651632_0829811286.dem,P01580,3,Budget Headshotter
003230631527687651632_0829811286.dem,P10252,1,Heavy-Weapon Anchor
003230631527687651632_0829811286.dem,P06402,0,Utility Support
003230631527687651632_0829811286.dem,P04911,3,Budget Headshotter
003230631527687651632_0829811286.dem,P00834,0,Utility Support
003230631527687651632_0829811286.dem,P03779,1,Heavy-Weapon Anchor
003230631527687651632_0829811286.dem,P02252,3,Budget Headshotter
003230631527687651632_0829811286.dem,P00050,0,Utility Support
003230631527687651632_0829811286.dem,P04004,0,Utility Support
003230631527687651632_0829811286.dem,P07154,2,Star Fragger
003230633677318783254_0020498056.dem,P06813,2,Star Fragger
003230633677318783254_0020498056.dem,P10025,1,Heavy-Weapon Anchor
003230633677318783254_0020498056.dem,P05891,3,Budget Headshotter
003230633677318783254_0020498056.dem,P10411,0,Utility Support
003230633677318783254_0020498056.dem,P07098,3,Budget Headshotter
003230633677318783254_0020498056.dem,P06249,3,Budget Headshotter
003230633677318783254_0020498056.dem,P09206,1,Heavy-Weapon Anchor
003230633677318783254_0020498056.dem,P00954,0,Utility Support
003230633677318783254_0020498056.dem,P05946,1,Heavy-Weapon Anchor
003230633677318783254_0020498056.dem,P04375,1,Heavy-Weapon Anchor
003230637965843628226_0218548510.dem,P08228,1,Heavy-Weapon Anchor
003230637965843628226_0218548510.dem,P07693,1,Heavy-Weapon Anchor
003230637965843628226_0218548510.dem,P06972,3,Budget Headshotter
003230637965843628226_0218548510.dem,P09630,0,Utility Support
003230637965843628226_0218548510.dem,P03754,3,Budget Headshotter
003230637965843628226_0218548510.dem,P03219,2,Star Fragger
003230637965843628226_0218548510.dem,P02830,3,Budget Headshotter
003230637965843628226_0218548510.dem,P00528,2,Star Fragger
003230637965843628226_0218548510.dem,P04832,3,Budget Headshotter
003230637965843628226_0218548510.dem,P00904,3,Budget Headshotter
003230639735370154104_0720863920.dem,P07350,0,Utility Support
003230639735370154104_0720863920.dem,P09204,3,Budget Headshotter
003230639735370154104_0720863920.dem,P09376,0,Utility Support
003230639735370154104_0720863920.dem,P01250,1,Heavy-Weapon Anchor
003230639735370154104_0720863920.dem,P03967,1,Heavy-Weapon Anchor
003230639735370154104_0720863920.dem,P09100,2,Star Fragger
003230639735370154104_0720863920.dem,P05403,0,Utility Support
003230639735370154104_0720863920.dem,P00222,3,Budget Headshotter
003230639735370154104_0720863920.dem,P02696,1,Heavy-Weapon Anchor
003230639735370154104_0720863920.dem,P05952,2,Star Fragger
003230640710327730497_1843095724.dem,P06813,1,Heavy-Weapon Anchor
003230640710327730497_1843095724.dem,P10025,1,Heavy-Weapon Anchor
003230640710327730497_1843095724.dem,P05894,1,Heavy-Weapon Anchor
003230640710327730497_1843095724.dem,P08464,1,Heavy-Weapon Anchor
003230640710327730497_1843095724.dem,P01727,2,Star Fragger
003230640710327730497_1843095724.dem,P05193,1,Heavy-Weapon Anchor
003230640710327730497_1843095724.dem,P10361,3,Budget Headshotter
003230640710327730497_1843095724.dem,P00842,3,Budget Headshotter
003230640710327730497_1843095724.dem,P09206,3,Budget Headshotter
003230640710327730497_1843095724.dem,P05730,0,Utility Support
003230651370436558937_1102918122.dem,P08739,1,Heavy-Weapon Anchor
003230651370436558937_1102918122.dem,P06794,2,Star Fragger
003230651370436558937_1102918122.dem,P08434,0,Utility Support
003230651370436558937_1102918122.dem,P00331,1,Heavy-Weapon Anchor
003230651370436558937_1102918122.dem,P05919,3,Budget Headshotter
003230651370436558937_1102918122.dem,P09256,0,Utility Support
003230651370436558937_1102918122.dem,P07907,3,Budget Headshotter
003230651370436558937_1102918122.dem,P08368,1,Heavy-Weapon Anchor
003230651370436558937_1102918122.dem,P02709,2,Star Fragger
003230651370436558937_1102918122.dem,P00031,0,Utility Support
003230653530805108884_0963572408.dem,P01151,0,Utility Support
003230653530805108884_0963572408.dem,P02395,3,Budget Headshotter
003230653530805108884_0963572408.dem,P09767,0,Utility Support
003230653530805108884_0963572408.dem,P03006,1,Heavy-Weapon Anchor
003230653530805108884_0963572408.dem,P05685,0,Utility Support
003230653530805108884_0963572408.dem,P01012,1,Heavy-Weapon Anchor
003230653530805108884_0963572408.dem,P05822,2,Star Fragger
003230653530805108884_0963572408.dem,P07298,1,Heavy-Weapon Anchor
003230653530805108884_0963572408.dem,P03598,0,Utility Support
003230653530805108884_0963572408.dem,P09388,1,Heavy-Weapon Anchor
003230653908762231080_1025068818.dem,P08739,2,Star Fragger
003230653908762231080_1025068818.dem,P06794,2,Star Fragger
003230653908762231080_1025068818.dem,P02441,3,Budget Headshotter
003230653908762231080_1025068818.dem,P03902,1,Heavy-Weapon Anchor
003230653908762231080_1025068818.dem,P05672,1,Heavy-Weapon Anchor
003230653908762231080_1025068818.dem,P05411,1,Heavy-Weapon Anchor
003230653908762231080_1025068818.dem,P07007,1,Heavy-Weapon Anchor
003230653908762231080_1025068818.dem,P03851,0,Utility Support
003230653908762231080_1025068818.dem,P07333,0,Utility Support
003230657980391227711_0408148591.dem,P09831,0,Utility Support
003230657980391227711_0408148591.dem,P01721,0,Utility Support
003230657980391227711_0408148591.dem,P03631,3,Budget Headshotter
003230657980391227711_0408148591.dem,P10442,0,Utility Support
003230657980391227711_0408148591.dem,P07517,0,Utility Support
003230657980391227711_0408148591.dem,P01552,0,Utility Support
003230657980391227711_0408148591.dem,P10111,0,Utility Support
003230657980391227711_0408148591.dem,P01576,1,Heavy-Weapon Anchor
003230657980391227711_0408148591.dem,P01093,0,Utility Support
003230657980391227711_0408148591.dem,P10616,0,Utility Support
003230659595298930723_0737469666.dem,P03137,1,Heavy-Weapon Anchor
003230659595298930723_0737469666.dem,P03101,0,Utility Support
003230659595298930723_0737469666.dem,P08739,1,Heavy-Weapon Anchor
003230659595298930723_0737469666.dem,P03609,3,Budget Headshotter
003230659595298930723_0737469666.dem,P06794,1,Heavy-Weapon Anchor
003230659595298930723_0737469666.dem,P07462,0,Utility Support
003230659595298930723_0737469666.dem,P04724,1,Heavy-Weapon Anchor
003230659595298930723_0737469666.dem,P04302,3,Budget Headshotter
003230659595298930723_0737469666.dem,P03734,2,Star Fragger
003230659595298930723_0737469666.dem,P03391,3,Budget Headshotter
003230673706413981899_1032979568.dem,P03452,3,Budget Headshotter
003230673706413981899_1032979568.dem,P06277,0,Utility Support
003230673706413981899_1032979568.dem,P03825,0,Utility Support
003230673706413981899_1032979568.dem,P10866,1,Heavy-Weapon Anchor
003230673706413981899_1032979568.dem,P03581,1,Heavy-Weapon Anchor
003230673706413981899_1032979568.dem,P08429,3,Budget Headshotter
003230673706413981899_1032979568.dem,P06219,2,Star Fragger
003230673706413981899_1032979568.dem,P01989,1,Heavy-Weapon Anchor
003230673706413981899_1032979568.dem,P09588,1,Heavy-Weapon Anchor
003230673706413981899_1032979568.dem,P04357,3,Budget Headshotter
003230729682722750590_1785700702.dem,P06215,2,Star Fragger
003230729682722750590_1785700702.dem,P09042,1,Heavy-Weapon Anchor
003230729682722750590_1785700702.dem,P03441,0,Utility Support
003230729682722750590_1785700702.dem,P05124,1,Heavy-Weapon Anchor
003230729682722750590_1785700702.dem,P08289,0,Utility Support
003230729682722750590_1785700702.dem,P08475,1,Heavy-Weapon Anchor
003230729682722750590_1785700702.dem,P01644,2,Star Fragger
003230729682722750590_1785700702.dem,P00671,0,Utility Support
003230729682722750590_1785700702.dem,P03944,3,Budget Headshotter
003230763812680368182_0644514496.dem,P07071,1,Heavy-Weapon Anchor
003230763812680368182_0644514496.dem,P10487,3,Budget Headshotter
003230763812680368182_0644514496.dem,P02042,2,Star Fragger
003230763812680368182_0644514496.dem,P05600,1,Heavy-Weapon Anchor
003230763812680368182_0644514496.dem,P10764,1,Heavy-Weapon Anchor
003230763812680368182_0644514496.dem,P01494,2,Star Fragger
003230763812680368182_0644514496.dem,P05625,3,Budget Headshotter
003230763812680368182_0644514496.dem,P01634,0,Utility Support
003230763812680368182_0644514496.dem,P05653,1,Heavy-Weapon Anchor
003230763812680368182_0644514496.dem,P07802,3,Budget Headshotter
003230769406875271213_0326338305.dem,P01067,0,Utility Support
003230769406875271213_0326338305.dem,P00238,0,Utility Support
003230769406875271213_0326338305.dem,P08231,0,Utility Support
003230769406875271213_0326338305.dem,P07723,2,Star Fragger
003230769406875271213_0326338305.dem,P04054,3,Budget Headshotter
003230769406875271213_0326338305.dem,P05783,2,Star Fragger
003230769406875271213_0326338305.dem,P02477,1,Heavy-Weapon Anchor
003230769406875271213_0326338305.dem,P04609,3,Budget Headshotter
003230769406875271213_0326338305.dem,P04399,3,Budget Headshotter
003230769406875271213_0326338305.dem,P09616,0,Utility Support
003230772106262216880_2109879352.dem,P10579,1,Heavy-Weapon Anchor
003230772106262216880_2109879352.dem,P09498,2,Star Fragger
003230772106262216880_2109879352.dem,P06771,0,Utility Support
003230772106262216880_2109879352.dem,P09888,3,Budget Headshotter
003230772106262216880_2109879352.dem,P08973,3,Budget Headshotter
003230772106262216880_2109879352.dem,P04197,0,Utility Support
003230772106262216880_2109879352.dem,P10224,0,Utility Support
003230772106262216880_2109879352.dem,P03786,1,Heavy-Weapon Anchor
003230772106262216880_2109879352.dem,P05768,2,Star Fragger
003230772106262216880_2109879352.dem,P07506,3,Budget Headshotter
003230782341169283465_1513281864.dem,P01129,0,Utility Support
003230782341169283465_1513281864.dem,P07922,0,Utility Support
003230782341169283465_1513281864.dem,P05870,3,Budget Headshotter
003230782341169283465_1513281864.dem,P03554,1,Heavy-Weapon Anchor
003230782341169283465_1513281864.dem,P04820,2,Star Fragger
003230782341169283465_1513281864.dem,P10440,0,Utility Support
003230782341169283465_1513281864.dem,P04694,0,Utility Support
003230782341169283465_1513281864.dem,P03141,2,Star Fragger
003230782341169283465_1513281864.dem,P08411,3,Budget Headshotter
003230782341169283465_1513281864.dem,P00204,3,Budget Headshotter
003230786610366775337_0922218945.dem,P03923,3,Budget Headshotter
003230786610366775337_0922218945.dem,P02916,3,Budget Headshotter
003230786610366775337_0922218945.dem,P05577,1,Heavy-Weapon Anchor
003230786610366775337_0922218945.dem,P08276,2,Star Fragger
003230786610366775337_0922218945.dem,P08239,3,Budget Headshotter
003230786610366775337_0922218945.dem,P09845,0,Utility Support
003230786610366775337_0922218945.dem,P08807,0,Utility Support
003230786610366775337_0922218945.dem,P02711,0,Utility Support
003230786610366775337_0922218945.dem,P03482,1,Heavy-Weapon Anchor
003230786610366775337_0922218945.dem,P10603,0,Utility Support
003230788296141439172_0567972309.dem,P01949,3,Budget Headshotter
003230788296141439172_0567972309.dem,P07447,0,Utility Support
003230788296141439172_0567972309.dem,P05575,0,Utility Support
003230788296141439172_0567972309.dem,P00045,1,Heavy-Weapon Anchor
003230788296141439172_0567972309.dem,P05409,0,Utility Support
003230788296141439172_0567972309.dem,P02257,0,Utility Support
003230788296141439172_0567972309.dem,P03484,0,Utility Support
003230788296141439172_0567972309.dem,P03469,0,Utility Support
003230788296141439172_0567972309.dem,P04652,3,Budget Headshotter
003230788296141439172_0567972309.dem,P04417,1,Heavy-Weapon Anchor
003230789616843882759_1396007712.dem,P08039,2,Star Fragger
003230789616843882759_1396007712.dem,P02486,3,Budget Headshotter
003230789616843882759_1396007712.dem,P08976,2,Star Fragger
003230789616843882759_1396007712.dem,P00747,1,Heavy-Weapon Anchor
003230789616843882759_1396007712.dem,P09833,1,Heavy-Weapon Anchor
003230789616843882759_1396007712.dem,P07120,1,Heavy-Weapon Anchor
003230789616843882759_1396007712.dem,P07511,1,Heavy-Weapon Anchor
003230789616843882759_1396007712.dem,P04565,1,Heavy-Weapon Anchor
003230789616843882759_1396007712.dem,P04396,1,Heavy-Weapon Anchor
003230789616843882759_1396007712.dem,P02261,1,Heavy-Weapon Anchor
003230792606141120803_1344382563.dem,P01335,2,Star Fragger
003230792606141120803_1344382563.dem,P00742,0,Utility Support
003230792606141120803_1344382563.dem,P02069,3,Budget Headshotter
003230792606141120803_1344382563.dem,P08391,0,Utility Support
003230792606141120803_1344382563.dem,P02614,0,Utility Support
003230792606141120803_1344382563.dem,P08543,3,Budget Headshotter
003230792606141120803_1344382563.dem,P08981,0,Utility Support
003230792606141120803_1344382563.dem,P04010,0,Utility Support
003230792606141120803_1344382563.dem,P02101,1,Heavy-Weapon Anchor
003230792606141120803_1344382563.dem,P00236,0,Utility Support
003230799881815719955_0374395643.dem,P08645,2,Star Fragger
003230799881815719955_0374395643.dem,P00692,3,Budget Headshotter
003230799881815719955_0374395643.dem,P05989,2,Star Fragger
003230799881815719955_0374395643.dem,P00979,3,Budget Headshotter
003230799881815719955_0374395643.dem,P04864,1,Heavy-Weapon Anchor
003230799881815719955_0374395643.dem,P10813,2,Star Fragger
003230799881815719955_0374395643.dem,P01376,1,Heavy-Weapon Anchor
003230799881815719955_0374395643.dem,P01150,1,Heavy-Weapon Anchor
003230799881815719955_0374395643.dem,P01210,0,Utility Support
003230799881815719955_0374395643.dem,P00112,1,Heavy-Weapon Anchor
003230806852547641691_0063080041.dem,P09737,0,Utility Support
003230806852547641691_0063080041.dem,P03212,2,Star Fragger
003230806852547641691_0063080041.dem,P01770,3,Budget Headshotter
003230806852547641691_0063080041.dem,P06280,2,Star Fragger
003230806852547641691_0063080041.dem,P09768,3,Budget Headshotter
003230806852547641691_0063080041.dem,P01153,3,Budget Headshotter
003230806852547641691_0063080041.dem,P04409,0,Utility Support
003230806852547641691_0063080041.dem,P03354,2,Star Fragger
003230806852547641691_0063080041.dem,P08065,0,Utility Support
003230806852547641691_0063080041.dem,P10417,0,Utility Support
003230808697236095294_0419394998.dem,P09570,3,Budget Headshotter
003230808697236095294_0419394998.dem,P05692,2,Star Fragger
003230808697236095294_0419394998.dem,P07947,1,Heavy-Weapon Anchor
003230808697236095294_0419394998.dem,P06233,0,Utility Support
003230808697236095294_0419394998.dem,P00592,2,Star Fragger
003230808697236095294_0419394998.dem,P04351,3,Budget Headshotter
003230808697236095294_0419394998.dem,P06483,0,Utility Support
003230808697236095294_0419394998.dem,P09348,0,Utility Support
003230808697236095294_0419394998.dem,P10144,1,Heavy-Weapon Anchor
003230810352945987688_0050567788.dem,P09405,0,Utility Support
003230810352945987688_0050567788.dem,P04616,2,Star Fragger
003230810352945987688_0050567788.dem,P07021,1,Heavy-Weapon Anchor
003230810352945987688_0050567788.dem,P09302,3,Budget Headshotter
003230810352945987688_0050567788.dem,P07254,0,Utility Support
003230810352945987688_0050567788.dem,P07587,0,Utility Support
003230810352945987688_0050567788.dem,P04260,0,Utility Support
003230810352945987688_0050567788.dem,P03585,2,Star Fragger
003230810352945987688_0050567788.dem,P00609,3,Budget Headshotter
003230810352945987688_0050567788.dem,P07253,3,Budget Headshotter
003230811156104871973_1539516996.dem,P10746,2,Star Fragger
003230811156104871973_1539516996.dem,P01485,1,Heavy-Weapon Anchor
003230811156104871973_1539516996.dem,P02574,3,Budget Headshotter
003230811156104871973_1539516996.dem,P01715,1,Heavy-Weapon Anchor
003230811156104871973_1539516996.dem,P06220,2,Star Fragger
003230811156104871973_1539516996.dem,P04179,1,Heavy-Weapon Anchor
003230811156104871973_1539516996.dem,P07722,1,Heavy-Weapon Anchor
003230811156104871973_1539516996.dem,P10589,1,Heavy-Weapon Anchor
003230811156104871973_1539516996.dem,P01481,0,Utility Support
003230811156104871973_1539516996.dem,P00714,0,Utility Support
003230815573478735874_0733769514.dem,P00002,1,Heavy-Weapon Anchor
003230815573478735874_0733769514.dem,P09155,1,Heavy-Weapon Anchor
003230815573478735874_0733769514.dem,P10634,0,Utility Support
003230815573478735874_0733769514.dem,P03956,3,Budget Headshotter
003230815573478735874_0733769514.dem,P03413,1,Heavy-Weapon Anchor
003230815573478735874_0733769514.dem,P09303,3,Budget Headshotter
003230815573478735874_0733769514.dem,P07226,2,Star Fragger
003230815573478735874_0733769514.dem,P07938,1,Heavy-Weapon Anchor
003230815573478735874_0733769514.dem,P05515,2,Star Fragger
003230815573478735874_0733769514.dem,P07170,3,Budget Headshotter
003230817405282287628_0480809721.dem,P06682,3,Budget Headshotter
003230817405282287628_0480809721.dem,P05282,1,Heavy-Weapon Anchor
003230817405282287628_0480809721.dem,P07254,2,Star Fragger
003230817405282287628_0480809721.dem,P07587,0,Utility Support
003230817405282287628_0480809721.dem,P01678,2,Star Fragger
003230817405282287628_0480809721.dem,P04260,0,Utility Support
003230817405282287628_0480809721.dem,P05075,0,Utility Support
003230817405282287628_0480809721.dem,P00609,3,Budget Headshotter
003230817405282287628_0480809721.dem,P02462,2,Star Fragger
003230817405282287628_0480809721.dem,P07253,3,Budget Headshotter
003230819488341426578_1318088818.dem,P08039,2,Star Fragger
003230819488341426578_1318088818.dem,P09509,3,Budget Headshotter
003230819488341426578_1318088818.dem,P00747,1,Heavy-Weapon Anchor
003230819488341426578_1318088818.dem,P09833,3,Budget Headshotter
003230819488341426578_1318088818.dem,P10821,3,Budget Headshotter
003230819488341426578_1318088818.dem,P04092,1,Heavy-Weapon Anchor
003230819488341426578_1318088818.dem,P05492,0,Utility Support
003230819488341426578_1318088818.dem,P07659,2,Star Fragger
003230819488341426578_1318088818.dem,P03381,3,Budget Headshotter
003230819488341426578_1318088818.dem,P07669,0,Utility Support
003230819750334431237_1908056786.dem,P10880,1,Heavy-Weapon Anchor
003230819750334431237_1908056786.dem,P08779,0,Utility Support
003230819750334431237_1908056786.dem,P03588,1,Heavy-Weapon Anchor
003230819750334431237_1908056786.dem,P08617,1,Heavy-Weapon Anchor
003230819750334431237_1908056786.dem,P00230,1,Heavy-Weapon Anchor
003230819750334431237_1908056786.dem,P10369,0,Utility Support
003230819750334431237_1908056786.dem,P01225,1,Heavy-Weapon Anchor
003230819750334431237_1908056786.dem,P06960,0,Utility Support
003230819750334431237_1908056786.dem,P02927,3,Budget Headshotter
003230819750334431237_1908056786.dem,P07125,0,Utility Support
003230820235665735835_0863974679.dem,P01251,3,Budget Headshotter
003230820235665735835_0863974679.dem,P00776,3,Budget Headshotter
003230820235665735835_0863974679.dem,P08474,0,Utility Support
003230820235665735835_0863974679.dem,P03898,2,Star Fragger
003230820235665735835_0863974679.dem,P02629,3,Budget Headshotter
003230820235665735835_0863974679.dem,P00604,0,Utility Support
003230820235665735835_0863974679.dem,P00124,3,Budget Headshotter
003230820235665735835_0863974679.dem,P09106,2,Star Fragger
003230820235665735835_0863974679.dem,P06184,3,Budget Headshotter
003230820235665735835_0863974679.dem,P06306,3,Budget Headshotter
003230821575695532288_1342799901.dem,P05015,2,Star Fragger
003230821575695532288_1342799901.dem,P09190,1,Heavy-Weapon Anchor
003230821575695532288_1342799901.dem,P05108,1,Heavy-Weapon Anchor
003230821575695532288_1342799901.dem,P09837,0,Utility Support
003230821575695532288_1342799901.dem,P02236,1,Heavy-Weapon Anchor
003230821575695532288_1342799901.dem,P04104,3,Budget Headshotter
003230821575695532288_1342799901.dem,P02940,2,Star Fragger
003230821575695532288_1342799901.dem,P04220,3,Budget Headshotter
003230821575695532288_1342799901.dem,P10482,2,Star Fragger
003230821575695532288_1342799901.dem,P09822,0,Utility Support
003230822200613273901_0735643351.dem,P03223,1,Heavy-Weapon Anchor
003230822200613273901_0735643351.dem,P00007,3,Budget Headshotter
003230822200613273901_0735643351.dem,P08278,3,Budget Headshotter
003230822200613273901_0735643351.dem,P01968,3,Budget Headshotter
003230822200613273901_0735643351.dem,P00329,3,Budget Headshotter
003230822200613273901_0735643351.dem,P10137,2,Star Fragger
003230822200613273901_0735643351.dem,P03930,1,Heavy-Weapon Anchor
003230822200613273901_0735643351.dem,P01567,3,Budget Headshotter
003230822200613273901_0735643351.dem,P02859,1,Heavy-Weapon Anchor
003230822200613273901_0735643351.dem,P06216,1,Heavy-Weapon Anchor
003230825550687764623_2066799359.dem,P07091,2,Star Fragger
003230825550687764623_2066799359.dem,P04967,3,Budget Headshotter
003230825550687764623_2066799359.dem,P09850,0,Utility Support
003230825550687764623_2066799359.dem,P03269,3,Budget Headshotter
003230825550687764623_2066799359.dem,P03832,0,Utility Support
003230825550687764623_2066799359.dem,P08482,1,Heavy-Weapon Anchor
003230825550687764623_2066799359.dem,P09350,0,Utility Support
003230825550687764623_2066799359.dem,P09661,0,Utility Support
003230825550687764623_2066799359.dem,P02160,1,Heavy-Weapon Anchor
003230825550687764623_2066799359.dem,P07323,0,Utility Support
003230827071106187508_0085800667.dem,P08039,2,Star Fragger
003230827071106187508_0085800667.dem,P09509,1,Heavy-Weapon Anchor
003230827071106187508_0085800667.dem,P00747,1,Heavy-Weapon Anchor
003230827071106187508_0085800667.dem,P09833,3,Budget Headshotter
003230827071106187508_0085800667.dem,P09895,0,Utility Support
003230827071106187508_0085800667.dem,P10821,2,Star Fragger
003230827071106187508_0085800667.dem,P09186,3,Budget Headshotter
003230827071106187508_0085800667.dem,P10685,1,Heavy-Weapon Anchor
003230827071106187508_0085800667.dem,P10545,1,Heavy-Weapon Anchor
003230827071106187508_0085800667.dem,P07554,1,Heavy-Weapon Anchor
003230827459800727748_1364416432.dem,P10098,3,Budget Headshotter
003230827459800727748_1364416432.dem,P08779,2,Star Fragger
003230827459800727748_1364416432.dem,P03170,0,Utility Support
003230827459800727748_1364416432.dem,P10273,2,Star Fragger
003230827459800727748_1364416432.dem,P03737,3,Budget Headshotter
003230827459800727748_1364416432.dem,P03023,2,Star Fragger
003230827459800727748_1364416432.dem,P06022,1,Heavy-Weapon Anchor
003230827459800727748_1364416432.dem,P01166,3,Budget Headshotter
003230827459800727748_1364416432.dem,P03765,0,Utility Support
003230829248654606510_0547833023.dem,P08299,1,Heavy-Weapon Anchor
003230829248654606510_0547833023.dem,P03574,3,Budget Headshotter
003230829248654606510_0547833023.dem,P03472,1,Heavy-Weapon Anchor
003230829248654606510_0547833023.dem,P05171,3,Budget Headshotter
003230829248654606510_0547833023.dem,P09711,3,Budget Headshotter
003230829248654606510_0547833023.dem,P09805,1,Heavy-Weapon Anchor
003230829248654606510_0547833023.dem,P07560,3,Budget Headshotter
003230829248654606510_0547833023.dem,P02223,0,Utility Support
003230829248654606510_0547833023.dem,P02244,3,Budget Headshotter
003230829248654606510_0547833023.dem,P10560,2,Star Fragger
003230830386820939915_0816758841.dem,P03815,3,Budget Headshotter
003230830386820939915_0816758841.dem,P06277,0,Utility Support
003230830386820939915_0816758841.dem,P00410,0,Utility Support
003230830386820939915_0816758841.dem,P02734,0,Utility Support
003230830386820939915_0816758841.dem,P03802,2,Star Fragger
003230830386820939915_0816758841.dem,P03304,2,Star Fragger
003230830386820939915_0816758841.dem,P05729,3,Budget Headshotter
003230830386820939915_0816758841.dem,P09936,1,Heavy-Weapon Anchor
003230830386820939915_0816758841.dem,P05991,3,Budget Headshotter
003230830386820939915_0816758841.dem,P10053,3,Budget Headshotter
003230832768380305597_1931655892.dem,P07091,2,Star Fragger
003230832768380305597_1931655892.dem,P02580,1,Heavy-Weapon Anchor
003230832768380305597_1931655892.dem,P09850,3,Budget Headshotter
003230832768380305597_1931655892.dem,P10561,0,Utility Support
003230832768380305597_1931655892.dem,P03863,3,Budget Headshotter
003230832768380305597_1931655892.dem,P01825,1,Heavy-Weapon Anchor
003230832768380305597_1931655892.dem,P03832,2,Star Fragger
003230832768380305597_1931655892.dem,P07264,1,Heavy-Weapon Anchor
003230832768380305597_1931655892.dem,P01244,3,Budget Headshotter
003230832768380305597_1931655892.dem,P07323,1,Heavy-Weapon Anchor
003230836015375581249_0519799821.dem,P09583,3,Budget Headshotter
003230836015375581249_0519799821.dem,P00736,3,Budget Headshotter
003230836015375581249_0519799821.dem,P03453,3,Budget Headshotter
003230836015375581249_0519799821.dem,P08933,2,Star Fragger
003230836015375581249_0519799821.dem,P06006,2,Star Fragger
003230836015375581249_0519799821.dem,P02704,0,Utility Support
003230836015375581249_0519799821.dem,P01908,0,Utility Support
003230836015375581249_0519799821.dem,P05042,3,Budget Headshotter
003230836015375581249_0519799821.dem,P07739,3,Budget Headshotter
003230836015375581249_0519799821.dem,P07950,1,Heavy-Weapon Anchor
003230836182879305925_1170162304.dem,P05417,0,Utility Support
003230836182879305925_1170162304.dem,P04555,2,Star Fragger
003230836182879305925_1170162304.dem,P01896,1,Heavy-Weapon Anchor
003230836182879305925_1170162304.dem,P06992,1,Heavy-Weapon Anchor
003230836182879305925_1170162304.dem,P01864,3,Budget Headshotter
003230836182879305925_1170162304.dem,P04346,2,Star Fragger
003230836182879305925_1170162304.dem,P00756,1,Heavy-Weapon Anchor
003230836182879305925_1170162304.dem,P00193,3,Budget Headshotter
003230836182879305925_1170162304.dem,P03210,0,Utility Support
003230836182879305925_1170162304.dem,P06991,0,Utility Support
003230836822829433051_1890824326.dem,P09257,0,Utility Support
003230836822829433051_1890824326.dem,P07024,0,Utility Support
003230836822829433051_1890824326.dem,P00860,0,Utility Support
003230836822829433051_1890824326.dem,P08004,1,Heavy-Weapon Anchor
003230836822829433051_1890824326.dem,P02633,0,Utility Support
003230836822829433051_1890824326.dem,P01431,2,Star Fragger
003230836822829433051_1890824326.dem,P06257,0,Utility Support
003230836822829433051_1890824326.dem,P01493,0,Utility Support
003230836822829433051_1890824326.dem,P07124,3,Budget Headshotter
003230836822829433051_1890824326.dem,P03665,1,Heavy-Weapon Anchor
003230837005365543057_2138133173.dem,P03089,0,Utility Support
003230837005365543057_2138133173.dem,P06277,0,Utility Support
003230837005365543057_2138133173.dem,P04957,1,Heavy-Weapon Anchor
003230837005365543057_2138133173.dem,P06776,3,Budget Headshotter
003230837005365543057_2138133173.dem,P00286,3,Budget Headshotter
003230837005365543057_2138133173.dem,P03997,0,Utility Support
003230837005365543057_2138133173.dem,P04968,1,Heavy-Weapon Anchor
003230837005365543057_2138133173.dem,P07227,1,Heavy-Weapon Anchor
003230837005365543057_2138133173.dem,P08274,1,Heavy-Weapon Anchor
003230837005365543057_2138133173.dem,P03920,0,Utility Support
003230838680402788577_2134503095.dem,P07091,2,Star Fragger
003230838680402788577_2134503095.dem,P10062,3,Budget Headshotter
003230838680402788577_2134503095.dem,P05867,3,Budget Headshotter
003230838680402788577_2134503095.dem,P09850,0,Utility Support
003230838680402788577_2134503095.dem,P03082,3,Budget Headshotter
003230838680402788577_2134503095.dem,P09422,1,Heavy-Weapon Anchor
003230838680402788577_2134503095.dem,P10464,0,Utility Support
003230838680402788577_2134503095.dem,P03832,2,Star Fragger
003230838680402788577_2134503095.dem,P09661,0,Utility Support
003230838680402788577_2134503095.dem,P07323,0,Utility Support
003230846862315487260_2035771051.dem,P09425,1,Heavy-Weapon Anchor
003230846862315487260_2035771051.dem,P08779,2,Star Fragger
003230846862315487260_2035771051.dem,P04164,2,Star Fragger
003230846862315487260_2035771051.dem,P06217,3,Budget Headshotter
003230846862315487260_2035771051.dem,P10425,3,Budget Headshotter
003230846862315487260_2035771051.dem,P07314,3,Budget Headshotter
003230846862315487260_2035771051.dem,P09894,2,Star Fragger
003230846862315487260_2035771051.dem,P05147,3,Budget Headshotter
003230846862315487260_2035771051.dem,P10756,2,Star Fragger
003230846862315487260_2035771051.dem,P06465,0,Utility Support
003230848573859954701_1646177655.dem,P01524,2,Star Fragger
003230848573859954701_1646177655.dem,P08743,1,Heavy-Weapon Anchor
003230848573859954701_1646177655.dem,P03230,3,Budget Headshotter
003230848573859954701_1646177655.dem,P07654,3,Budget Headshotter
003230848573859954701_1646177655.dem,P10086,3,Budget Headshotter
003230848573859954701_1646177655.dem,P08602,1,Heavy-Weapon Anchor
003230848573859954701_1646177655.dem,P05601,3,Budget Headshotter
003230848573859954701_1646177655.dem,P02200,3,Budget Headshotter
003230848573859954701_1646177655.dem,P05724,3,Budget Headshotter
003230848573859954701_1646177655.dem,P07836,1,Heavy-Weapon Anchor
003230852499460063260_1449904865.dem,P08779,0,Utility Support
003230852499460063260_1449904865.dem,P02573,1,Heavy-Weapon Anchor
003230852499460063260_1449904865.dem,P01085,2,Star Fragger
003230852499460063260_1449904865.dem,P05798,3,Budget Headshotter
003230852499460063260_1449904865.dem,P03501,1,Heavy-Weapon Anchor
003230852499460063260_1449904865.dem,P07772,3,Budget Headshotter
003230852499460063260_1449904865.dem,P04477,3,Budget Headshotter
003230852499460063260_1449904865.dem,P03239,1,Heavy-Weapon Anchor
003230852499460063260_1449904865.dem,P00637,2,Star Fragger
003230852499460063260_1449904865.dem,P02615,3,Budget Headshotter
003230852980496400396_0253560654.dem,P06430,2,Star Fragger
003230852980496400396_0253560654.dem,P09020,0,Utility Support
003230852980496400396_0253560654.dem,P00030,1,Heavy-Weapon Anchor
003230852980496400396_0253560654.dem,P00425,0,Utility Support
003230852980496400396_0253560654.dem,P02759,0,Utility Support
003230852980496400396_0253560654.dem,P07418,3,Budget Headshotter
003230852980496400396_0253560654.dem,P10329,3,Budget Headshotter
003230852980496400396_0253560654.dem,P06366,3,Budget Headshotter
003230852980496400396_0253560654.dem,P09877,0,Utility Support
003230852980496400396_0253560654.dem,P09235,3,Budget Headshotter
003230854964771291227_1557084152.dem,P08685,1,Heavy-Weapon Anchor
003230854964771291227_1557084152.dem,P05909,3,Budget Headshotter
003230854964771291227_1557084152.dem,P05376,1,Heavy-Weapon Anchor
003230854964771291227_1557084152.dem,P00601,3,Budget Headshotter
003230854964771291227_1557084152.dem,P03671,1,Heavy-Weapon Anchor
003230854964771291227_1557084152.dem,P03034,1,Heavy-Weapon Anchor
003230854964771291227_1557084152.dem,P00718,2,Star Fragger
003230854964771291227_1557084152.dem,P01694,2,Star Fragger
003230854964771291227_1557084152.dem,P09409,0,Utility Support
003230854964771291227_1557084152.dem,P00479,1,Heavy-Weapon Anchor
003230855089325342804_0307201038.dem,P05337,3,Budget Headshotter
003230855089325342804_0307201038.dem,P09281,1,Heavy-Weapon Anchor
003230855089325342804_0307201038.dem,P08678,2,Star Fragger
003230855089325342804_0307201038.dem,P06078,1,Heavy-Weapon Anchor
003230855089325342804_0307201038.dem,P06450,1,Heavy-Weapon Anchor
003230855089325342804_0307201038.dem,P01951,0,Utility Support
003230855089325342804_0307201038.dem,P05899,2,Star Fragger
003230855089325342804_0307201038.dem,P10539,3,Budget Headshotter
003230855089325342804_0307201038.dem,P01044,1,Heavy-Weapon Anchor
003230855089325342804_0307201038.dem,P04501,0,Utility Support
003230859453012115545_1606747314.dem,P04920,1,Heavy-Weapon Anchor
003230859453012115545_1606747314.dem,P08779,2,Star Fragger
003230859453012115545_1606747314.dem,P01395,1,Heavy-Weapon Anchor
003230859453012115545_1606747314.dem,P01684,1,Heavy-Weapon Anchor
003230859453012115545_1606747314.dem,P01518,3,Budget Headshotter
003230859453012115545_1606747314.dem,P06785,0,Utility Support
003230859453012115545_1606747314.dem,P02384,0,Utility Support
003230859453012115545_1606747314.dem,P10305,2,Star Fragger
003230859453012115545_1606747314.dem,P03846,3,Budget Headshotter
003230859453012115545_1606747314.dem,P02525,0,Utility Support
003230862957705429062_0213372860.dem,P00830,3,Budget Headshotter
003230862957705429062_0213372860.dem,P09774,2,Star Fragger
003230862957705429062_0213372860.dem,P07948,3,Budget Headshotter
003230862957705429062_0213372860.dem,P06085,1,Heavy-Weapon Anchor
003230862957705429062_0213372860.dem,P00060,0,Utility Support
003230862957705429062_0213372860.dem,P09085,3,Budget Headshotter
003230862957705429062_0213372860.dem,P04696,0,Utility Support
003230862957705429062_0213372860.dem,P07011,3,Budget Headshotter
003230862957705429062_0213372860.dem,P07247,3,Budget Headshotter
003230862957705429062_0213372860.dem,P06151,2,Star Fragger
003230874828995035204_0710845621.dem,P01556,3,Budget Headshotter
003230874828995035204_0710845621.dem,P10533,0,Utility Support
003230874828995035204_0710845621.dem,P05942,1,Heavy-Weapon Anchor
003230874828995035204_0710845621.dem,P09209,1,Heavy-Weapon Anchor
003230874828995035204_0710845621.dem,P04199,2,Star Fragger
003230874828995035204_0710845621.dem,P03378,3,Budget Headshotter
003230874828995035204_0710845621.dem,P01605,2,Star Fragger
003230874828995035204_0710845621.dem,P02566,1,Heavy-Weapon Anchor
003230874828995035204_0710845621.dem,P03840,0,Utility Support
003230874828995035204_0710845621.dem,P05126,0,Utility Support
003230880612168499287_1290647394.dem,P02388,1,Heavy-Weapon Anchor
003230880612168499287_1290647394.dem,P04385,2,Star Fragger
003230880612168499287_1290647394.dem,P05652,3,Budget Headshotter
003230880612168499287_1290647394.dem,P03001,2,Star Fragger
003230880612168499287_1290647394.dem,P03914,1,Heavy-Weapon Anchor
003230880612168499287_1290647394.dem,P02071,1,Heavy-Weapon Anchor
003230880612168499287_1290647394.dem,P02060,0,Utility Support
003230880612168499287_1290647394.dem,P07577,1,Heavy-Weapon Anchor
003230880612168499287_1290647394.dem,P02465,0,Utility Support
003230880612168499287_1290647394.dem,P01342,3,Budget Headshotter
003230883773264429132_0271463991.dem,P03994,2,Star Fragger
003230883773264429132_0271463991.dem,P08779,1,Heavy-Weapon Anchor
003230883773264429132_0271463991.dem,P01919,1,Heavy-Weapon Anchor
003230883773264429132_0271463991.dem,P01876,1,Heavy-Weapon Anchor
003230883773264429132_0271463991.dem,P08101,0,Utility Support
003230883773264429132_0271463991.dem,P07227,1,Heavy-Weapon Anchor
003230883773264429132_0271463991.dem,P02191,1,Heavy-Weapon Anchor
003230883773264429132_0271463991.dem,P03891,0,Utility Support
003230883773264429132_0271463991.dem,P08232,0,Utility Support
003230883773264429132_0271463991.dem,P10071,1,Heavy-Weapon Anchor
003230911767861264470_2043248650.dem,P03715,3,Budget Headshotter
003230911767861264470_2043248650.dem,P05742,1,Heavy-Weapon Anchor
003230911767861264470_2043248650.dem,P08683,0,Utility Support
003230911767861264470_2043248650.dem,P09488,3,Budget Headshotter
003230911767861264470_2043248650.dem,P00365,1,Heavy-Weapon Anchor
003230911767861264470_2043248650.dem,P03578,2,Star Fragger
003230911767861264470_2043248650.dem,P08045,3,Budget Headshotter
003230911767861264470_2043248650.dem,P00449,0,Utility Support
003230911767861264470_2043248650.dem,P04268,1,Heavy-Weapon Anchor
003230911767861264470_2043248650.dem,P04728,2,Star Fragger
003230917527412408476_1743096791.dem,P09313,0,Utility Support
003230917527412408476_1743096791.dem,P00585,1,Heavy-Weapon Anchor
003230917527412408476_1743096791.dem,P02153,1,Heavy-Weapon Anchor
003230917527412408476_1743096791.dem,P09719,1,Heavy-Weapon Anchor
003230917527412408476_1743096791.dem,P02052,0,Utility Support
003230917527412408476_1743096791.dem,P07452,0,Utility Support
003230917527412408476_1743096791.dem,P04979,1,Heavy-Weapon Anchor
003230917527412408476_1743096791.dem,P08424,0,Utility Support
003230917527412408476_1743096791.dem,P01885,0,Utility Support
003230917527412408476_1743096791.dem,P06860,3,Budget Headshotter
003230917568214597750_0144026272.dem,P02527,3,Budget Headshotter
003230917568214597750_0144026272.dem,P06822,3,Budget Headshotter
003230917568214597750_0144026272.dem,P01812,0,Utility Support
003230917568214597750_0144026272.dem,P02521,1,Heavy-Weapon Anchor
003230917568214597750_0144026272.dem,P04717,3,Budget Headshotter
003230917568214597750_0144026272.dem,P09342,0,Utility Support
003230917568214597750_0144026272.dem,P04075,2,Star Fragger
003230917568214597750_0144026272.dem,P05859,2,Star Fragger
003230917568214597750_0144026272.dem,P08839,0,Utility Support
003230917568214597750_0144026272.dem,P08695,1,Heavy-Weapon Anchor
003230923901143875645_1093469225.dem,P02885,2,Star Fragger
003230923901143875645_1093469225.dem,P07054,1,Heavy-Weapon Anchor
003230923901143875645_1093469225.dem,P09012,0,Utility Support
003230923901143875645_1093469225.dem,P07465,3,Budget Headshotter
003230923901143875645_1093469225.dem,P10838,1,Heavy-Weapon Anchor
003230923901143875645_1093469225.dem,P04484,3,Budget Headshotter
003230923901143875645_1093469225.dem,P09776,1,Heavy-Weapon Anchor
003230923901143875645_1093469225.dem,P05342,0,Utility Support
003230923901143875645_1093469225.dem,P04513,3,Budget Headshotter
003230923901143875645_1093469225.dem,P10309,0,Utility Support
003230924639878250686_1209628195.dem,P10893,0,Utility Support
003230924639878250686_1209628195.dem,P07796,1,Heavy-Weapon Anchor
003230924639878250686_1209628195.dem,P06124,1,Heavy-Weapon Anchor
003230924639878250686_1209628195.dem,P01812,3,Budget Headshotter
003230924639878250686_1209628195.dem,P08651,3,Budget Headshotter
003230924639878250686_1209628195.dem,P04075,2,Star Fragger
003230924639878250686_1209628195.dem,P05859,2,Star Fragger
003230924639878250686_1209628195.dem,P00305,1,Heavy-Weapon Anchor
003230924639878250686_1209628195.dem,P08839,3,Budget Headshotter
003230924639878250686_1209628195.dem,P09739,3,Budget Headshotter
003230926012120301576_0442460996.dem,P05349,2,Star Fragger
003230926012120301576_0442460996.dem,P03448,2,Star Fragger
003230926012120301576_0442460996.dem,P07172,3,Budget Headshotter
003230926012120301576_0442460996.dem,P03543,0,Utility Support
003230926012120301576_0442460996.dem,P03661,1,Heavy-Weapon Anchor
003230926012120301576_0442460996.dem,P05350,0,Utility Support
003230926012120301576_0442460996.dem,P09882,3,Budget Headshotter
003230926012120301576_0442460996.dem,P06499,1,Heavy-Weapon Anchor
003230926012120301576_0442460996.dem,P05231,3,Budget Headshotter
003230926012120301576_0442460996.dem,P01266,1,Heavy-Weapon Anchor
003230936283534590175_0847350664.dem,P07265,3,Budget Headshotter
003230936283534590175_0847350664.dem,P05000,0,Utility Support
003230936283534590175_0847350664.dem,P08053,0,Utility Support
003230936283534590175_0847350664.dem,P08427,3,Budget Headshotter
003230936283534590175_0847350664.dem,P10083,0,Utility Support
003230936283534590175_0847350664.dem,P07794,2,Star Fragger
003230936283534590175_0847350664.dem,P01329,3,Budget Headshotter
003230936283534590175_0847350664.dem,P09839,2,Star Fragger
003230936283534590175_0847350664.dem,P08033,3,Budget Headshotter
003230936283534590175_0847350664.dem,P09775,3,Budget Headshotter
003230938551277322383_1985481354.dem,P06362,3,Budget Headshotter
003230938551277322383_1985481354.dem,P04213,3,Budget Headshotter
003230938551277322383_1985481354.dem,P08795,1,Heavy-Weapon Anchor
003230938551277322383_1985481354.dem,P03305,1,Heavy-Weapon Anchor
003230938551277322383_1985481354.dem,P08730,0,Utility Support
003230938551277322383_1985481354.dem,P06934,2,Star Fragger
003230938551277322383_1985481354.dem,P00869,0,Utility Support
003230938551277322383_1985481354.dem,P04643,3,Budget Headshotter
003230938551277322383_1985481354.dem,P03207,0,Utility Support
003230938551277322383_1985481354.dem,P04910,3,Budget Headshotter
003230944027360624926_1124560438.dem,P09006,1,Heavy-Weapon Anchor
003230944027360624926_1124560438.dem,P07544,1,Heavy-Weapon Anchor
003230944027360624926_1124560438.dem,P05245,3,Budget Headshotter
003230944027360624926_1124560438.dem,P03528,3,Budget Headshotter
003230944027360624926_1124560438.dem,P08435,1,Heavy-Weapon Anchor
003230944027360624926_1124560438.dem,P00164,1,Heavy-Weapon Anchor
003230944027360624926_1124560438.dem,P07902,2,Star Fragger
003230944027360624926_1124560438.dem,P01625,1,Heavy-Weapon Anchor
003230944027360624926_1124560438.dem,P03887,1,Heavy-Weapon Anchor
003230944027360624926_1124560438.dem,P07871,2,Star Fragger
003230944390285361229_1317981837.dem,P04253,2,Star Fragger
003230944390285361229_1317981837.dem,P04498,0,Utility Support
003230944390285361229_1317981837.dem,P02371,3,Budget Headshotter
003230944390285361229_1317981837.dem,P00190,3,Budget Headshotter
003230944390285361229_1317981837.dem,P01568,1,Heavy-Weapon Anchor
003230944390285361229_1317981837.dem,P03828,0,Utility Support
003230944390285361229_1317981837.dem,P09641,1,Heavy-Weapon Anchor
003230944390285361229_1317981837.dem,P01529,3,Budget Headshotter
003230944390285361229_1317981837.dem,P05622,2,Star Fragger
003230944905681436723_1028349334.dem,P10339,3,Budget Headshotter
003230944905681436723_1028349334.dem,P08911,3,Budget Headshotter
003230944905681436723_1028349334.dem,P04355,1,Heavy-Weapon Anchor
003230944905681436723_1028349334.dem,P05832,1,Heavy-Weapon Anchor
003230944905681436723_1028349334.dem,P07290,2,Star Fragger
003230944905681436723_1028349334.dem,P03423,1,Heavy-Weapon Anchor
003230944905681436723_1028349334.dem,P09480,2,Star Fragger
003230944905681436723_1028349334.dem,P04692,0,Utility Support
003230944905681436723_1028349334.dem,P02878,2,Star Fragger
003230944905681436723_1028349334.dem,P02410,3,Budget Headshotter
003230948728202330376_0358124047.dem,P06813,2,Star Fragger
003230948728202330376_0358124047.dem,P00078,1,Heavy-Weapon Anchor
003230948728202330376_0358124047.dem,P09149,3,Budget Headshotter
003230948728202330376_0358124047.dem,P03955,0,Utility Support
003230948728202330376_0358124047.dem,P09206,3,Budget Headshotter
003230948728202330376_0358124047.dem,P02206,3,Budget Headshotter
003230948728202330376_0358124047.dem,P01160,0,Utility Support
003230948728202330376_0358124047.dem,P05543,0,Utility Support
003230948728202330376_0358124047.dem,P04027,3,Budget Headshotter
003230948728202330376_0358124047.dem,P10623,3,Budget Headshotter
003230950371027321087_1810937475.dem,P05015,1,Heavy-Weapon Anchor
003230950371027321087_1810937475.dem,P09190,1,Heavy-Weapon Anchor
003230950371027321087_1810937475.dem,P02236,2,Star Fragger
003230950371027321087_1810937475.dem,P10359,1,Heavy-Weapon Anchor
003230950371027321087_1810937475.dem,P05234,2,Star Fragger
003230950371027321087_1810937475.dem,P10776,3,Budget Headshotter
003230950371027321087_1810937475.dem,P10303,2,Star Fragger
003230950371027321087_1810937475.dem,P08728,1,Heavy-Weapon Anchor
003230950371027321087_1810937475.dem,P01582,3,Budget Headshotter
003230950371027321087_1810937475.dem,P02849,3,Budget Headshotter
003230954902217818207_1750007655.dem,P05015,2,Star Fragger
003230954902217818207_1750007655.dem,P09190,0,Utility Support
003230954902217818207_1750007655.dem,P02236,0,Utility Support
003230954902217818207_1750007655.dem,P09646,3,Budget Headshotter
003230954902217818207_1750007655.dem,P09766,3,Budget Headshotter
003230954902217818207_1750007655.dem,P01257,2,Star Fragger
003230954902217818207_1750007655.dem,P05383,2,Star Fragger
003230954902217818207_1750007655.dem,P05502,1,Heavy-Weapon Anchor
003230954902217818207_1750007655.dem,P08738,3,Budget Headshotter
003230954902217818207_1750007655.dem,P05116,1,Heavy-Weapon Anchor
003230961499287584986_1169282681.dem,P09680,3,Budget Headshotter
003230961499287584986_1169282681.dem,P05015,1,Heavy-Weapon Anchor
003230961499287584986_1169282681.dem,P09190,3,Budget Headshotter
003230961499287584986_1169282681.dem,P02236,1,Heavy-Weapon Anchor
003230961499287584986_1169282681.dem,P04913,3,Budget Headshotter
003230961499287584986_1169282681.dem,P06539,3,Budget Headshotter
003230961499287584986_1169282681.dem,P03692,1,Heavy-Weapon Anchor
003230961499287584986_1169282681.dem,P05588,2,Star Fragger
003230961499287584986_1169282681.dem,P06563,2,Star Fragger
003230961499287584986_1169282681.dem,P09434,3,Budget Headshotter
003230966451384877116_0187603293.dem,P07331,1,Heavy-Weapon Anchor
003230966451384877116_0187603293.dem,P09964,2,Star Fragger
003230966451384877116_0187603293.dem,P05006,3,Budget Headshotter
003230966451384877116_0187603293.dem,P10024,2,Star Fragger
003230966451384877116_0187603293.dem,P03888,2,Star Fragger
003230966451384877116_0187603293.dem,P01910,0,Utility Support
003230966451384877116_0187603293.dem,P00448,3,Budget Headshotter
003230966451384877116_0187603293.dem,P05826,3,Budget Headshotter
003230966451384877116_0187603293.dem,P07525,3,Budget Headshotter
003230966451384877116_0187603293.dem,P09156,0,Utility Support
003230972964702781648_0992648154.dem,P09964,2,Star Fragger
003230972964702781648_0992648154.dem,P10024,2,Star Fragger
003230972964702781648_0992648154.dem,P03888,3,Budget Headshotter
003230972964702781648_0992648154.dem,P01149,1,Heavy-Weapon Anchor
003230972964702781648_0992648154.dem,P01910,3,Budget Headshotter
003230972964702781648_0992648154.dem,P05784,0,Utility Support
003230972964702781648_0992648154.dem,P10257,0,Utility Support
003230972964702781648_0992648154.dem,P05826,3,Budget Headshotter
003230972964702781648_0992648154.dem,P07525,3,Budget Headshotter
003230972964702781648_0992648154.dem,P09156,3,Budget Headshotter
003230974274667806909_1565983546.dem,P03645,3,Budget Headshotter
003230974274667806909_1565983546.dem,P04526,2,Star Fragger
003230974274667806909_1565983546.dem,P07900,1,Heavy-Weapon Anchor
003230974274667806909_1565983546.dem,P06918,2,Star Fragger
003230974274667806909_1565983546.dem,P05520,0,Utility Support
003230974274667806909_1565983546.dem,P09745,2,Star Fragger
003230974274667806909_1565983546.dem,P01338,1,Heavy-Weapon Anchor
003230974274667806909_1565983546.dem,P00325,0,Utility Support
003230974274667806909_1565983546.dem,P01193,3,Budget Headshotter
003230985888259375255_1631578884.dem,P00594,3,Budget Headshotter
003230985888259375255_1631578884.dem,P08451,0,Utility Support
003230985888259375255_1631578884.dem,P01568,3,Budget Headshotter
003230985888259375255_1631578884.dem,P02233,0,Utility Support
003230985888259375255_1631578884.dem,P04760,0,Utility Support
003230985888259375255_1631578884.dem,P07164,0,Utility Support
003230985888259375255_1631578884.dem,P02725,3,Budget Headshotter
003230985888259375255_1631578884.dem,P10844,2,Star Fragger
003230985888259375255_1631578884.dem,P01074,2,Star Fragger
003230997568422936758_0308289191.dem,P08323,3,Budget Headshotter
003230997568422936758_0308289191.dem,P06123,3,Budget Headshotter
003230997568422936758_0308289191.dem,P03478,2,Star Fragger
003230997568422936758_0308289191.dem,P01581,3,Budget Headshotter
003230997568422936758_0308289191.dem,P09776,3,Budget Headshotter
003230997568422936758_0308289191.dem,P01594,3,Budget Headshotter
003230997568422936758_0308289191.dem,P07069,0,Utility Support
003230997568422936758_0308289191.dem,P01300,0,Utility Support
003230997568422936758_0308289191.dem,P06269,0,Utility Support
003230997568422936758_0308289191.dem,P01357,2,Star Fragger
003230999662219493627_0733012889.dem,P05015,2,Star Fragger
003230999662219493627_0733012889.dem,P04980,2,Star Fragger
003230999662219493627_0733012889.dem,P05108,3,Budget Headshotter
003230999662219493627_0733012889.dem,P02236,1,Heavy-Weapon Anchor
003230999662219493627_0733012889.dem,P10707,3,Budget Headshotter
003230999662219493627_0733012889.dem,P04398,3,Budget Headshotter
003230999662219493627_0733012889.dem,P05011,3,Budget Headshotter
003230999662219493627_0733012889.dem,P01974,1,Heavy-Weapon Anchor
003230999662219493627_0733012889.dem,P07325,1,Heavy-Weapon Anchor
003230999662219493627_0733012889.dem,P07945,3,Budget Headshotter
003231003293614342278_2034754224.dem,P04195,3,Budget Headshotter
003231003293614342278_2034754224.dem,P01081,0,Utility Support
003231003293614342278_2034754224.dem,P06813,1,Heavy-Weapon Anchor
003231003293614342278_2034754224.dem,P07919,0,Utility Support
003231003293614342278_2034754224.dem,P05193,3,Budget Headshotter
003231003293614342278_2034754224.dem,P10172,1,Heavy-Weapon Anchor
003231003293614342278_2034754224.dem,P09757,0,Utility Support
003231003293614342278_2034754224.dem,P09206,1,Heavy-Weapon Anchor
003231003293614342278_2034754224.dem,P04471,0,Utility Support
003231003293614342278_2034754224.dem,P09280,1,Heavy-Weapon Anchor
003231005971526451343_0973778048.dem,P08069,3,Budget Headshotter
003231005971526451343_0973778048.dem,P08592,2,Star Fragger
003231005971526451343_0973778048.dem,P05015,2,Star Fragger
003231005971526451343_0973778048.dem,P05108,1,Heavy-Weapon Anchor
003231005971526451343_0973778048.dem,P10251,1,Heavy-Weapon Anchor
003231005971526451343_0973778048.dem,P10564,1,Heavy-Weapon Anchor
003231005971526451343_0973778048.dem,P02236,2,Star Fragger
003231005971526451343_0973778048.dem,P08448,3,Budget Headshotter
003231005971526451343_0973778048.dem,P08356,1,Heavy-Weapon Anchor
003231005971526451343_0973778048.dem,P01692,1,Heavy-Weapon Anchor
003231007579991703937_2108815675.dem,P08039,2,Star Fragger
003231007579991703937_2108815675.dem,P02279,3,Budget Headshotter
003231007579991703937_2108815675.dem,P09833,1,Heavy-Weapon Anchor
003231007579991703937_2108815675.dem,P06314,1,Heavy-Weapon Anchor
003231007579991703937_2108815675.dem,P01861,3,Budget Headshotter
003231007579991703937_2108815675.dem,P00665,1,Heavy-Weapon Anchor
003231007579991703937_2108815675.dem,P05144,1,Heavy-Weapon Anchor
003231007579991703937_2108815675.dem,P05005,3,Budget Headshotter
003231007579991703937_2108815675.dem,P06863,2,Star Fragger
003231007579991703937_2108815675.dem,P03237,1,Heavy-Weapon Anchor
003231011874958999851_1467975046.dem,P02974,3,Budget Headshotter
003231011874958999851_1467975046.dem,P08034,1,Heavy-Weapon Anchor
003231011874958999851_1467975046.dem,P01309,1,Heavy-Weapon Anchor
003231011874958999851_1467975046.dem,P01775,0,Utility Support
003231011874958999851_1467975046.dem,P02956,3,Budget Headshotter
003231011874958999851_1467975046.dem,P06432,1,Heavy-Weapon Anchor
003231011874958999851_1467975046.dem,P02180,2,Star Fragger
003231011874958999851_1467975046.dem,P09805,0,Utility Support
003231011874958999851_1467975046.dem,P02359,1,Heavy-Weapon Anchor
003231011874958999851_1467975046.dem,P09357,3,Budget Headshotter
003231012587923570976_0847350664.dem,P10897,0,Utility Support
003231012587923570976_0847350664.dem,P09835,1,Heavy-Weapon Anchor
003231012587923570976_0847350664.dem,P05918,2,Star Fragger
003231012587923570976_0847350664.dem,P09404,2,Star Fragger
003231012587923570976_0847350664.dem,P06596,3,Budget Headshotter
003231012587923570976_0847350664.dem,P08190,3,Budget Headshotter
003231012587923570976_0847350664.dem,P01302,1,Heavy-Weapon Anchor
003231012587923570976_0847350664.dem,P06726,2,Star Fragger
003231012587923570976_0847350664.dem,P09867,2,Star Fragger
003231012587923570976_0847350664.dem,P06721,3,Budget Headshotter
003231014076129738792_0029594567.dem,P09279,3,Budget Headshotter
003231014076129738792_0029594567.dem,P06872,3,Budget Headshotter
003231014076129738792_0029594567.dem,P00219,0,Utility Support
003231014076129738792_0029594567.dem,P09273,3,Budget Headshotter
003231014076129738792_0029594567.dem,P02590,0,Utility Support
003231014076129738792_0029594567.dem,P02983,2,Star Fragger
003231014076129738792_0029594567.dem,P08040,3,Budget Headshotter
003231014076129738792_0029594567.dem,P10697,0,Utility Support
003231014076129738792_0029594567.dem,P08937,2,Star Fragger
003231014076129738792_0029594567.dem,P02256,1,Heavy-Weapon Anchor
003231016584390639915_0371915574.dem,P10949,2,Star Fragger
003231016584390639915_0371915574.dem,P00161,3,Budget Headshotter
003231016584390639915_0371915574.dem,P03209,3,Budget Headshotter
003231016584390639915_0371915574.dem,P05529,3,Budget Headshotter
003231016584390639915_0371915574.dem,P08279,1,Heavy-Weapon Anchor
003231016584390639915_0371915574.dem,P10128,3,Budget Headshotter
003231016584390639915_0371915574.dem,P03822,0,Utility Support
003231016584390639915_0371915574.dem,P02102,0,Utility Support
003231016584390639915_0371915574.dem,P01417,2,Star Fragger
003231016584390639915_0371915574.dem,P00507,3,Budget Headshotter
003231016882890866951_0864233672.dem,P09284,0,Utility Support
003231016882890866951_0864233672.dem,P00456,3,Budget Headshotter
003231016882890866951_0864233672.dem,P07831,1,Heavy-Weapon Anchor
003231016882890866951_0864233672.dem,P00541,2,Star Fragger
003231016882890866951_0864233672.dem,P04578,3,Budget Headshotter
003231016882890866951_0864233672.dem,P02639,2,Star Fragger
003231016882890866951_0864233672.dem,P07018,1,Heavy-Weapon Anchor
003231016882890866951_0864233672.dem,P02283,1,Heavy-Weapon Anchor
003231016882890866951_0864233672.dem,P00995,1,Heavy-Weapon Anchor
003231019717569282215_0712798011.dem,P09964,2,Star Fragger
003231019717569282215_0712798011.dem,P04214,3,Budget Headshotter
003231019717569282215_0712798011.dem,P02968,3,Budget Headshotter
003231019717569282215_0712798011.dem,P10024,3,Budget Headshotter
003231019717569282215_0712798011.dem,P06050,2,Star Fragger
003231019717569282215_0712798011.dem,P03888,0,Utility Support
003231019717569282215_0712798011.dem,P04962,0,Utility Support
003231019717569282215_0712798011.dem,P08387,0,Utility Support
003231019717569282215_0712798011.dem,P06026,3,Budget Headshotter
003231019717569282215_0712798011.dem,P09156,3,Budget Headshotter
003231024714763730998_0079553496.dem,P03119,2,Star Fragger
003231024714763730998_0079553496.dem,P02722,1,Heavy-Weapon Anchor
003231024714763730998_0079553496.dem,P04145,1,Heavy-Weapon Anchor
003231024714763730998_0079553496.dem,P04315,3,Budget Headshotter
003231024714763730998_0079553496.dem,P02089,0,Utility Support
003231024714763730998_0079553496.dem,P10753,2,Star Fragger
003231024714763730998_0079553496.dem,P01798,2,Star Fragger
003231024714763730998_0079553496.dem,P07487,3,Budget Headshotter
003231024714763730998_0079553496.dem,P04264,3,Budget Headshotter
003231024714763730998_0079553496.dem,P04122,3,Budget Headshotter
003231027534409760791_0771760807.dem,P07466,0,Utility Support
003231027534409760791_0771760807.dem,P09978,0,Utility Support
003231027534409760791_0771760807.dem,P08645,2,Star Fragger
003231027534409760791_0771760807.dem,P00574,0,Utility Support
003231027534409760791_0771760807.dem,P02438,0,Utility Support
003231027534409760791_0771760807.dem,P01870,0,Utility Support
003231027534409760791_0771760807.dem,P00739,3,Budget Headshotter
003231027534409760791_0771760807.dem,P02582,3,Budget Headshotter
003231027534409760791_0771760807.dem,P05840,0,Utility Support
003231027534409760791_0771760807.dem,P06765,0,Utility Support
003231033659033125012_0076287132.dem,P07905,1,Heavy-Weapon Anchor
003231033659033125012_0076287132.dem,P03495,1,Heavy-Weapon Anchor
003231033659033125012_0076287132.dem,P10717,2,Star Fragger
003231033659033125012_0076287132.dem,P10886,3,Budget Headshotter
003231033659033125012_0076287132.dem,P06283,2,Star Fragger
003231033659033125012_0076287132.dem,P03067,2,Star Fragger
003231033659033125012_0076287132.dem,P02151,3,Budget Headshotter
003231033659033125012_0076287132.dem,P01921,3,Budget Headshotter
003231033659033125012_0076287132.dem,P04018,1,Heavy-Weapon Anchor
003231033659033125012_0076287132.dem,P03803,0,Utility Support
003231039210278355063_0652676609.dem,P06277,0,Utility Support
003231039210278355063_0652676609.dem,P09001,1,Heavy-Weapon Anchor
003231039210278355063_0652676609.dem,P01906,3,Budget Headshotter
003231039210278355063_0652676609.dem,P00673,1,Heavy-Weapon Anchor
003231039210278355063_0652676609.dem,P00037,0,Utility Support
003231039210278355063_0652676609.dem,P06780,1,Heavy-Weapon Anchor
003231039210278355063_0652676609.dem,P09733,1,Heavy-Weapon Anchor
003231039210278355063_0652676609.dem,P03565,2,Star Fragger
003231039210278355063_0652676609.dem,P04383,2,Star Fragger
003231039210278355063_0652676609.dem,P04987,0,Utility Support
003231041119391318022_1048536228.dem,P03446,0,Utility Support
003231041119391318022_1048536228.dem,P04111,2,Star Fragger
003231041119391318022_1048536228.dem,P05877,3,Budget Headshotter
003231041119391318022_1048536228.dem,P01759,3,Budget Headshotter
003231041119391318022_1048536228.dem,P09157,1,Heavy-Weapon Anchor
003231041119391318022_1048536228.dem,P06663,1,Heavy-Weapon Anchor
003231041119391318022_1048536228.dem,P05281,1,Heavy-Weapon Anchor
003231041119391318022_1048536228.dem,P04259,1,Heavy-Weapon Anchor
003231041119391318022_1048536228.dem,P10643,3,Budget Headshotter
003231041119391318022_1048536228.dem,P01265,1,Heavy-Weapon Anchor
003231041364204453932_0347656976.dem,P02167,3,Budget Headshotter
003231041364204453932_0347656976.dem,P03000,0,Utility Support
003231041364204453932_0347656976.dem,P00699,1,Heavy-Weapon Anchor
003231041364204453932_0347656976.dem,P05838,0,Utility Support
003231041364204453932_0347656976.dem,P09227,1,Heavy-Weapon Anchor
003231041364204453932_0347656976.dem,P09802,2,Star Fragger
003231041364204453932_0347656976.dem,P10124,1,Heavy-Weapon Anchor
003231041364204453932_0347656976.dem,P07458,2,Star Fragger
003231041364204453932_0347656976.dem,P05277,3,Budget Headshotter
003231041364204453932_0347656976.dem,P09599,0,Utility Support
003231042032071868470_1851416668.dem,P08653,3,Budget Headshotter
003231042032071868470_1851416668.dem,P08779,2,Star Fragger
003231042032071868470_1851416668.dem,P04190,2,Star Fragger
003231042032071868470_1851416668.dem,P08259,3,Budget Headshotter
003231042032071868470_1851416668.dem,P05871,3,Budget Headshotter
003231042032071868470_1851416668.dem,P06394,3,Budget Headshotter
003231042032071868470_1851416668.dem,P07514,2,Star Fragger
003231042032071868470_1851416668.dem,P10530,0,Utility Support
003231042032071868470_1851416668.dem,P03083,0,Utility Support
003231045236117471272_0871824779.dem,P06277,0,Utility Support
003231045236117471272_0871824779.dem,P01718,1,Heavy-Weapon Anchor
003231045236117471272_0871824779.dem,P10860,2,Star Fragger
003231045236117471272_0871824779.dem,P07753,1,Heavy-Weapon Anchor
003231045236117471272_0871824779.dem,P08637,3,Budget Headshotter
003231045236117471272_0871824779.dem,P03675,1,Heavy-Weapon Anchor
003231045236117471272_0871824779.dem,P00673,3,Budget Headshotter
003231045236117471272_0871824779.dem,P07687,0,Utility Support
003231045236117471272_0871824779.dem,P10875,0,Utility Support
003231045236117471272_0871824779.dem,P10133,3,Budget Headshotter
003231051279136456866_1709982850.dem,P08779,1,Heavy-Weapon Anchor
003231051279136456866_1709982850.dem,P09712,0,Utility Support
003231051279136456866_1709982850.dem,P05680,2,Star Fragger
003231051279136456866_1709982850.dem,P04190,1,Heavy-Weapon Anchor
003231051279136456866_1709982850.dem,P08500,1,Heavy-Weapon Anchor
003231051279136456866_1709982850.dem,P03837,1,Heavy-Weapon Anchor
003231051279136456866_1709982850.dem,P07514,1,Heavy-Weapon Anchor
003231051279136456866_1709982850.dem,P00215,1,Heavy-Weapon Anchor
003231051279136456866_1709982850.dem,P00368,3,Budget Headshotter
003231051279136456866_1709982850.dem,P00709,0,Utility Support
003231056617780805650_1009992644.dem,P10152,0,Utility Support
003231056617780805650_1009992644.dem,P02692,0,Utility Support
003231056617780805650_1009992644.dem,P06746,1,Heavy-Weapon Anchor
003231056617780805650_1009992644.dem,P06636,0,Utility Support
003231056617780805650_1009992644.dem,P04765,2,Star Fragger
003231056617780805650_1009992644.dem,P01217,0,Utility Support
003231056617780805650_1009992644.dem,P08643,0,Utility Support
003231056617780805650_1009992644.dem,P02553,1,Heavy-Weapon Anchor
003231056617780805650_1009992644.dem,P10261,3,Budget Headshotter
003231056617780805650_1009992644.dem,P07320,0,Utility Support
003231061630007640180_1462672830.dem,P07810,1,Heavy-Weapon Anchor
003231061630007640180_1462672830.dem,P08779,1,Heavy-Weapon Anchor
003231061630007640180_1462672830.dem,P04024,2,Star Fragger
003231061630007640180_1462672830.dem,P07806,3,Budget Headshotter
003231061630007640180_1462672830.dem,P04190,2,Star Fragger
003231061630007640180_1462672830.dem,P03196,1,Heavy-Weapon Anchor
003231061630007640180_1462672830.dem,P06035,2,Star Fragger
003231061630007640180_1462672830.dem,P02483,3,Budget Headshotter
003231061630007640180_1462672830.dem,P06149,2,Star Fragger
003231061630007640180_1462672830.dem,P05789,1,Heavy-Weapon Anchor
003231066268572319898_1085033356.dem,P01117,2,Star Fragger
003231066268572319898_1085033356.dem,P08779,2,Star Fragger
003231066268572319898_1085033356.dem,P09690,1,Heavy-Weapon Anchor
003231066268572319898_1085033356.dem,P01154,1,Heavy-Weapon Anchor
003231066268572319898_1085033356.dem,P07806,1,Heavy-Weapon Anchor
003231066268572319898_1085033356.dem,P04190,2,Star Fragger
003231066268572319898_1085033356.dem,P04965,1,Heavy-Weapon Anchor
003231066268572319898_1085033356.dem,P04150,3,Budget Headshotter
003231066268572319898_1085033356.dem,P03969,3,Budget Headshotter
003231066268572319898_1085033356.dem,P05160,1,Heavy-Weapon Anchor
003231070116863017057_1769580391.dem,P06889,0,Utility Support
003231070116863017057_1769580391.dem,P02795,1,Heavy-Weapon Anchor
003231070116863017057_1769580391.dem,P07416,3,Budget Headshotter
003231070116863017057_1769580391.dem,P08257,1,Heavy-Weapon Anchor
003231070116863017057_1769580391.dem,P06641,1,Heavy-Weapon Anchor
003231070116863017057_1769580391.dem,P01145,0,Utility Support
003231070116863017057_1769580391.dem,P05761,0,Utility Support
003231070116863017057_1769580391.dem,P08686,0,Utility Support
003231070116863017057_1769580391.dem,P08321,0,Utility Support
003231070116863017057_1769580391.dem,P05516,1,Heavy-Weapon Anchor
003231098848046743612_1533412679.dem,P02382,0,Utility Support
003231098848046743612_1533412679.dem,P04951,1,Heavy-Weapon Anchor
003231098848046743612_1533412679.dem,P07959,2,Star Fragger
003231098848046743612_1533412679.dem,P02029,2,Star Fragger
003231098848046743612_1533412679.dem,P10476,3,Budget Headshotter
003231098848046743612_1533412679.dem,P03995,1,Heavy-Weapon Anchor
003231098848046743612_1533412679.dem,P10183,0,Utility Support
003231098848046743612_1533412679.dem,P07990,3,Budget Headshotter
003231098848046743612_1533412679.dem,P01083,1,Heavy-Weapon Anchor
003231098848046743612_1533412679.dem,P00068,2,Star Fragger
003231103143014039622_0392853127.dem,P04656,2,Star Fragger
003231103143014039622_0392853127.dem,P07274,3,Budget Headshotter
003231103143014039622_0392853127.dem,P03787,3,Budget Headshotter
003231103143014039622_0392853127.dem,P10495,3,Budget Headshotter
003231103143014039622_0392853127.dem,P01354,3,Budget Headshotter
003231103143014039622_0392853127.dem,P03217,0,Utility Support
003231103143014039622_0392853127.dem,P02182,3,Budget Headshotter
003231103143014039622_0392853127.dem,P02540,0,Utility Support
003231103143014039622_0392853127.dem,P09035,3,Budget Headshotter
003231103143014039622_0392853127.dem,P07345,2,Star Fragger
003231144323160473705_2073786039.dem,P05015,2,Star Fragger
003231144323160473705_2073786039.dem,P09190,2,Star Fragger
003231144323160473705_2073786039.dem,P02236,1,Heavy-Weapon Anchor
003231144323160473705_2073786039.dem,P09851,1,Heavy-Weapon Anchor
003231144323160473705_2073786039.dem,P04865,2,Star Fragger
003231144323160473705_2073786039.dem,P08732,2,Star Fragger
003231144323160473705_2073786039.dem,P02708,3,Budget Headshotter
003231144323160473705_2073786039.dem,P04736,3,Budget Headshotter
003231144323160473705_2073786039.dem,P06605,3,Budget Headshotter
003231144323160473705_2073786039.dem,P07604,1,Heavy-Weapon Anchor
003231155687643939010_1591320664.dem,P06425,3,Budget Headshotter
003231155687643939010_1591320664.dem,P07959,1,Heavy-Weapon Anchor
003231155687643939010_1591320664.dem,P02029,0,Utility Support
003231155687643939010_1591320664.dem,P01701,0,Utility Support
003231155687643939010_1591320664.dem,P02721,0,Utility Support
003231155687643939010_1591320664.dem,P09017,2,Star Fragger
003231155687643939010_1591320664.dem,P02259,3,Budget Headshotter
003231155687643939010_1591320664.dem,P03634,2,Star Fragger
003231155687643939010_1591320664.dem,P07498,3,Budget Headshotter
003231155687643939010_1591320664.dem,P10114,3,Budget Headshotter
003231159063488233553_2113990861.dem,P03283,0,Utility Support
003231159063488233553_2113990861.dem,P10376,1,Heavy-Weapon Anchor
003231159063488233553_2113990861.dem,P04132,0,Utility Support
003231159063488233553_2113990861.dem,P01645,3,Budget Headshotter
003231159063488233553_2113990861.dem,P08656,0,Utility Support
003231159063488233553_2113990861.dem,P05763,1,Heavy-Weapon Anchor
003231159063488233553_2113990861.dem,P04247,2,Star Fragger
003231159063488233553_2113990861.dem,P07602,2,Star Fragger
003231159063488233553_2113990861.dem,P07045,3,Budget Headshotter
003231159063488233553_2113990861.dem,P01028,3,Budget Headshotter
003231160025560907991_0149094289.dem,P00983,1,Heavy-Weapon Anchor
003231160025560907991_0149094289.dem,P06336,1,Heavy-Weapon Anchor
003231160025560907991_0149094289.dem,P03594,0,Utility Support
003231160025560907991_0149094289.dem,P06230,3,Budget Headshotter
003231160025560907991_0149094289.dem,P09912,1,Heavy-Weapon Anchor
003231160025560907991_0149094289.dem,P03669,3,Budget Headshotter
003231160025560907991_0149094289.dem,P09985,2,Star Fragger
003231160025560907991_0149094289.dem,P03159,2,Star Fragger
003231160025560907991_0149094289.dem,P09117,2,Star Fragger
003231160025560907991_0149094289.dem,P02275,2,Star Fragger
003231161294723743938_0770810259.dem,P07959,2,Star Fragger
003231161294723743938_0770810259.dem,P02029,0,Utility Support
003231161294723743938_0770810259.dem,P10658,3,Budget Headshotter
003231161294723743938_0770810259.dem,P01710,1,Heavy-Weapon Anchor
003231161294723743938_0770810259.dem,P04725,1,Heavy-Weapon Anchor
003231161294723743938_0770810259.dem,P08174,3,Budget Headshotter
003231161294723743938_0770810259.dem,P08876,0,Utility Support
003231161294723743938_0770810259.dem,P08525,1,Heavy-Weapon Anchor
003231161294723743938_0770810259.dem,P05864,1,Heavy-Weapon Anchor
003231161294723743938_0770810259.dem,P02259,1,Heavy-Weapon Anchor
003231162065670373719_1947671005.dem,P09034,3,Budget Headshotter
003231162065670373719_1947671005.dem,P07088,2,Star Fragger
003231162065670373719_1947671005.dem,P01902,1,Heavy-Weapon Anchor
003231162065670373719_1947671005.dem,P02843,3,Budget Headshotter
003231162065670373719_1947671005.dem,P05993,0,Utility Support
003231162065670373719_1947671005.dem,P03081,3,Budget Headshotter
003231162065670373719_1947671005.dem,P03763,1,Heavy-Weapon Anchor
003231162065670373719_1947671005.dem,P03284,2,Star Fragger
003231162065670373719_1947671005.dem,P01076,0,Utility Support
003231162065670373719_1947671005.dem,P04589,3,Budget Headshotter
003231162241764032730_2038694577.dem,P03190,2,Star Fragger
003231162241764032730_2038694577.dem,P08507,1,Heavy-Weapon Anchor
003231162241764032730_2038694577.dem,P04287,1,Heavy-Weapon Anchor
003231162241764032730_2038694577.dem,P06686,0,Utility Support
003231162241764032730_2038694577.dem,P06222,3,Budget Headshotter
003231162241764032730_2038694577.dem,P04776,1,Heavy-Weapon Anchor
003231162241764032730_2038694577.dem,P03147,0,Utility Support
003231162241764032730_2038694577.dem,P08225,1,Heavy-Weapon Anchor
003231162241764032730_2038694577.dem,P10193,0,Utility Support
003231162241764032730_2038694577.dem,P04384,1,Heavy-Weapon Anchor
003231168428664422486_0512131630.dem,P09471,1,Heavy-Weapon Anchor
003231168428664422486_0512131630.dem,P09681,0,Utility Support
003231168428664422486_0512131630.dem,P00130,0,Utility Support
003231168428664422486_0512131630.dem,P06446,3,Budget Headshotter
003231168428664422486_0512131630.dem,P01490,3,Budget Headshotter
003231168428664422486_0512131630.dem,P02979,3,Budget Headshotter
003231168428664422486_0512131630.dem,P08642,3,Budget Headshotter
003231168428664422486_0512131630.dem,P10046,2,Star Fragger
003231168428664422486_0512131630.dem,P04846,2,Star Fragger
003231168428664422486_0512131630.dem,P04543,1,Heavy-Weapon Anchor
003231168478056546327_0235977243.dem,P03190,0,Utility Support
003231168478056546327_0235977243.dem,P06467,3,Budget Headshotter
003231168478056546327_0235977243.dem,P04287,1,Heavy-Weapon Anchor
003231168478056546327_0235977243.dem,P03192,3,Budget Headshotter
003231168478056546327_0235977243.dem,P10706,3,Budget Headshotter
003231168478056546327_0235977243.dem,P01977,1,Heavy-Weapon Anchor
003231168478056546327_0235977243.dem,P05892,1,Heavy-Weapon Anchor
003231168478056546327_0235977243.dem,P01514,3,Budget Headshotter
003231168478056546327_0235977243.dem,P10193,0,Utility Support
003231168478056546327_0235977243.dem,P07384,2,Star Fragger
003231171731494273037_0313220152.dem,P06881,1,Heavy-Weapon Anchor
003231171731494273037_0313220152.dem,P10327,0,Utility Support
003231171731494273037_0313220152.dem,P03841,0,Utility Support
003231171731494273037_0313220152.dem,P03867,0,Utility Support
003231171731494273037_0313220152.dem,P08742,3,Budget Headshotter
003231171731494273037_0313220152.dem,P03326,0,Utility Support
003231171731494273037_0313220152.dem,P05651,0,Utility Support
003231171731494273037_0313220152.dem,P02869,1,Heavy-Weapon Anchor
003231171731494273037_0313220152.dem,P08984,1,Heavy-Weapon Anchor
003231171731494273037_0313220152.dem,P07633,0,Utility Support
003231175395101376906_0123992839.dem,P03190,0,Utility Support
003231175395101376906_0123992839.dem,P09446,0,Utility Support
003231175395101376906_0123992839.dem,P04287,0,Utility Support
003231175395101376906_0123992839.dem,P09054,3,Budget Headshotter
003231175395101376906_0123992839.dem,P01514,1,Heavy-Weapon Anchor
003231175395101376906_0123992839.dem,P04349,0,Utility Support
003231175395101376906_0123992839.dem,P01010,3,Budget Headshotter
003231175395101376906_0123992839.dem,P10193,0,Utility Support
003231175395101376906_0123992839.dem,P03700,3,Budget Headshotter
003231175395101376906_0123992839.dem,P05637,3,Budget Headshotter
003231175732256309537_1977796450.dem,P03335,1,Heavy-Weapon Anchor
003231175732256309537_1977796450.dem,P03063,1,Heavy-Weapon Anchor
003231175732256309537_1977796450.dem,P01363,1,Heavy-Weapon Anchor
003231175732256309537_1977796450.dem,P00481,1,Heavy-Weapon Anchor
003231175732256309537_1977796450.dem,P01795,3,Budget Headshotter
003231175732256309537_1977796450.dem,P00658,1,Heavy-Weapon Anchor
003231175732256309537_1977796450.dem,P07300,0,Utility Support
003231175732256309537_1977796450.dem,P08090,1,Heavy-Weapon Anchor
003231175732256309537_1977796450.dem,P02460,2,Star Fragger
003231175732256309537_1977796450.dem,P05078,2,Star Fragger
003231178105225740465_0593930293.dem,P04769,1,Heavy-Weapon Anchor
003231178105225740465_0593930293.dem,P06113,1,Heavy-Weapon Anchor
003231178105225740465_0593930293.dem,P01836,3,Budget Headshotter
003231178105225740465_0593930293.dem,P07121,1,Heavy-Weapon Anchor
003231178105225740465_0593930293.dem,P04478,1,Heavy-Weapon Anchor
003231178105225740465_0593930293.dem,P08587,3,Budget Headshotter
003231178105225740465_0593930293.dem,P06947,1,Heavy-Weapon Anchor
003231178105225740465_0593930293.dem,P05941,3,Budget Headshotter
003231178105225740465_0593930293.dem,P04047,1,Heavy-Weapon Anchor
003231178105225740465_0593930293.dem,P03107,2,Star Fragger
003231178188977602843_0930159941.dem,P02635,2,Star Fragger
003231178188977602843_0930159941.dem,P03069,1,Heavy-Weapon Anchor
003231178188977602843_0930159941.dem,P08173,1,Heavy-Weapon Anchor
003231178188977602843_0930159941.dem,P00015,1,Heavy-Weapon Anchor
003231178188977602843_0930159941.dem,P09794,1,Heavy-Weapon Anchor
003231178188977602843_0930159941.dem,P05288,0,Utility Support
003231178188977602843_0930159941.dem,P08242,0,Utility Support
003231178188977602843_0930159941.dem,P05018,1,Heavy-Weapon Anchor
003231178188977602843_0930159941.dem,P10702,3,Budget Headshotter
003231178487477829995_1000436864.dem,P04374,2,Star Fragger
003231178487477829995_1000436864.dem,P04529,3,Budget Headshotter
003231178487477829995_1000436864.dem,P04205,3,Budget Headshotter
003231178487477829995_1000436864.dem,P03775,2,Star Fragger
003231178487477829995_1000436864.dem,P06049,3,Budget Headshotter
003231178487477829995_1000436864.dem,P00948,3,Budget Headshotter
003231178487477829995_1000436864.dem,P00563,3,Budget Headshotter
003231178487477829995_1000436864.dem,P08221,1,Heavy-Weapon Anchor
003231178487477829995_1000436864.dem,P05918,2,Star Fragger
003231178487477829995_1000436864.dem,P06496,3,Budget Headshotter
003231179136017891373_0094256202.dem,P07623,0,Utility Support
003231179136017891373_0094256202.dem,P05065,3,Budget Headshotter
003231179136017891373_0094256202.dem,P05015,2,Star Fragger
003231179136017891373_0094256202.dem,P02236,1,Heavy-Weapon Anchor
003231179136017891373_0094256202.dem,P07862,1,Heavy-Weapon Anchor
003231179136017891373_0094256202.dem,P03229,0,Utility Support
003231179136017891373_0094256202.dem,P08139,3,Budget Headshotter
003231179136017891373_0094256202.dem,P04929,3,Budget Headshotter
003231179136017891373_0094256202.dem,P01139,3,Budget Headshotter
003231179136017891373_0094256202.dem,P10223,2,Star Fragger
003231179301374132605_0406407868.dem,P08382,1,Heavy-Weapon Anchor
003231179301374132605_0406407868.dem,P09583,3,Budget Headshotter
003231179301374132605_0406407868.dem,P03719,0,Utility Support
003231179301374132605_0406407868.dem,P03453,2,Star Fragger
003231179301374132605_0406407868.dem,P03652,1,Heavy-Weapon Anchor
003231179301374132605_0406407868.dem,P01778,1,Heavy-Weapon Anchor
003231179301374132605_0406407868.dem,P04354,3,Budget Headshotter
003231179301374132605_0406407868.dem,P01021,1,Heavy-Weapon Anchor
003231179301374132605_0406407868.dem,P07929,3,Budget Headshotter
003231179301374132605_0406407868.dem,P02853,1,Heavy-Weapon Anchor
003231180241971970418_0975768045.dem,P06813,2,Star Fragger
003231180241971970418_0975768045.dem,P03382,3,Budget Headshotter
003231180241971970418_0975768045.dem,P03197,1,Heavy-Weapon Anchor
003231180241971970418_0975768045.dem,P07680,0,Utility Support
003231180241971970418_0975768045.dem,P05193,3,Budget Headshotter
003231180241971970418_0975768045.dem,P10669,0,Utility Support
003231180241971970418_0975768045.dem,P05984,1,Heavy-Weapon Anchor
003231180241971970418_0975768045.dem,P09206,3,Budget Headshotter
003231180241971970418_0975768045.dem,P09420,3,Budget Headshotter
003231180241971970418_0975768045.dem,P07886,3,Budget Headshotter
003231182675070943557_1351432055.dem,P09062,0,Utility Support
003231182675070943557_1351432055.dem,P05948,2,Star Fragger
003231182675070943557_1351432055.dem,P07866,1,Heavy-Weapon Anchor
003231182675070943557_1351432055.dem,P03980,3,Budget Headshotter
003231182675070943557_1351432055.dem,P01040,2,Star Fragger
003231182675070943557_1351432055.dem,P09402,3,Budget Headshotter
003231182675070943557_1351432055.dem,P10456,1,Heavy-Weapon Anchor
003231182675070943557_1351432055.dem,P02303,3,Budget Headshotter
003231182675070943557_1351432055.dem,P02232,1,Heavy-Weapon Anchor
003231182675070943557_1351432055.dem,P08846,3,Budget Headshotter
003231184023690674329_0999407131.dem,P03335,0,Utility Support
003231184023690674329_0999407131.dem,P06158,3,Budget Headshotter
003231184023690674329_0999407131.dem,P04827,2,Star Fragger
003231184023690674329_0999407131.dem,P00481,2,Star Fragger
003231184023690674329_0999407131.dem,P01719,1,Heavy-Weapon Anchor
003231184023690674329_0999407131.dem,P00051,1,Heavy-Weapon Anchor
003231184023690674329_0999407131.dem,P08090,3,Budget Headshotter
003231184023690674329_0999407131.dem,P02460,1,Heavy-Weapon Anchor
003231184023690674329_0999407131.dem,P09144,1,Heavy-Weapon Anchor
003231184023690674329_0999407131.dem,P05078,1,Heavy-Weapon Anchor
003231187627168235758_0518889792.dem,P08039,2,Star Fragger
003231187627168235758_0518889792.dem,P06095,1,Heavy-Weapon Anchor
003231187627168235758_0518889792.dem,P09833,1,Heavy-Weapon Anchor
003231187627168235758_0518889792.dem,P00783,3,Budget Headshotter
003231187627168235758_0518889792.dem,P02049,3,Budget Headshotter
003231187627168235758_0518889792.dem,P05144,1,Heavy-Weapon Anchor
003231187627168235758_0518889792.dem,P05005,1,Heavy-Weapon Anchor
003231187627168235758_0518889792.dem,P10462,0,Utility Support
003231187627168235758_0518889792.dem,P07883,1,Heavy-Weapon Anchor
003231187627168235758_0518889792.dem,P10125,1,Heavy-Weapon Anchor
003231187844064084415_1553873297.dem,P07097,0,Utility Support
003231187844064084415_1553873297.dem,P02425,1,Heavy-Weapon Anchor
003231187844064084415_1553873297.dem,P03190,0,Utility Support
003231187844064084415_1553873297.dem,P00090,2,Star Fragger
003231187844064084415_1553873297.dem,P04287,3,Budget Headshotter
003231187844064084415_1553873297.dem,P02162,2,Star Fragger
003231187844064084415_1553873297.dem,P04680,3,Budget Headshotter
003231187844064084415_1553873297.dem,P05605,0,Utility Support
003231187844064084415_1553873297.dem,P01514,3,Budget Headshotter
003231187844064084415_1553873297.dem,P10193,0,Utility Support
003231187942848332167_0424476464.dem,P05638,3,Budget Headshotter
003231187942848332167_0424476464.dem,P08304,0,Utility Support
003231187942848332167_0424476464.dem,P01791,1,Heavy-Weapon Anchor
003231187942848332167_0424476464.dem,P08554,0,Utility Support
003231187942848332167_0424476464.dem,P05015,1,Heavy-Weapon Anchor
003231187942848332167_0424476464.dem,P06609,3,Budget Headshotter
003231187942848332167_0424476464.dem,P02236,1,Heavy-Weapon Anchor
003231187942848332167_0424476464.dem,P05295,3,Budget Headshotter
003231187942848332167_0424476464.dem,P10223,1,Heavy-Weapon Anchor
003231187942848332167_0424476464.dem,P05471,2,Star Fragger
003231191151188902194_2079468355.dem,P06615,2,Star Fragger
003231191151188902194_2079468355.dem,P03963,0,Utility Support
003231191151188902194_2079468355.dem,P06813,1,Heavy-Weapon Anchor
003231191151188902194_2079468355.dem,P10025,1,Heavy-Weapon Anchor
003231191151188902194_2079468355.dem,P04204,1,Heavy-Weapon Anchor
003231191151188902194_2079468355.dem,P10433,1,Heavy-Weapon Anchor
003231191151188902194_2079468355.dem,P05193,2,Star Fragger
003231191151188902194_2079468355.dem,P00122,1,Heavy-Weapon Anchor
003231191151188902194_2079468355.dem,P08715,1,Heavy-Weapon Anchor
003231191151188902194_2079468355.dem,P10416,3,Budget Headshotter
003231191574243180820_1284595468.dem,P06639,3,Budget Headshotter
003231191574243180820_1284595468.dem,P04469,2,Star Fragger
003231191574243180820_1284595468.dem,P02604,2,Star Fragger
003231191574243180820_1284595468.dem,P00228,2,Star Fragger
003231191574243180820_1284595468.dem,P09674,1,Heavy-Weapon Anchor
003231191574243180820_1284595468.dem,P09374,3,Budget Headshotter
003231191574243180820_1284595468.dem,P02508,0,Utility Support
003231191574243180820_1284595468.dem,P04421,1,Heavy-Weapon Anchor
003231191574243180820_1284595468.dem,P04176,3,Budget Headshotter
003231191574243180820_1284595468.dem,P08668,0,Utility Support
003231191801876447596_0646587002.dem,P03363,3,Budget Headshotter
003231191801876447596_0646587002.dem,P10916,3,Budget Headshotter
003231191801876447596_0646587002.dem,P10466,3,Budget Headshotter
003231191801876447596_0646587002.dem,P00554,0,Utility Support
003231191801876447596_0646587002.dem,P09396,2,Star Fragger
003231191801876447596_0646587002.dem,P08138,0,Utility Support
003231191801876447596_0646587002.dem,P05912,3,Budget Headshotter
003231191801876447596_0646587002.dem,P00446,3,Budget Headshotter
003231191801876447596_0646587002.dem,P03222,0,Utility Support
003231191801876447596_0646587002.dem,P08105,3,Budget Headshotter
003231194320874766501_0175593824.dem,P03190,0,Utility Support
003231194320874766501_0175593824.dem,P07184,2,Star Fragger
003231194320874766501_0175593824.dem,P09814,0,Utility Support
003231194320874766501_0175593824.dem,P08799,2,Star Fragger
003231194320874766501_0175593824.dem,P04287,1,Heavy-Weapon Anchor
003231194320874766501_0175593824.dem,P03279,1,Heavy-Weapon Anchor
003231194320874766501_0175593824.dem,P08674,3,Budget Headshotter
003231194320874766501_0175593824.dem,P01514,3,Budget Headshotter
003231194320874766501_0175593824.dem,P03605,2,Star Fragger
003231194320874766501_0175593824.dem,P10193,3,Budget Headshotter
003231194365971923252_0664749266.dem,P02353,2,Star Fragger
003231194365971923252_0664749266.dem,P08704,1,Heavy-Weapon Anchor
003231194365971923252_0664749266.dem,P08080,0,Utility Support
003231194365971923252_0664749266.dem,P03707,0,Utility Support
003231194365971923252_0664749266.dem,P05181,1,Heavy-Weapon Anchor
003231194365971923252_0664749266.dem,P09628,0,Utility Support
003231194365971923252_0664749266.dem,P04635,1,Heavy-Weapon Anchor
003231194365971923252_0664749266.dem,P05720,0,Utility Support
003231194365971923252_0664749266.dem,P10166,0,Utility Support
003231194365971923252_0664749266.dem,P04256,3,Budget Headshotter
003231196612239818850_1019385406.dem,P05693,2,Star Fragger
003231196612239818850_1019385406.dem,P06514,2,Star Fragger
003231196612239818850_1019385406.dem,P07846,3,Budget Headshotter
003231196612239818850_1019385406.dem,P08134,1,Heavy-Weapon Anchor
003231196612239818850_1019385406.dem,P01427,1,Heavy-Weapon Anchor
003231196612239818850_1019385406.dem,P00942,1,Heavy-Weapon Anchor
003231196612239818850_1019385406.dem,P03013,3,Budget Headshotter
003231196612239818850_1019385406.dem,P04918,1,Heavy-Weapon Anchor
003231196612239818850_1019385406.dem,P10265,3,Budget Headshotter
003231196612239818850_1019385406.dem,P01980,1,Heavy-Weapon Anchor
003231196998786875767_2073274833.dem,P06813,1,Heavy-Weapon Anchor
003231196998786875767_2073274833.dem,P10025,3,Budget Headshotter
003231196998786875767_2073274833.dem,P09013,2,Star Fragger
003231196998786875767_2073274833.dem,P08784,2,Star Fragger
003231196998786875767_2073274833.dem,P05193,3,Budget Headshotter
003231196998786875767_2073274833.dem,P09206,1,Heavy-Weapon Anchor
003231196998786875767_2073274833.dem,P05338,2,Star Fragger
003231196998786875767_2073274833.dem,P08715,3,Budget Headshotter
003231196998786875767_2073274833.dem,P02218,1,Heavy-Weapon Anchor
003231196998786875767_2073274833.dem,P02965,1,Heavy-Weapon Anchor
003231197159848149275_0330617105.dem,P03335,1,Heavy-Weapon Anchor
003231197159848149275_0330617105.dem,P03549,3,Budget Headshotter
003231197159848149275_0330617105.dem,P05627,2,Star Fragger
003231197159848149275_0330617105.dem,P02243,0,Utility Support
003231197159848149275_0330617105.dem,P01213,1,Heavy-Weapon Anchor
003231197159848149275_0330617105.dem,P10536,1,Heavy-Weapon Anchor
003231197159848149275_0330617105.dem,P01973,1,Heavy-Weapon Anchor
003231197159848149275_0330617105.dem,P08163,2,Star Fragger
003231197159848149275_0330617105.dem,P04494,2,Star Fragger
003231197159848149275_0330617105.dem,P08090,1,Heavy-Weapon Anchor
003231199204252582112_0109347364.dem,P03485,3,Budget Headshotter
003231199204252582112_0109347364.dem,P07524,1,Heavy-Weapon Anchor
003231199204252582112_0109347364.dem,P00126,2,Star Fragger
003231199204252582112_0109347364.dem,P07704,2,Star Fragger
003231199204252582112_0109347364.dem,P07828,1,Heavy-Weapon Anchor
003231199204252582112_0109347364.dem,P06520,2,Star Fragger
003231199204252582112_0109347364.dem,P05999,1,Heavy-Weapon Anchor
003231199204252582112_0109347364.dem,P04549,3,Budget Headshotter
003231199204252582112_0109347364.dem,P07829,2,Star Fragger
003231199204252582112_0109347364.dem,P08899,3,Budget Headshotter
003231199766893297691_1970468644.dem,P10405,0,Utility Support
003231199766893297691_1970468644.dem,P10052,0,Utility Support
003231199766893297691_1970468644.dem,P00417,3,Budget Headshotter
003231199766893297691_1970468644.dem,P08555,0,Utility Support
003231199766893297691_1970468644.dem,P00315,0,Utility Support
003231199766893297691_1970468644.dem,P01072,1,Heavy-Weapon Anchor
003231199766893297691_1970468644.dem,P08787,0,Utility Support
003231199766893297691_1970468644.dem,P05440,1,Heavy-Weapon Anchor
003231199766893297691_1970468644.dem,P04169,3,Budget Headshotter
003231199766893297691_1970468644.dem,P04491,3,Budget Headshotter
003231200973779108079_0518318709.dem,P02353,1,Heavy-Weapon Anchor
003231200973779108079_0518318709.dem,P08704,1,Heavy-Weapon Anchor
003231200973779108079_0518318709.dem,P08080,0,Utility Support
003231200973779108079_0518318709.dem,P03607,0,Utility Support
003231200973779108079_0518318709.dem,P05720,1,Heavy-Weapon Anchor
003231200973779108079_0518318709.dem,P08345,1,Heavy-Weapon Anchor
003231200973779108079_0518318709.dem,P04256,1,Heavy-Weapon Anchor
003231200973779108079_0518318709.dem,P07583,1,Heavy-Weapon Anchor
003231200973779108079_0518318709.dem,P10289,2,Star Fragger
003231200973779108079_0518318709.dem,P00293,0,Utility Support
003231203967371313355_0367830818.dem,P07846,3,Budget Headshotter
003231203967371313355_0367830818.dem,P01648,3,Budget Headshotter
003231203967371313355_0367830818.dem,P06178,2,Star Fragger
003231203967371313355_0367830818.dem,P00364,3,Budget Headshotter
003231203967371313355_0367830818.dem,P02748,1,Heavy-Weapon Anchor
003231203967371313355_0367830818.dem,P04657,1,Heavy-Weapon Anchor
003231203967371313355_0367830818.dem,P08450,0,Utility Support
003231203967371313355_0367830818.dem,P09037,1,Heavy-Weapon Anchor
003231203967371313355_0367830818.dem,P05898,3,Budget Headshotter
003231203967371313355_0367830818.dem,P04811,2,Star Fragger
003231205865746858281_0955895579.dem,P09512,3,Budget Headshotter
003231205865746858281_0955895579.dem,P08384,0,Utility Support
003231205865746858281_0955895579.dem,P00522,1,Heavy-Weapon Anchor
003231205865746858281_0955895579.dem,P06365,0,Utility Support
003231205865746858281_0955895579.dem,P03151,1,Heavy-Weapon Anchor
003231205865746858281_0955895579.dem,P08842,2,Star Fragger
003231205865746858281_0955895579.dem,P09532,0,Utility Support
003231205865746858281_0955895579.dem,P04786,1,Heavy-Weapon Anchor
003231205865746858281_0955895579.dem,P09598,3,Budget Headshotter
003231205865746858281_0955895579.dem,P00707,2,Star Fragger
003231206905128943862_0067811315.dem,P05325,1,Heavy-Weapon Anchor
003231206905128943862_0067811315.dem,P10142,2,Star Fragger
003231206905128943862_0067811315.dem,P03163,1,Heavy-Weapon Anchor
003231206905128943862_0067811315.dem,P00281,1,Heavy-Weapon Anchor
003231206905128943862_0067811315.dem,P06355,1,Heavy-Weapon Anchor
003231206905128943862_0067811315.dem,P09286,2,Star Fragger
003231206905128943862_0067811315.dem,P07015,0,Utility Support
003231206905128943862_0067811315.dem,P02415,1,Heavy-Weapon Anchor
003231206905128943862_0067811315.dem,P03058,1,Heavy-Weapon Anchor
003231206905128943862_0067811315.dem,P04107,3,Budget Headshotter
003231207618093515024_2041886109.dem,P03959,3,Budget Headshotter
003231207618093515024_2041886109.dem,P09310,3,Budget Headshotter
003231207618093515024_2041886109.dem,P07637,2,Star Fragger
003231207618093515024_2041886109.dem,P07113,0,Utility Support
003231207618093515024_2041886109.dem,P03506,3,Budget Headshotter
003231207618093515024_2041886109.dem,P07324,0,Utility Support
003231207618093515024_2041886109.dem,P08213,2,Star Fragger
003231207618093515024_2041886109.dem,P03205,1,Heavy-Weapon Anchor
003231207618093515024_2041886109.dem,P03523,3,Budget Headshotter
003231207618093515024_2041886109.dem,P00208,0,Utility Support
003231208322468151495_0178245005.dem,P02353,2,Star Fragger
003231208322468151495_0178245005.dem,P09887,1,Heavy-Weapon Anchor
003231208322468151495_0178245005.dem,P07519,1,Heavy-Weapon Anchor
003231208322468151495_0178245005.dem,P08080,0,Utility Support
003231208322468151495_0178245005.dem,P10810,1,Heavy-Weapon Anchor
003231208322468151495_0178245005.dem,P00119,0,Utility Support
003231208322468151495_0178245005.dem,P04180,0,Utility Support
003231208322468151495_0178245005.dem,P05720,1,Heavy-Weapon Anchor
003231208322468151495_0178245005.dem,P04256,1,Heavy-Weapon Anchor
003231208322468151495_0178245005.dem,P02387,1,Heavy-Weapon Anchor
003231212295312900234_2106256409.dem,P01944,3,Budget Headshotter
003231212295312900234_2106256409.dem,P10374,3,Budget Headshotter
003231212295312900234_2106256409.dem,P10932,1,Heavy-Weapon Anchor
003231212295312900234_2106256409.dem,P01608,2,Star Fragger
003231212295312900234_2106256409.dem,P07959,3,Budget Headshotter
003231212295312900234_2106256409.dem,P03432,0,Utility Support
003231212295312900234_2106256409.dem,P02029,0,Utility Support
003231212295312900234_2106256409.dem,P08209,3,Budget Headshotter
003231212295312900234_2106256409.dem,P00041,3,Budget Headshotter
003231212295312900234_2106256409.dem,P02259,3,Budget Headshotter
003231214657544913072_1797925086.dem,P07165,0,Utility Support
003231214657544913072_1797925086.dem,P05384,3,Budget Headshotter
003231214657544913072_1797925086.dem,P00847,1,Heavy-Weapon Anchor
003231214657544913072_1797925086.dem,P10952,2,Star Fragger
003231214657544913072_1797925086.dem,P01748,0,Utility Support
003231214657544913072_1797925086.dem,P01268,1,Heavy-Weapon Anchor
003231214657544913072_1797925086.dem,P08872,1,Heavy-Weapon Anchor
003231214657544913072_1797925086.dem,P10734,3,Budget Headshotter
003231214657544913072_1797925086.dem,P01290,0,Utility Support
003231214657544913072_1797925086.dem,P06179,0,Utility Support
003231215559488045237_0930773334.dem,P03357,0,Utility Support
003231215559488045237_0930773334.dem,P10068,0,Utility Support
003231215559488045237_0930773334.dem,P09115,0,Utility Support
003231215559488045237_0930773334.dem,P03843,0,Utility Support
003231215559488045237_0930773334.dem,P09072,1,Heavy-Weapon Anchor
003231215559488045237_0930773334.dem,P00283,1,Heavy-Weapon Anchor
003231215559488045237_0930773334.dem,P02651,3,Budget Headshotter
003231215559488045237_0930773334.dem,P00625,2,Star Fragger
003231215559488045237_0930773334.dem,P00542,2,Star Fragger
003231215559488045237_0930773334.dem,P08336,3,Budget Headshotter
003231219349796683803_0518889792.dem,P10441,3,Budget Headshotter
003231219349796683803_0518889792.dem,P01944,1,Heavy-Weapon Anchor
003231219349796683803_0518889792.dem,P08711,1,Heavy-Weapon Anchor
003231219349796683803_0518889792.dem,P09857,0,Utility Support
003231219349796683803_0518889792.dem,P07959,1,Heavy-Weapon Anchor
003231219349796683803_0518889792.dem,P08726,1,Heavy-Weapon Anchor
003231219349796683803_0518889792.dem,P06055,1,Heavy-Weapon Anchor
003231219349796683803_0518889792.dem,P02029,2,Star Fragger
003231219349796683803_0518889792.dem,P07775,0,Utility Support
003231219349796683803_0518889792.dem,P02259,1,Heavy-Weapon Anchor
003231225738560536679_1343914664.dem,P01944,1,Heavy-Weapon Anchor
003231225738560536679_1343914664.dem,P03805,1,Heavy-Weapon Anchor
003231225738560536679_1343914664.dem,P10637,2,Star Fragger
003231225738560536679_1343914664.dem,P07322,0,Utility Support
003231225738560536679_1343914664.dem,P07959,2,Star Fragger
003231225738560536679_1343914664.dem,P02029,0,Utility Support
003231225738560536679_1343914664.dem,P06089,3,Budget Headshotter
003231225738560536679_1343914664.dem,P08778,3,Budget Headshotter
003231225738560536679_1343914664.dem,P02259,1,Heavy-Weapon Anchor
003231225738560536679_1343914664.dem,P06807,0,Utility Support
003231227774375035021_2075318601.dem,P06015,0,Utility Support
003231227774375035021_2075318601.dem,P06277,2,Star Fragger
003231227774375035021_2075318601.dem,P09258,1,Heavy-Weapon Anchor
003231227774375035021_2075318601.dem,P07266,0,Utility Support
003231227774375035021_2075318601.dem,P02747,3,Budget Headshotter
003231227774375035021_2075318601.dem,P03552,0,Utility Support
003231227774375035021_2075318601.dem,P04509,0,Utility Support
003231227774375035021_2075318601.dem,P09212,3,Budget Headshotter
003231227774375035021_2075318601.dem,P00262,3,Budget Headshotter
003231227774375035021_2075318601.dem,P06323,1,Heavy-Weapon Anchor
003231233329915232341_1506812261.dem,P01944,1,Heavy-Weapon Anchor
003231233329915232341_1506812261.dem,P07959,1,Heavy-Weapon Anchor
003231233329915232341_1506812261.dem,P01965,1,Heavy-Weapon Anchor
003231233329915232341_1506812261.dem,P02029,2,Star Fragger
003231233329915232341_1506812261.dem,P05426,3,Budget Headshotter
003231233329915232341_1506812261.dem,P02593,3,Budget Headshotter
003231233329915232341_1506812261.dem,P07297,3,Budget Headshotter
003231233329915232341_1506812261.dem,P02259,1,Heavy-Weapon Anchor
003231233329915232341_1506812261.dem,P01696,0,Utility Support
003231233329915232341_1506812261.dem,P04140,0,Utility Support
003231234051469738117_1631919925.dem,P06277,0,Utility Support
003231234051469738117_1631919925.dem,P00646,3,Budget Headshotter
003231234051469738117_1631919925.dem,P07266,0,Utility Support
003231234051469738117_1631919925.dem,P10543,1,Heavy-Weapon Anchor
003231234051469738117_1631919925.dem,P07373,1,Heavy-Weapon Anchor
003231234051469738117_1631919925.dem,P03220,1,Heavy-Weapon Anchor
003231234051469738117_1631919925.dem,P00280,1,Heavy-Weapon Anchor
003231234051469738117_1631919925.dem,P05154,1,Heavy-Weapon Anchor
003231234051469738117_1631919925.dem,P04800,1,Heavy-Weapon Anchor
003231234051469738117_1631919925.dem,P08901,0,Utility Support
003231236819576160308_0704088263.dem,P01294,0,Utility Support
003231236819576160308_0704088263.dem,P01749,0,Utility Support
003231236819576160308_0704088263.dem,P04993,0,Utility Support
003231236819576160308_0704088263.dem,P02286,0,Utility Support
003231236819576160308_0704088263.dem,P05238,1,Heavy-Weapon Anchor
003231236819576160308_0704088263.dem,P09325,3,Budget Headshotter
003231236819576160308_0704088263.dem,P00944,1,Heavy-Weapon Anchor
003231236819576160308_0704088263.dem,P08091,3,Budget Headshotter
003231236819576160308_0704088263.dem,P07459,1,Heavy-Weapon Anchor
003231236819576160308_0704088263.dem,P01482,1,Heavy-Weapon Anchor
003231237828893474918_1664777690.dem,P01509,0,Utility Support
003231237828893474918_1664777690.dem,P06749,1,Heavy-Weapon Anchor
003231237828893474918_1664777690.dem,P00039,0,Utility Support
003231237828893474918_1664777690.dem,P04251,2,Star Fragger
003231237828893474918_1664777690.dem,P05704,2,Star Fragger
003231237828893474918_1664777690.dem,P08432,1,Heavy-Weapon Anchor
003231237828893474918_1664777690.dem,P05932,0,Utility Support
003231237828893474918_1664777690.dem,P05585,0,Utility Support
003231237828893474918_1664777690.dem,P06136,1,Heavy-Weapon Anchor
003231237828893474918_1664777690.dem,P09524,3,Budget Headshotter
003231242433098416168_1611971864.dem,P01944,1,Heavy-Weapon Anchor
003231242433098416168_1611971864.dem,P01068,1,Heavy-Weapon Anchor
003231242433098416168_1611971864.dem,P07847,1,Heavy-Weapon Anchor
003231242433098416168_1611971864.dem,P02335,0,Utility Support
003231242433098416168_1611971864.dem,P10414,1,Heavy-Weapon Anchor
003231242433098416168_1611971864.dem,P06471,1,Heavy-Weapon Anchor
003231242433098416168_1611971864.dem,P02029,0,Utility Support
003231242433098416168_1611971864.dem,P02259,3,Budget Headshotter
003231242433098416168_1611971864.dem,P07562,0,Utility Support
003231242433098416168_1611971864.dem,P08883,2,Star Fragger
003231243908419682326_0898513766.dem,P03590,1,Heavy-Weapon Anchor
003231243908419682326_0898513766.dem,P09710,1,Heavy-Weapon Anchor
003231243908419682326_0898513766.dem,P04993,0,Utility Support
003231243908419682326_0898513766.dem,P00109,1,Heavy-Weapon Anchor
003231243908419682326_0898513766.dem,P01845,3,Budget Headshotter
003231243908419682326_0898513766.dem,P04919,3,Budget Headshotter
003231243908419682326_0898513766.dem,P00004,1,Heavy-Weapon Anchor
003231243908419682326_0898513766.dem,P10804,2,Star Fragger
003231243908419682326_0898513766.dem,P00944,2,Star Fragger
003231243908419682326_0898513766.dem,P01482,2,Star Fragger
003231247808249987106_0699739467.dem,P10021,3,Budget Headshotter
003231247808249987106_0699739467.dem,P04482,3,Budget Headshotter
003231247808249987106_0699739467.dem,P02411,3,Budget Headshotter
003231247808249987106_0699739467.dem,P01125,2,Star Fragger
003231247808249987106_0699739467.dem,P03316,2,Star Fragger
003231247808249987106_0699739467.dem,P10169,3,Budget Headshotter
003231247808249987106_0699739467.dem,P09014,2,Star Fragger
003231247808249987106_0699739467.dem,P03244,2,Star Fragger
003231247808249987106_0699739467.dem,P06733,0,Utility Support
003231247808249987106_0699739467.dem,P02817,1,Heavy-Weapon Anchor
003231249962176086121_1794935535.dem,P09710,0,Utility Support
003231249962176086121_1794935535.dem,P04993,2,Star Fragger
003231249962176086121_1794935535.dem,P04200,1,Heavy-Weapon Anchor
003231249962176086121_1794935535.dem,P06388,3,Budget Headshotter
003231249962176086121_1794935535.dem,P00109,1,Heavy-Weapon Anchor
003231249962176086121_1794935535.dem,P04895,1,Heavy-Weapon Anchor
003231249962176086121_1794935535.dem,P07349,3,Budget Headshotter
003231249962176086121_1794935535.dem,P10587,1,Heavy-Weapon Anchor
003231249962176086121_1794935535.dem,P03845,2,Star Fragger
003231249962176086121_1794935535.dem,P04818,1,Heavy-Weapon Anchor
003231288316234039387_2075194945.dem,P08606,1,Heavy-Weapon Anchor
003231288316234039387_2075194945.dem,P05555,3,Budget Headshotter
003231288316234039387_2075194945.dem,P00502,1,Heavy-Weapon Anchor
003231288316234039387_2075194945.dem,P02856,1,Heavy-Weapon Anchor
003231288316234039387_2075194945.dem,P07936,0,Utility Support
003231288316234039387_2075194945.dem,P05146,1,Heavy-Weapon Anchor
003231288316234039387_2075194945.dem,P05007,3,Budget Headshotter
003231288316234039387_2075194945.dem,P02554,3,Budget Headshotter
003231288316234039387_2075194945.dem,P02732,0,Utility Support
003231288316234039387_2075194945.dem,P08026,0,Utility Support
003231305783866032168_1167856380.dem,P06170,3,Budget Headshotter
003231305783866032168_1167856380.dem,P05480,3,Budget Headshotter
003231305783866032168_1167856380.dem,P01195,2,Star Fragger
003231305783866032168_1167856380.dem,P04185,2,Star Fragger
003231305783866032168_1167856380.dem,P10284,3,Budget Headshotter
003231305783866032168_1167856380.dem,P05573,0,Utility Support
003231305783866032168_1167856380.dem,P05613,2,Star Fragger
003231305783866032168_1167856380.dem,P05681,2,Star Fragger
003231305783866032168_1167856380.dem,P08573,3,Budget Headshotter
003231311345848680577_0281383180.dem,P06813,2,Star Fragger
003231311345848680577_0281383180.dem,P04204,1,Heavy-Weapon Anchor
003231311345848680577_0281383180.dem,P09301,1,Heavy-Weapon Anchor
003231311345848680577_0281383180.dem,P08043,1,Heavy-Weapon Anchor
003231311345848680577_0281383180.dem,P08306,1,Heavy-Weapon Anchor
003231311345848680577_0281383180.dem,P09206,2,Star Fragger
003231311345848680577_0281383180.dem,P04766,3,Budget Headshotter
003231311345848680577_0281383180.dem,P01998,3,Budget Headshotter
003231311345848680577_0281383180.dem,P04545,2,Star Fragger
003231311345848680577_0281383180.dem,P08715,1,Heavy-Weapon Anchor
003231328736171262174_1611720584.dem,P04016,2,Star Fragger
003231328736171262174_1611720584.dem,P00631,1,Heavy-Weapon Anchor
003231328736171262174_1611720584.dem,P06645,3,Budget Headshotter
003231328736171262174_1611720584.dem,P09114,0,Utility Support
003231328736171262174_1611720584.dem,P04017,0,Utility Support
003231328736171262174_1611720584.dem,P01435,3,Budget Headshotter
003231328736171262174_1611720584.dem,P09573,1,Heavy-Weapon Anchor
003231328736171262174_1611720584.dem,P10898,3,Budget Headshotter
003231328736171262174_1611720584.dem,P02275,2,Star Fragger
003231328736171262174_1611720584.dem,P09732,2,Star Fragger
003231344105711730796_0644849106.dem,P04353,3,Budget Headshotter
003231344105711730796_0644849106.dem,P01928,2,Star Fragger
003231344105711730796_0644849106.dem,P06739,3,Budget Headshotter
003231344105711730796_0644849106.dem,P09277,3,Budget Headshotter
003231344105711730796_0644849106.dem,P08439,2,Star Fragger
003231344105711730796_0644849106.dem,P00318,3,Budget Headshotter
003231344105711730796_0644849106.dem,P06084,1,Heavy-Weapon Anchor
003231344105711730796_0644849106.dem,P08074,3,Budget Headshotter
003231344105711730796_0644849106.dem,P05316,1,Heavy-Weapon Anchor
003231344105711730796_0644849106.dem,P01612,2,Star Fragger
003231347786498703549_0419246967.dem,P07846,3,Budget Headshotter
003231347786498703549_0419246967.dem,P07216,2,Star Fragger
003231347786498703549_0419246967.dem,P10174,0,Utility Support
003231347786498703549_0419246967.dem,P10415,3,Budget Headshotter
003231347786498703549_0419246967.dem,P05534,3,Budget Headshotter
003231347786498703549_0419246967.dem,P09395,1,Heavy-Weapon Anchor
003231347786498703549_0419246967.dem,P07912,0,Utility Support
003231347786498703549_0419246967.dem,P00224,0,Utility Support
003231347786498703549_0419246967.dem,P02139,3,Budget Headshotter
003231347786498703549_0419246967.dem,P02596,1,Heavy-Weapon Anchor
003231348795816018241_1965078282.dem,P08625,0,Utility Support
003231348795816018241_1965078282.dem,P02457,3,Budget Headshotter
003231348795816018241_1965078282.dem,P05111,2,Star Fragger
003231348795816018241_1965078282.dem,P08491,2,Star Fragger
003231348795816018241_1965078282.dem,P08837,0,Utility Support
003231348795816018241_1965078282.dem,P04577,1,Heavy-Weapon Anchor
003231348795816018241_1965078282.dem,P09502,1,Heavy-Weapon Anchor
003231348795816018241_1965078282.dem,P09267,1,Heavy-Weapon Anchor
003231348795816018241_1965078282.dem,P01177,3,Budget Headshotter
003231348795816018241_1965078282.dem,P05079,1,Heavy-Weapon Anchor
003231353077898412058_0584975391.dem,P10003,0,Utility Support
003231353077898412058_0584975391.dem,P08291,0,Utility Support
003231353077898412058_0584975391.dem,P08369,2,Star Fragger
003231353077898412058_0584975391.dem,P01287,1,Heavy-Weapon Anchor
003231353077898412058_0584975391.dem,P01531,0,Utility Support
003231353077898412058_0584975391.dem,P07361,0,Utility Support
003231353077898412058_0584975391.dem,P10801,0,Utility Support
003231353077898412058_0584975391.dem,P05013,3,Budget Headshotter
003231353077898412058_0584975391.dem,P07288,1,Heavy-Weapon Anchor
003231353077898412058_0584975391.dem,P08414,0,Utility Support
003231363514668941477_0524559842.dem,P01817,1,Heavy-Weapon Anchor
003231363514668941477_0524559842.dem,P03335,1,Heavy-Weapon Anchor
003231363514668941477_0524559842.dem,P09519,2,Star Fragger
003231363514668941477_0524559842.dem,P09066,1,Heavy-Weapon Anchor
003231363514668941477_0524559842.dem,P10661,3,Budget Headshotter
003231363514668941477_0524559842.dem,P05968,2,Star Fragger
003231363514668941477_0524559842.dem,P04850,2,Star Fragger
003231363514668941477_0524559842.dem,P01326,1,Heavy-Weapon Anchor
003231363514668941477_0524559842.dem,P03392,1,Heavy-Weapon Anchor
003231363514668941477_0524559842.dem,P00754,1,Heavy-Weapon Anchor
003231366299955232894_0709353345.dem,P00716,1,Heavy-Weapon Anchor
003231366299955232894_0709353345.dem,P02235,1,Heavy-Weapon Anchor
003231366299955232894_0709353345.dem,P06317,1,Heavy-Weapon Anchor
003231366299955232894_0709353345.dem,P10485,0,Utility Support
003231366299955232894_0709353345.dem,P06494,1,Heavy-Weapon Anchor
003231366299955232894_0709353345.dem,P08636,3,Budget Headshotter
003231366299955232894_0709353345.dem,P03774,0,Utility Support
003231366299955232894_0709353345.dem,P09959,2,Star Fragger
003231366299955232894_0709353345.dem,P09439,1,Heavy-Weapon Anchor
003231366299955232894_0709353345.dem,P09605,0,Utility Support
003231366841121112077_0458380717.dem,P02624,3,Budget Headshotter
003231366841121112077_0458380717.dem,P03516,1,Heavy-Weapon Anchor
003231366841121112077_0458380717.dem,P10382,0,Utility Support
003231366841121112077_0458380717.dem,P00104,3,Budget Headshotter
003231366841121112077_0458380717.dem,P04293,3,Budget Headshotter
003231366841121112077_0458380717.dem,P06391,0,Utility Support
003231366841121112077_0458380717.dem,P07151,2,Star Fragger
003231366841121112077_0458380717.dem,P08375,3,Budget Headshotter
003231366841121112077_0458380717.dem,P00903,0,Utility Support
003231366841121112077_0458380717.dem,P02275,2,Star Fragger
003231367307125063760_1598040397.dem,P04363,1,Heavy-Weapon Anchor
003231367307125063760_1598040397.dem,P03245,2,Star Fragger
003231367307125063760_1598040397.dem,P01918,2,Star Fragger
003231367307125063760_1598040397.dem,P07918,3,Budget Headshotter
003231367307125063760_1598040397.dem,P03369,3,Budget Headshotter
003231367307125063760_1598040397.dem,P02488,1,Heavy-Weapon Anchor
003231367307125063760_1598040397.dem,P05793,0,Utility Support
003231367307125063760_1598040397.dem,P08354,1,Heavy-Weapon Anchor
003231367307125063760_1598040397.dem,P07805,0,Utility Support
003231367307125063760_1598040397.dem,P05461,3,Budget Headshotter
003231370251325145157_0358456153.dem,P02588,2,Star Fragger
003231370251325145157_0358456153.dem,P01892,2,Star Fragger
003231370251325145157_0358456153.dem,P06783,0,Utility Support
003231370251325145157_0358456153.dem,P04144,3,Budget Headshotter
003231370251325145157_0358456153.dem,P08609,1,Heavy-Weapon Anchor
003231370251325145157_0358456153.dem,P01920,3,Budget Headshotter
003231370251325145157_0358456153.dem,P01009,0,Utility Support
003231370251325145157_0358456153.dem,P00953,3,Budget Headshotter
003231370251325145157_0358456153.dem,P09489,3,Budget Headshotter
003231370251325145157_0358456153.dem,P06416,0,Utility Support
003231372435316015278_1354828816.dem,P08039,2,Star Fragger
003231372435316015278_1354828816.dem,P09833,3,Budget Headshotter
003231372435316015278_1354828816.dem,P10933,0,Utility Support
003231372435316015278_1354828816.dem,P04636,0,Utility Support
003231372435316015278_1354828816.dem,P00665,3,Budget Headshotter
003231372435316015278_1354828816.dem,P10821,3,Budget Headshotter
003231372435316015278_1354828816.dem,P09581,3,Budget Headshotter
003231372435316015278_1354828816.dem,P00497,1,Heavy-Weapon Anchor
003231372435316015278_1354828816.dem,P00201,0,Utility Support
003231372435316015278_1354828816.dem,P06809,0,Utility Support
003231376086038217009_0080808580.dem,P03600,3,Budget Headshotter
003231376086038217009_0080808580.dem,P09190,1,Heavy-Weapon Anchor
003231376086038217009_0080808580.dem,P05108,3,Budget Headshotter
003231376086038217009_0080808580.dem,P02236,1,Heavy-Weapon Anchor
003231376086038217009_0080808580.dem,P07255,3,Budget Headshotter
003231376086038217009_0080808580.dem,P06979,3,Budget Headshotter
003231376086038217009_0080808580.dem,P05370,3,Budget Headshotter
003231376086038217009_0080808580.dem,P07924,3,Budget Headshotter
003231376086038217009_0080808580.dem,P03162,2,Star Fragger
003231376086038217009_0080808580.dem,P07961,3,Budget Headshotter
003231378688788398228_0421126433.dem,P07878,2,Star Fragger
003231378688788398228_0421126433.dem,P08155,1,Heavy-Weapon Anchor
003231378688788398228_0421126433.dem,P08018,1,Heavy-Weapon Anchor
003231378688788398228_0421126433.dem,P02782,1,Heavy-Weapon Anchor
003231378688788398228_0421126433.dem,P07745,0,Utility Support
003231378688788398228_0421126433.dem,P09695,1,Heavy-Weapon Anchor
003231378688788398228_0421126433.dem,P08915,1,Heavy-Weapon Anchor
003231378688788398228_0421126433.dem,P00398,2,Star Fragger
003231378688788398228_0421126433.dem,P04121,3,Budget Headshotter
003231378688788398228_0421126433.dem,P05262,1,Heavy-Weapon Anchor
003231378864882057307_1679109085.dem,P08039,2,Star Fragger
003231378864882057307_1679109085.dem,P06729,0,Utility Support
003231378864882057307_1679109085.dem,P02837,1,Heavy-Weapon Anchor
003231378864882057307_1679109085.dem,P09833,1,Heavy-Weapon Anchor
003231378864882057307_1679109085.dem,P04740,1,Heavy-Weapon Anchor
003231378864882057307_1679109085.dem,P00665,1,Heavy-Weapon Anchor
003231378864882057307_1679109085.dem,P10821,3,Budget Headshotter
003231378864882057307_1679109085.dem,P09581,2,Star Fragger
003231378864882057307_1679109085.dem,P04281,2,Star Fragger
003231378864882057307_1679109085.dem,P09059,1,Heavy-Weapon Anchor
003231382114024816916_1732159936.dem,P09190,3,Budget Headshotter
003231382114024816916_1732159936.dem,P05108,1,Heavy-Weapon Anchor
003231382114024816916_1732159936.dem,P02989,2,Star Fragger
003231382114024816916_1732159936.dem,P02236,1,Heavy-Weapon Anchor
003231382114024816916_1732159936.dem,P06379,2,Star Fragger
003231382114024816916_1732159936.dem,P00372,1,Heavy-Weapon Anchor
003231382114024816916_1732159936.dem,P08823,1,Heavy-Weapon Anchor
003231382114024816916_1732159936.dem,P01789,3,Budget Headshotter
003231382114024816916_1732159936.dem,P10640,3,Budget Headshotter
003231382114024816916_1732159936.dem,P10770,3,Budget Headshotter
003231399650376286339_0502725872.dem,P09606,2,Star Fragger
003231399650376286339_0502725872.dem,P01992,1,Heavy-Weapon Anchor
003231399650376286339_0502725872.dem,P08781,2,Star Fragger
003231399650376286339_0502725872.dem,P00017,1,Heavy-Weapon Anchor
003231399650376286339_0502725872.dem,P06382,3,Budget Headshotter
003231399650376286339_0502725872.dem,P05294,3,Budget Headshotter
003231399650376286339_0502725872.dem,P04240,1,Heavy-Weapon Anchor
003231399650376286339_0502725872.dem,P06008,1,Heavy-Weapon Anchor
003231399650376286339_0502725872.dem,P01224,2,Star Fragger
003231399650376286339_0502725872.dem,P08988,0,Utility Support
003231421799522631729_0126832021.dem,P06460,1,Heavy-Weapon Anchor
003231421799522631729_0126832021.dem,P05809,3,Budget Headshotter
003231421799522631729_0126832021.dem,P10808,0,Utility Support
003231421799522631729_0126832021.dem,P07546,1,Heavy-Weapon Anchor
003231421799522631729_0126832021.dem,P00766,3,Budget Headshotter
003231421799522631729_0126832021.dem,P03291,3,Budget Headshotter
003231421799522631729_0126832021.dem,P04067,1,Heavy-Weapon Anchor
003231421799522631729_0126832021.dem,P04298,2,Star Fragger
003231421799522631729_0126832021.dem,P04034,3,Budget Headshotter
003231422278411485242_0274516015.dem,P08845,3,Budget Headshotter
003231422278411485242_0274516015.dem,P03309,0,Utility Support
003231422278411485242_0274516015.dem,P00442,0,Utility Support
003231422278411485242_0274516015.dem,P03386,3,Budget Headshotter
003231422278411485242_0274516015.dem,P01764,0,Utility Support
003231422278411485242_0274516015.dem,P09889,0,Utility Support
003231422278411485242_0274516015.dem,P05491,1,Heavy-Weapon Anchor
003231422278411485242_0274516015.dem,P06917,2,Star Fragger
003231422278411485242_0274516015.dem,P05834,0,Utility Support
003231422278411485242_0274516015.dem,P09994,0,Utility Support
003231436649372057668_0186020564.dem,P10078,3,Budget Headshotter
003231436649372057668_0186020564.dem,P08640,1,Heavy-Weapon Anchor
003231436649372057668_0186020564.dem,P01944,1,Heavy-Weapon Anchor
003231436649372057668_0186020564.dem,P07959,1,Heavy-Weapon Anchor
003231436649372057668_0186020564.dem,P02029,2,Star Fragger
003231436649372057668_0186020564.dem,P05700,0,Utility Support
003231436649372057668_0186020564.dem,P01542,1,Heavy-Weapon Anchor
003231436649372057668_0186020564.dem,P01358,2,Star Fragger
003231436649372057668_0186020564.dem,P02083,3,Budget Headshotter
003231436649372057668_0186020564.dem,P08949,2,Star Fragger
003231442533477253150_1075360092.dem,P04645,0,Utility Support
003231442533477253150_1075360092.dem,P04319,2,Star Fragger
003231442533477253150_1075360092.dem,P01352,3,Budget Headshotter
003231442533477253150_1075360092.dem,P05664,3,Budget Headshotter
003231442533477253150_1075360092.dem,P02029,2,Star Fragger
003231442533477253150_1075360092.dem,P07768,0,Utility Support
003231442533477253150_1075360092.dem,P04447,3,Budget Headshotter
003231442533477253150_1075360092.dem,P08591,0,Utility Support
003231442533477253150_1075360092.dem,P01358,2,Star Fragger
003231442533477253150_1075360092.dem,P08881,3,Budget Headshotter
003231447391085264929_1429922838.dem,P09633,2,Star Fragger
003231447391085264929_1429922838.dem,P01307,1,Heavy-Weapon Anchor
003231447391085264929_1429922838.dem,P04640,3,Budget Headshotter
003231447391085264929_1429922838.dem,P09776,3,Budget Headshotter
003231447391085264929_1429922838.dem,P10712,1,Heavy-Weapon Anchor
003231447391085264929_1429922838.dem,P07615,0,Utility Support
003231447391085264929_1429922838.dem,P01639,3,Budget Headshotter
003231447391085264929_1429922838.dem,P06775,0,Utility Support
003231447391085264929_1429922838.dem,P07162,1,Heavy-Weapon Anchor
003231447391085264929_1429922838.dem,P08753,2,Star Fragger
003231452117696774161_0157327714.dem,P04431,3,Budget Headshotter
003231452117696774161_0157327714.dem,P09862,2,Star Fragger
003231452117696774161_0157327714.dem,P00056,1,Heavy-Weapon Anchor
003231452117696774161_0157327714.dem,P00179,1,Heavy-Weapon Anchor
003231452117696774161_0157327714.dem,P01904,3,Budget Headshotter
003231452117696774161_0157327714.dem,P04248,1,Heavy-Weapon Anchor
003231452117696774161_0157327714.dem,P05764,0,Utility Support
003231452117696774161_0157327714.dem,P10321,1,Heavy-Weapon Anchor
003231452117696774161_0157327714.dem,P06373,0,Utility Support
003231452117696774161_0157327714.dem,P00151,0,Utility Support
003231458274532392968_1499685196.dem,P06711,3,Budget Headshotter
003231458274532392968_1499685196.dem,P08142,2,Star Fragger
003231458274532392968_1499685196.dem,P02026,3,Budget Headshotter
003231458274532392968_1499685196.dem,P03979,3,Budget Headshotter
003231458274532392968_1499685196.dem,P07688,1,Heavy-Weapon Anchor
003231458274532392968_1499685196.dem,P06207,1,Heavy-Weapon Anchor
003231458274532392968_1499685196.dem,P06526,3,Budget Headshotter
003231458274532392968_1499685196.dem,P07540,2,Star Fragger
003231458274532392968_1499685196.dem,P05212,2,Star Fragger
003231458274532392968_1499685196.dem,P07622,3,Budget Headshotter
003231464701950951508_0312098745.dem,P02895,3,Budget Headshotter
003231464701950951508_0312098745.dem,P03409,0,Utility Support
003231464701950951508_0312098745.dem,P08348,3,Budget Headshotter
003231464701950951508_0312098745.dem,P04361,1,Heavy-Weapon Anchor
003231464701950951508_0312098745.dem,P02414,0,Utility Support
003231464701950951508_0312098745.dem,P06353,2,Star Fragger
003231464701950951508_0312098745.dem,P10739,1,Heavy-Weapon Anchor
003231464701950951508_0312098745.dem,P09089,0,Utility Support
003231464701950951508_0312098745.dem,P02982,0,Utility Support
003231464701950951508_0312098745.dem,P09541,2,Star Fragger
003231495183333851274_0962612004.dem,P07085,2,Star Fragger
003231495183333851274_0962612004.dem,P03639,3,Budget Headshotter
003231495183333851274_0962612004.dem,P01667,3,Budget Headshotter
003231495183333851274_0962612004.dem,P05530,3,Budget Headshotter
003231495183333851274_0962612004.dem,P02284,0,Utility Support
003231495183333851274_0962612004.dem,P07229,2,Star Fragger
003231495183333851274_0962612004.dem,P05285,3,Budget Headshotter
003231495183333851274_0962612004.dem,P03107,0,Utility Support
003231495183333851274_0962612004.dem,P09394,1,Heavy-Weapon Anchor
003231495183333851274_0962612004.dem,P04168,2,Star Fragger
003231513226491461749_0053338088.dem,P05135,3,Budget Headshotter
003231513226491461749_0053338088.dem,P09127,0,Utility Support
003231513226491461749_0053338088.dem,P08667,0,Utility Support
003231513226491461749_0053338088.dem,P08418,3,Budget Headshotter
003231513226491461749_0053338088.dem,P02128,3,Budget Headshotter
003231513226491461749_0053338088.dem,P09145,2,Star Fragger
003231513226491461749_0053338088.dem,P07241,3,Budget Headshotter
003231513226491461749_0053338088.dem,P02124,0,Utility Support
003231513226491461749_0053338088.dem,P08999,2,Star Fragger
003231513226491461749_0053338088.dem,P02275,3,Budget Headshotter
003231515552216252706_1025176982.dem,P10694,3,Budget Headshotter
003231515552216252706_1025176982.dem,P03521,0,Utility Support
003231515552216252706_1025176982.dem,P06655,1,Heavy-Weapon Anchor
003231515552216252706_1025176982.dem,P00138,0,Utility Support
003231515552216252706_1025176982.dem,P03434,1,Heavy-Weapon Anchor
003231515552216252706_1025176982.dem,P10736,2,Star Fragger
003231515552216252706_1025176982.dem,P09579,3,Budget Headshotter
003231515552216252706_1025176982.dem,P06433,3,Budget Headshotter
003231515552216252706_1025176982.dem,P00100,1,Heavy-Weapon Anchor
003231515552216252706_1025176982.dem,P05580,1,Heavy-Weapon Anchor
003231530303281430793_2087487786.dem,P07249,1,Heavy-Weapon Anchor
003231530303281430793_2087487786.dem,P07193,0,Utility Support
003231530303281430793_2087487786.dem,P06452,3,Budget Headshotter
003231530303281430793_2087487786.dem,P08094,2,Star Fragger
003231530303281430793_2087487786.dem,P10076,1,Heavy-Weapon Anchor
003231530303281430793_2087487786.dem,P02329,2,Star Fragger
003231530303281430793_2087487786.dem,P09749,0,Utility Support
003231530303281430793_2087487786.dem,P05960,1,Heavy-Weapon Anchor
003231530303281430793_2087487786.dem,P02918,2,Star Fragger
003231530303281430793_2087487786.dem,P09550,3,Budget Headshotter
003231531591771619655_0680992920.dem,P07441,1,Heavy-Weapon Anchor
003231531591771619655_0680992920.dem,P03190,0,Utility Support
003231531591771619655_0680992920.dem,P04381,3,Budget Headshotter
003231531591771619655_0680992920.dem,P02048,0,Utility Support
003231531591771619655_0680992920.dem,P01700,3,Budget Headshotter
003231531591771619655_0680992920.dem,P04287,3,Budget Headshotter
003231531591771619655_0680992920.dem,P06030,2,Star Fragger
003231531591771619655_0680992920.dem,P04358,1,Heavy-Weapon Anchor
003231531591771619655_0680992920.dem,P02900,3,Budget Headshotter
003231531591771619655_0680992920.dem,P01514,2,Star Fragger
003231538098647072816_1497682592.dem,P08478,1,Heavy-Weapon Anchor
003231538098647072816_1497682592.dem,P04014,2,Star Fragger
003231538098647072816_1497682592.dem,P03999,3,Budget Headshotter
003231538098647072816_1497682592.dem,P02377,1,Heavy-Weapon Anchor
003231538098647072816_1497682592.dem,P07872,2,Star Fragger
003231538098647072816_1497682592.dem,P04078,2,Star Fragger
003231538098647072816_1497682592.dem,P08461,0,Utility Support
003231538098647072816_1497682592.dem,P06566,1,Heavy-Weapon Anchor
003231538098647072816_1497682592.dem,P09242,1,Heavy-Weapon Anchor
003231538098647072816_1497682592.dem,P09765,3,Budget Headshotter
003231538130859327759_1651392875.dem,P03190,0,Utility Support
003231538130859327759_1651392875.dem,P10664,0,Utility Support
003231538130859327759_1651392875.dem,P09462,2,Star Fragger
003231538130859327759_1651392875.dem,P04287,3,Budget Headshotter
003231538130859327759_1651392875.dem,P01687,2,Star Fragger
003231538130859327759_1651392875.dem,P06030,3,Budget Headshotter
003231538130859327759_1651392875.dem,P04094,0,Utility Support
003231538130859327759_1651392875.dem,P07563,1,Heavy-Weapon Anchor
003231538130859327759_1651392875.dem,P01514,3,Budget Headshotter
003231538130859327759_1651392875.dem,P10370,1,Heavy-Weapon Anchor
003231538465866776779_0589657126.dem,P07674,0,Utility Support
003231538465866776779_0589657126.dem,P08484,3,Budget Headshotter
003231538465866776779_0589657126.dem,P06185,3,Budget Headshotter
003231538465866776779_0589657126.dem,P10774,0,Utility Support
003231538465866776779_0589657126.dem,P09713,1,Heavy-Weapon Anchor
003231538465866776779_0589657126.dem,P10883,2,Star Fragger
003231538465866776779_0589657126.dem,P03438,0,Utility Support
003231538465866776779_0589657126.dem,P04937,1,Heavy-Weapon Anchor
003231538465866776779_0589657126.dem,P01219,1,Heavy-Weapon Anchor
003231538465866776779_0589657126.dem,P02623,1,Heavy-Weapon Anchor
003231543634859917464_0096627390.dem,P02529,3,Budget Headshotter
003231543634859917464_0096627390.dem,P03190,2,Star Fragger
003231543634859917464_0096627390.dem,P00073,1,Heavy-Weapon Anchor
003231543634859917464_0096627390.dem,P01510,3,Budget Headshotter
003231543634859917464_0096627390.dem,P10646,1,Heavy-Weapon Anchor
003231543634859917464_0096627390.dem,P06030,2,Star Fragger
003231543634859917464_0096627390.dem,P07628,1,Heavy-Weapon Anchor
003231543634859917464_0096627390.dem,P06622,3,Budget Headshotter
003231543634859917464_0096627390.dem,P09686,3,Budget Headshotter
003231543634859917464_0096627390.dem,P08261,1,Heavy-Weapon Anchor
003231544255482691966_1982505177.dem,P08875,3,Budget Headshotter
003231544255482691966_1982505177.dem,P10212,0,Utility Support
003231544255482691966_1982505177.dem,P05334,1,Heavy-Weapon Anchor
003231544255482691966_1982505177.dem,P05499,1,Heavy-Weapon Anchor
003231544255482691966_1982505177.dem,P02541,1,Heavy-Weapon Anchor
003231544255482691966_1982505177.dem,P01224,1,Heavy-Weapon Anchor
003231544255482691966_1982505177.dem,P07816,1,Heavy-Weapon Anchor
003231544255482691966_1982505177.dem,P02017,0,Utility Support
003231544255482691966_1982505177.dem,P04720,0,Utility Support
003231544255482691966_1982505177.dem,P10781,1,Heavy-Weapon Anchor
003231551000728830240_0111516009.dem,P06350,1,Heavy-Weapon Anchor
003231551000728830240_0111516009.dem,P02002,3,Budget Headshotter
003231551000728830240_0111516009.dem,P01754,1,Heavy-Weapon Anchor
003231551000728830240_0111516009.dem,P00994,3,Budget Headshotter
003231551000728830240_0111516009.dem,P10348,3,Budget Headshotter
003231551000728830240_0111516009.dem,P07999,3,Budget Headshotter
003231551000728830240_0111516009.dem,P02109,2,Star Fragger
003231551000728830240_0111516009.dem,P04113,2,Star Fragger
003231551000728830240_0111516009.dem,P02036,1,Heavy-Weapon Anchor
003231551000728830240_0111516009.dem,P05843,2,Star Fragger
003231551438815494193_0778297717.dem,P03190,0,Utility Support
003231551438815494193_0778297717.dem,P04877,0,Utility Support
003231551438815494193_0778297717.dem,P01412,0,Utility Support
003231551438815494193_0778297717.dem,P06030,2,Star Fragger
003231551438815494193_0778297717.dem,P04487,0,Utility Support
003231551438815494193_0778297717.dem,P03844,0,Utility Support
003231551438815494193_0778297717.dem,P06397,1,Heavy-Weapon Anchor
003231551438815494193_0778297717.dem,P09472,0,Utility Support
003231551438815494193_0778297717.dem,P09530,0,Utility Support
003231551438815494193_0778297717.dem,P10377,3,Budget Headshotter
003231551460290330694_1152612410.dem,P07453,3,Budget Headshotter
003231551460290330694_1152612410.dem,P00613,3,Budget Headshotter
003231551460290330694_1152612410.dem,P06083,2,Star Fragger
003231551460290330694_1152612410.dem,P10831,3,Budget Headshotter
003231551460290330694_1152612410.dem,P05554,2,Star Fragger
003231551460290330694_1152612410.dem,P04272,3,Budget Headshotter
003231551460290330694_1152612410.dem,P01758,2,Star Fragger
003231551460290330694_1152612410.dem,P07392,1,Heavy-Weapon Anchor
003231551460290330694_1152612410.dem,P06254,1,Heavy-Weapon Anchor
003231551460290330694_1152612410.dem,P05667,0,Utility Support
003231552929169146170_0346433551.dem,P05015,2,Star Fragger
003231552929169146170_0346433551.dem,P09190,2,Star Fragger
003231552929169146170_0346433551.dem,P05108,1,Heavy-Weapon Anchor
003231552929169146170_0346433551.dem,P02236,1,Heavy-Weapon Anchor
003231552929169146170_0346433551.dem,P01884,3,Budget Headshotter
003231552929169146170_0346433551.dem,P10835,2,Star Fragger
003231552929169146170_0346433551.dem,P04532,3,Budget Headshotter
003231552929169146170_0346433551.dem,P05977,3,Budget Headshotter
003231552929169146170_0346433551.dem,P10045,3,Budget Headshotter
003231552929169146170_0346433551.dem,P04726,3,Budget Headshotter
003231554063040512058_1615283710.dem,P04993,3,Budget Headshotter
003231554063040512058_1615283710.dem,P06718,3,Budget Headshotter
003231554063040512058_1615283710.dem,P08834,3,Budget Headshotter
003231554063040512058_1615283710.dem,P09088,3,Budget Headshotter
003231554063040512058_1615283710.dem,P00109,1,Heavy-Weapon Anchor
003231554063040512058_1615283710.dem,P10208,0,Utility Support
003231554063040512058_1615283710.dem,P10677,0,Utility Support
003231554063040512058_1615283710.dem,P09662,2,Star Fragger
003231554063040512058_1615283710.dem,P04138,0,Utility Support
003231554063040512058_1615283710.dem,P06797,0,Utility Support
003231560726682271772_1559036643.dem,P05015,1,Heavy-Weapon Anchor
003231560726682271772_1559036643.dem,P05108,1,Heavy-Weapon Anchor
003231560726682271772_1559036643.dem,P02236,1,Heavy-Weapon Anchor
003231560726682271772_1559036643.dem,P06880,1,Heavy-Weapon Anchor
003231560726682271772_1559036643.dem,P02076,2,Star Fragger
003231560726682271772_1559036643.dem,P06949,3,Budget Headshotter
003231560726682271772_1559036643.dem,P05201,0,Utility Support
003231560726682271772_1559036643.dem,P06188,0,Utility Support
003231560726682271772_1559036643.dem,P05470,2,Star Fragger
003231560726682271772_1559036643.dem,P08528,0,Utility Support
003231561055247270086_0969652256.dem,P00188,1,Heavy-Weapon Anchor
003231561055247270086_0969652256.dem,P06813,2,Star Fragger
003231561055247270086_0969652256.dem,P10025,3,Budget Headshotter
003231561055247270086_0969652256.dem,P09926,3,Budget Headshotter
003231561055247270086_0969652256.dem,P06697,1,Heavy-Weapon Anchor
003231561055247270086_0969652256.dem,P03761,2,Star Fragger
003231561055247270086_0969652256.dem,P02169,0,Utility Support
003231561055247270086_0969652256.dem,P09206,3,Budget Headshotter
003231561055247270086_0969652256.dem,P08806,1,Heavy-Weapon Anchor
003231561055247270086_0969652256.dem,P07555,0,Utility Support
003231564375256989924_2007399663.dem,P07539,0,Utility Support
003231564375256989924_2007399663.dem,P04993,2,Star Fragger
003231564375256989924_2007399663.dem,P00109,1,Heavy-Weapon Anchor
003231564375256989924_2007399663.dem,P09636,2,Star Fragger
003231564375256989924_2007399663.dem,P08361,1,Heavy-Weapon Anchor
003231564375256989924_2007399663.dem,P08364,1,Heavy-Weapon Anchor
003231564375256989924_2007399663.dem,P00217,1,Heavy-Weapon Anchor
003231564375256989924_2007399663.dem,P00451,3,Budget Headshotter
003231564375256989924_2007399663.dem,P02074,3,Budget Headshotter
003231564375256989924_2007399663.dem,P07198,1,Heavy-Weapon Anchor
003231566642999722258_0453586025.dem,P07878,3,Budget Headshotter
003231566642999722258_0453586025.dem,P06801,3,Budget Headshotter
003231566642999722258_0453586025.dem,P07745,1,Heavy-Weapon Anchor
003231566642999722258_0453586025.dem,P02298,1,Heavy-Weapon Anchor
003231566642999722258_0453586025.dem,P09355,1,Heavy-Weapon Anchor
003231566642999722258_0453586025.dem,P06359,1,Heavy-Weapon Anchor
003231566642999722258_0453586025.dem,P02077,3,Budget Headshotter
003231566642999722258_0453586025.dem,P02975,3,Budget Headshotter
003231566642999722258_0453586025.dem,P05262,2,Star Fragger
003231566642999722258_0453586025.dem,P10515,2,Star Fragger
003231571345988911371_0572646777.dem,P01067,1,Heavy-Weapon Anchor
003231571345988911371_0572646777.dem,P02842,0,Utility Support
003231571345988911371_0572646777.dem,P00238,0,Utility Support
003231571345988911371_0572646777.dem,P09255,3,Budget Headshotter
003231571345988911371_0572646777.dem,P05109,0,Utility Support
003231571345988911371_0572646777.dem,P08231,2,Star Fragger
003231571345988911371_0572646777.dem,P10538,1,Heavy-Weapon Anchor
003231571345988911371_0572646777.dem,P10654,1,Heavy-Weapon Anchor
003231571345988911371_0572646777.dem,P07723,2,Star Fragger
003231571345988911371_0572646777.dem,P00761,1,Heavy-Weapon Anchor
003231571429740773500_2027933101.dem,P08578,3,Budget Headshotter
003231571429740773500_2027933101.dem,P07637,2,Star Fragger
003231571429740773500_2027933101.dem,P08349,2,Star Fragger
003231571429740773500_2027933101.dem,P02753,3,Budget Headshotter
003231571429740773500_2027933101.dem,P08550,3,Budget Headshotter
003231571429740773500_2027933101.dem,P01558,0,Utility Support
003231571429740773500_2027933101.dem,P08458,3,Budget Headshotter
003231571429740773500_2027933101.dem,P04261,2,Star Fragger
003231571429740773500_2027933101.dem,P00548,0,Utility Support
003231571979496587553_1540523011.dem,P04993,0,Utility Support
003231571979496587553_1540523011.dem,P04673,2,Star Fragger
003231571979496587553_1540523011.dem,P04425,0,Utility Support
003231571979496587553_1540523011.dem,P00109,1,Heavy-Weapon Anchor
003231571979496587553_1540523011.dem,P10208,0,Utility Support
003231571979496587553_1540523011.dem,P03752,2,Star Fragger
003231571979496587553_1540523011.dem,P02310,1,Heavy-Weapon Anchor
003231571979496587553_1540523011.dem,P07598,0,Utility Support
003231571979496587553_1540523011.dem,P00451,0,Utility Support
003231571979496587553_1540523011.dem,P01270,0,Utility Support
003231572978076483711_1980968073.dem,P07171,1,Heavy-Weapon Anchor
003231572978076483711_1980968073.dem,P03037,1,Heavy-Weapon Anchor
003231572978076483711_1980968073.dem,P05435,2,Star Fragger
003231572978076483711_1980968073.dem,P00265,0,Utility Support
003231572978076483711_1980968073.dem,P02698,1,Heavy-Weapon Anchor
003231572978076483711_1980968073.dem,P01660,3,Budget Headshotter
003231572978076483711_1980968073.dem,P10818,1,Heavy-Weapon Anchor
003231572978076483711_1980968073.dem,P01479,3,Budget Headshotter
003231572978076483711_1980968073.dem,P09700,0,Utility Support
003231572978076483711_1980968073.dem,P06278,1,Heavy-Weapon Anchor
003231575172804772037_0371699470.dem,P06324,1,Heavy-Weapon Anchor
003231575172804772037_0371699470.dem,P01944,1,Heavy-Weapon Anchor
003231575172804772037_0371699470.dem,P02905,3,Budget Headshotter
003231575172804772037_0371699470.dem,P07959,1,Heavy-Weapon Anchor
003231575172804772037_0371699470.dem,P10728,3,Budget Headshotter
003231575172804772037_0371699470.dem,P02029,0,Utility Support
003231575172804772037_0371699470.dem,P00395,2,Star Fragger
003231575172804772037_0371699470.dem,P07744,2,Star Fragger
003231575172804772037_0371699470.dem,P02259,3,Budget Headshotter
003231575172804772037_0371699470.dem,P04621,1,Heavy-Weapon Anchor
003231582139241726083_1132633925.dem,P06324,1,Heavy-Weapon Anchor
003231582139241726083_1132633925.dem,P04900,0,Utility Support
003231582139241726083_1132633925.dem,P08130,0,Utility Support
003231582139241726083_1132633925.dem,P01944,1,Heavy-Weapon Anchor
003231582139241726083_1132633925.dem,P05279,0,Utility Support
003231582139241726083_1132633925.dem,P06518,1,Heavy-Weapon Anchor
003231582139241726083_1132633925.dem,P07959,1,Heavy-Weapon Anchor
003231582139241726083_1132633925.dem,P02029,2,Star Fragger
003231582139241726083_1132633925.dem,P02259,3,Budget Headshotter
003231582139241726083_1132633925.dem,P10271,3,Budget Headshotter
003231587802156105908_0323776435.dem,P07986,3,Budget Headshotter
003231587802156105908_0323776435.dem,P00751,2,Star Fragger
003231587802156105908_0323776435.dem,P01239,1,Heavy-Weapon Anchor
003231587802156105908_0323776435.dem,P03502,0,Utility Support
003231587802156105908_0323776435.dem,P00775,1,Heavy-Weapon Anchor
003231587802156105908_0323776435.dem,P08011,1,Heavy-Weapon Anchor
003231587802156105908_0323776435.dem,P05275,0,Utility Support
003231587802156105908_0323776435.dem,P09650,0,Utility Support
003231587802156105908_0323776435.dem,P09597,2,Star Fragger
003231587802156105908_0323776435.dem,P01475,0,Utility Support
003231588596725055596_0164947128.dem,P01944,1,Heavy-Weapon Anchor
003231588596725055596_0164947128.dem,P10708,3,Budget Headshotter
003231588596725055596_0164947128.dem,P07847,3,Budget Headshotter
003231588596725055596_0164947128.dem,P02029,2,Star Fragger
003231588596725055596_0164947128.dem,P10554,1,Heavy-Weapon Anchor
003231588596725055596_0164947128.dem,P06052,1,Heavy-Weapon Anchor
003231588596725055596_0164947128.dem,P00053,0,Utility Support
003231588596725055596_0164947128.dem,P02259,3,Budget Headshotter
003231588596725055596_0164947128.dem,P05570,3,Budget Headshotter
003231588596725055596_0164947128.dem,P05265,1,Heavy-Weapon Anchor
003231593701293692834_0865021030.dem,P06092,0,Utility Support
003231593701293692834_0865021030.dem,P09492,1,Heavy-Weapon Anchor
003231593701293692834_0865021030.dem,P07360,1,Heavy-Weapon Anchor
003231593701293692834_0865021030.dem,P08841,0,Utility Support
003231593701293692834_0865021030.dem,P06786,1,Heavy-Weapon Anchor
003231593701293692834_0865021030.dem,P03133,1,Heavy-Weapon Anchor
003231593701293692834_0865021030.dem,P10328,3,Budget Headshotter
003231593701293692834_0865021030.dem,P04118,3,Budget Headshotter
003231593701293692834_0865021030.dem,P04001,3,Budget Headshotter
003231593701293692834_0865021030.dem,P01747,3,Budget Headshotter
003231596293306449972_2070166445.dem,P01944,3,Budget Headshotter
003231596293306449972_2070166445.dem,P06998,3,Budget Headshotter
003231596293306449972_2070166445.dem,P06471,1,Heavy-Weapon Anchor
003231596293306449972_2070166445.dem,P02029,2,Star Fragger
003231596293306449972_2070166445.dem,P10636,3,Budget Headshotter
003231596293306449972_2070166445.dem,P08724,3,Budget Headshotter
003231596293306449972_2070166445.dem,P02702,2,Star Fragger
003231596293306449972_2070166445.dem,P06745,0,Utility Support
003231596293306449972_2070166445.dem,P08750,3,Budget Headshotter
003231596293306449972_2070166445.dem,P02259,1,Heavy-Weapon Anchor
003231601009180540988_1834166352.dem,P03064,1,Heavy-Weapon Anchor
003231601009180540988_1834166352.dem,P00469,0,Utility Support
003231601009180540988_1834166352.dem,P04019,1,Heavy-Weapon Anchor
003231601009180540988_1834166352.dem,P07515,0,Utility Support
003231601009180540988_1834166352.dem,P02238,3,Budget Headshotter
003231601009180540988_1834166352.dem,P01109,2,Star Fragger
003231601009180540988_1834166352.dem,P00300,0,Utility Support
003231601009180540988_1834166352.dem,P03044,3,Budget Headshotter
003231601009180540988_1834166352.dem,P03325,3,Budget Headshotter
003231601009180540988_1834166352.dem,P03770,3,Budget Headshotter
003231601028507893844_1769437639.dem,P00751,2,Star Fragger
003231601028507893844_1769437639.dem,P06419,3,Budget Headshotter
003231601028507893844_1769437639.dem,P04428,1,Heavy-Weapon Anchor
003231601028507893844_1769437639.dem,P08267,3,Budget Headshotter
003231601028507893844_1769437639.dem,P04614,1,Heavy-Weapon Anchor
003231601028507893844_1769437639.dem,P01080,0,Utility Support
003231601028507893844_1769437639.dem,P08280,0,Utility Support
003231601028507893844_1769437639.dem,P03666,3,Budget Headshotter
003231601028507893844_1769437639.dem,P04479,1,Heavy-Weapon Anchor
003231601028507893844_1769437639.dem,P02978,1,Heavy-Weapon Anchor
003231601700670275677_0287517101.dem,P04993,2,Star Fragger
003231601700670275677_0287517101.dem,P07280,3,Budget Headshotter
003231601700670275677_0287517101.dem,P07840,0,Utility Support
003231601700670275677_0287517101.dem,P00362,1,Heavy-Weapon Anchor
003231601700670275677_0287517101.dem,P00997,3,Budget Headshotter
003231601700670275677_0287517101.dem,P03164,0,Utility Support
003231601700670275677_0287517101.dem,P01004,1,Heavy-Weapon Anchor
003231601700670275677_0287517101.dem,P09988,2,Star Fragger
003231601700670275677_0287517101.dem,P02729,0,Utility Support
003231601700670275677_0287517101.dem,P09090,3,Budget Headshotter
003231602939768340501_1508519897.dem,P00251,0,Utility Support
003231602939768340501_1508519897.dem,P01944,1,Heavy-Weapon Anchor
003231602939768340501_1508519897.dem,P10569,1,Heavy-Weapon Anchor
003231602939768340501_1508519897.dem,P06977,1,Heavy-Weapon Anchor
003231602939768340501_1508519897.dem,P10787,0,Utility Support
003231602939768340501_1508519897.dem,P06055,1,Heavy-Weapon Anchor
003231602939768340501_1508519897.dem,P02029,2,Star Fragger
003231602939768340501_1508519897.dem,P02528,0,Utility Support
003231602939768340501_1508519897.dem,P00978,2,Star Fragger
003231602939768340501_1508519897.dem,P07769,0,Utility Support
003231604367844966538_0001808634.dem,P06420,0,Utility Support
003231604367844966538_0001808634.dem,P06796,3,Budget Headshotter
003231604367844966538_0001808634.dem,P04593,0,Utility Support
003231604367844966538_0001808634.dem,P01199,3,Budget Headshotter
003231604367844966538_0001808634.dem,P06537,2,Star Fragger
003231604367844966538_0001808634.dem,P07780,2,Star Fragger
003231604367844966538_0001808634.dem,P03012,3,Budget Headshotter
003231604367844966538_0001808634.dem,P00773,0,Utility Support
003231604367844966538_0001808634.dem,P02546,3,Budget Headshotter
003231604367844966538_0001808634.dem,P00787,3,Budget Headshotter
003231607217555767407_0896880198.dem,P04993,2,Star Fragger
003231607217555767407_0896880198.dem,P04331,1,Heavy-Weapon Anchor
003231607217555767407_0896880198.dem,P01295,3,Budget Headshotter
003231607217555767407_0896880198.dem,P07840,0,Utility Support
003231607217555767407_0896880198.dem,P03164,3,Budget Headshotter
003231607217555767407_0896880198.dem,P05907,1,Heavy-Weapon Anchor
003231607217555767407_0896880198.dem,P09988,2,Star Fragger
003231607217555767407_0896880198.dem,P02245,0,Utility Support
003231607217555767407_0896880198.dem,P02729,3,Budget Headshotter
003231607217555767407_0896880198.dem,P00881,1,Heavy-Weapon Anchor
003231608269822754904_1695151017.dem,P01944,1,Heavy-Weapon Anchor
003231608269822754904_1695151017.dem,P09476,1,Heavy-Weapon Anchor
003231608269822754904_1695151017.dem,P06055,1,Heavy-Weapon Anchor
003231608269822754904_1695151017.dem,P02029,2,Star Fragger
003231608269822754904_1695151017.dem,P03224,0,Utility Support
003231608269822754904_1695151017.dem,P05545,3,Budget Headshotter
003231608269822754904_1695151017.dem,P05352,1,Heavy-Weapon Anchor
003231608269822754904_1695151017.dem,P08275,3,Budget Headshotter
003231608269822754904_1695151017.dem,P04666,3,Budget Headshotter
003231608269822754904_1695151017.dem,P02528,1,Heavy-Weapon Anchor
003231614420215922748_1435321053.dem,P04993,3,Budget Headshotter
003231614420215922748_1435321053.dem,P04673,2,Star Fragger
003231614420215922748_1435321053.dem,P10075,0,Utility Support
003231614420215922748_1435321053.dem,P10208,0,Utility Support
003231614420215922748_1435321053.dem,P07460,0,Utility Support
003231614420215922748_1435321053.dem,P05249,1,Heavy-Weapon Anchor
003231614420215922748_1435321053.dem,P02137,0,Utility Support
003231614420215922748_1435321053.dem,P02316,2,Star Fragger
003231614420215922748_1435321053.dem,P04708,2,Star Fragger
003231617607081656382_0367110480.dem,P06598,1,Heavy-Weapon Anchor
003231617607081656382_0367110480.dem,P07889,3,Budget Headshotter
003231617607081656382_0367110480.dem,P10057,1,Heavy-Weapon Anchor
003231617607081656382_0367110480.dem,P01324,0,Utility Support
003231617607081656382_0367110480.dem,P01810,3,Budget Headshotter
003231617607081656382_0367110480.dem,P01116,1,Heavy-Weapon Anchor
003231617607081656382_0367110480.dem,P07442,2,Star Fragger
003231617607081656382_0367110480.dem,P08684,3,Budget Headshotter
003231617607081656382_0367110480.dem,P05414,0,Utility Support
003231617607081656382_0367110480.dem,P06186,3,Budget Headshotter
003231626416059580432_1192632196.dem,P00469,0,Utility Support
003231626416059580432_1192632196.dem,P10143,1,Heavy-Weapon Anchor
003231626416059580432_1192632196.dem,P03876,2,Star Fragger
003231626416059580432_1192632196.dem,P05118,2,Star Fragger
003231626416059580432_1192632196.dem,P04863,0,Utility Support
003231626416059580432_1192632196.dem,P10590,1,Heavy-Weapon Anchor
003231626416059580432_1192632196.dem,P01078,2,Star Fragger
003231626416059580432_1192632196.dem,P01874,1,Heavy-Weapon Anchor
003231626416059580432_1192632196.dem,P03617,3,Budget Headshotter
003231626416059580432_1192632196.dem,P01285,3,Budget Headshotter
003231629336637341739_0467957168.dem,P09811,3,Budget Headshotter
003231629336637341739_0467957168.dem,P04022,1,Heavy-Weapon Anchor
003231629336637341739_0467957168.dem,P10063,3,Budget Headshotter
003231629336637341739_0467957168.dem,P04517,1,Heavy-Weapon Anchor
003231629336637341739_0467957168.dem,P06692,3,Budget Headshotter
003231629336637341739_0467957168.dem,P01933,2,Star Fragger
003231629336637341739_0467957168.dem,P04522,0,Utility Support
003231629336637341739_0467957168.dem,P03824,1,Heavy-Weapon Anchor
003231629336637341739_0467957168.dem,P09934,2,Star Fragger
003231629336637341739_0467957168.dem,P06975,1,Heavy-Weapon Anchor
003231629575008026648_0387190931.dem,P02517,3,Budget Headshotter
003231629575008026648_0387190931.dem,P02701,3,Budget Headshotter
003231629575008026648_0387190931.dem,P00746,3,Budget Headshotter
003231629575008026648_0387190931.dem,P01310,0,Utility Support
003231629575008026648_0387190931.dem,P09759,3,Budget Headshotter
003231629575008026648_0387190931.dem,P00079,2,Star Fragger
003231629575008026648_0387190931.dem,P07490,0,Utility Support
003231629575008026648_0387190931.dem,P06206,2,Star Fragger
003231629575008026648_0387190931.dem,P05650,1,Heavy-Weapon Anchor
003231629575008026648_0387190931.dem,P06255,3,Budget Headshotter
003231639092655554622_0872505076.dem,P03875,0,Utility Support
003231639092655554622_0872505076.dem,P06592,1,Heavy-Weapon Anchor
003231639092655554622_0872505076.dem,P07363,1,Heavy-Weapon Anchor
003231639092655554622_0872505076.dem,P07353,1,Heavy-Weapon Anchor
003231639092655554622_0872505076.dem,P09907,3,Budget Headshotter
003231639092655554622_0872505076.dem,P09600,0,Utility Support
003231639092655554622_0872505076.dem,P01343,1,Heavy-Weapon Anchor
003231639092655554622_0872505076.dem,P00815,2,Star Fragger
003231639092655554622_0872505076.dem,P08768,2,Star Fragger
003231639092655554622_0872505076.dem,P02557,0,Utility Support
003231649840811212879_0973873708.dem,P08897,1,Heavy-Weapon Anchor
003231649840811212879_0973873708.dem,P05710,2,Star Fragger
003231649840811212879_0973873708.dem,P07419,2,Star Fragger
003231649840811212879_0973873708.dem,P04395,2,Star Fragger
003231649840811212879_0973873708.dem,P06122,3,Budget Headshotter
003231649840811212879_0973873708.dem,P06181,2,Star Fragger
003231649840811212879_0973873708.dem,P05541,3,Budget Headshotter
003231649840811212879_0973873708.dem,P03507,3,Budget Headshotter
003231649840811212879_0973873708.dem,P00463,3,Budget Headshotter
003231661087183077452_1307658311.dem,P10842,0,Utility Support
003231661087183077452_1307658311.dem,P06730,1,Heavy-Weapon Anchor
003231661087183077452_1307658311.dem,P10065,0,Utility Support
003231661087183077452_1307658311.dem,P10459,2,Star Fragger
003231661087183077452_1307658311.dem,P10001,0,Utility Support
003231661087183077452_1307658311.dem,P04219,3,Budget Headshotter
003231661087183077452_1307658311.dem,P07761,0,Utility Support
003231661087183077452_1307658311.dem,P10015,1,Heavy-Weapon Anchor
003231661087183077452_1307658311.dem,P08514,2,Star Fragger
003231661087183077452_1307658311.dem,P03542,1,Heavy-Weapon Anchor
003231666724327653421_1577645881.dem,P05553,2,Star Fragger
003231666724327653421_1577645881.dem,P04278,1,Heavy-Weapon Anchor
003231666724327653421_1577645881.dem,P02342,1,Heavy-Weapon Anchor
003231666724327653421_1577645881.dem,P01353,2,Star Fragger
003231666724327653421_1577645881.dem,P02421,1,Heavy-Weapon Anchor
003231666724327653421_1577645881.dem,P04556,0,Utility Support
003231666724327653421_1577645881.dem,P00849,0,Utility Support
003231666724327653421_1577645881.dem,P04554,3,Budget Headshotter
003231666724327653421_1577645881.dem,P09445,1,Heavy-Weapon Anchor
003231666724327653421_1577645881.dem,P08362,0,Utility Support
003231673027192160415_0398915567.dem,P05553,2,Star Fragger
003231673027192160415_0398915567.dem,P09444,3,Budget Headshotter
003231673027192160415_0398915567.dem,P04278,1,Heavy-Weapon Anchor
003231673027192160415_0398915567.dem,P03751,3,Budget Headshotter
003231673027192160415_0398915567.dem,P04716,0,Utility Support
003231673027192160415_0398915567.dem,P03218,0,Utility Support
003231673027192160415_0398915567.dem,P06271,1,Heavy-Weapon Anchor
003231673027192160415_0398915567.dem,P03895,2,Star Fragger
003231673027192160415_0398915567.dem,P01554,1,Heavy-Weapon Anchor
003231673027192160415_0398915567.dem,P08499,1,Heavy-Weapon Anchor
003231673671437254667_1446262310.dem,P10842,2,Star Fragger
003231673671437254667_1446262310.dem,P00074,3,Budget Headshotter
003231673671437254667_1446262310.dem,P01163,1,Heavy-Weapon Anchor
003231673671437254667_1446262310.dem,P05239,0,Utility Support
003231673671437254667_1446262310.dem,P06248,3,Budget Headshotter
003231673671437254667_1446262310.dem,P00117,0,Utility Support
003231673671437254667_1446262310.dem,P04427,0,Utility Support
003231673671437254667_1446262310.dem,P00981,1,Heavy-Weapon Anchor
003231673671437254667_1446262310.dem,P03271,3,Budget Headshotter
003231673671437254667_1446262310.dem,P03694,3,Budget Headshotter
003231679377301307501_1250441558.dem,P06813,2,Star Fragger
003231679377301307501_1250441558.dem,P10025,1,Heavy-Weapon Anchor
003231679377301307501_1250441558.dem,P04204,3,Budget Headshotter
003231679377301307501_1250441558.dem,P05193,3,Budget Headshotter
003231679377301307501_1250441558.dem,P05781,1,Heavy-Weapon Anchor
003231679377301307501_1250441558.dem,P08047,1,Heavy-Weapon Anchor
003231679377301307501_1250441558.dem,P05748,3,Budget Headshotter
003231679377301307501_1250441558.dem,P03336,1,Heavy-Weapon Anchor
003231679377301307501_1250441558.dem,P09206,3,Budget Headshotter
003231679377301307501_1250441558.dem,P08811,2,Star Fragger
003231683944999026832_1735571787.dem,P06813,2,Star Fragger
003231683944999026832_1735571787.dem,P10025,3,Budget Headshotter
003231683944999026832_1735571787.dem,P01504,1,Heavy-Weapon Anchor
003231683944999026832_1735571787.dem,P05193,3,Budget Headshotter
003231683944999026832_1735571787.dem,P07233,1,Heavy-Weapon Anchor
003231683944999026832_1735571787.dem,P09206,2,Star Fragger
003231683944999026832_1735571787.dem,P01060,1,Heavy-Weapon Anchor
003231683944999026832_1735571787.dem,P10436,3,Budget Headshotter
003231683944999026832_1735571787.dem,P05164,1,Heavy-Weapon Anchor
003231683944999026832_1735571787.dem,P05395,3,Budget Headshotter
003231694317345046784_0286050456.dem,P03112,0,Utility Support
003231694317345046784_0286050456.dem,P09832,0,Utility Support
003231694317345046784_0286050456.dem,P05240,0,Utility Support
003231694317345046784_0286050456.dem,P01693,2,Star Fragger
003231694317345046784_0286050456.dem,P07576,2,Star Fragger
003231694317345046784_0286050456.dem,P06115,0,Utility Support
003231694317345046784_0286050456.dem,P03866,3,Budget Headshotter
003231694317345046784_0286050456.dem,P07291,1,Heavy-Weapon Anchor
003231694317345046784_0286050456.dem,P00443,1,Heavy-Weapon Anchor
003231694317345046784_0286050456.dem,P06946,0,Utility Support
003231695977349906682_1600536152.dem,P04051,3,Budget Headshotter
003231695977349906682_1600536152.dem,P03041,2,Star Fragger
003231695977349906682_1600536152.dem,P05250,3,Budget Headshotter
003231695977349906682_1600536152.dem,P07665,1,Heavy-Weapon Anchor
003231695977349906682_1600536152.dem,P10606,3,Budget Headshotter
003231695977349906682_1600536152.dem,P09018,1,Heavy-Weapon Anchor
003231695977349906682_1600536152.dem,P07118,3,Budget Headshotter
003231695977349906682_1600536152.dem,P09893,0,Utility Support
003231695977349906682_1600536152.dem,P08400,3,Budget Headshotter
003231695977349906682_1600536152.dem,P08510,1,Heavy-Weapon Anchor
003231719792943562949_0322650315.dem,P00530,0,Utility Support
003231719792943562949_0322650315.dem,P08023,2,Star Fragger
003231719792943562949_0322650315.dem,P03157,1,Heavy-Weapon Anchor
003231719792943562949_0322650315.dem,P01794,1,Heavy-Weapon Anchor
003231719792943562949_0322650315.dem,P06315,3,Budget Headshotter
003231719792943562949_0322650315.dem,P10281,1,Heavy-Weapon Anchor
003231719792943562949_0322650315.dem,P07010,1,Heavy-Weapon Anchor
003231719792943562949_0322650315.dem,P05425,0,Utility Support
003231719792943562949_0322650315.dem,P05906,1,Heavy-Weapon Anchor
003231719792943562949_0322650315.dem,P05216,1,Heavy-Weapon Anchor
003231721336984305811_0974617399.dem,P02647,3,Budget Headshotter
003231721336984305811_0974617399.dem,P10627,1,Heavy-Weapon Anchor
003231721336984305811_0974617399.dem,P00308,2,Star Fragger
003231721336984305811_0974617399.dem,P09625,1,Heavy-Weapon Anchor
003231721336984305811_0974617399.dem,P02056,2,Star Fragger
003231721336984305811_0974617399.dem,P07188,0,Utility Support
003231721336984305811_0974617399.dem,P06264,1,Heavy-Weapon Anchor
003231721336984305811_0974617399.dem,P09638,1,Heavy-Weapon Anchor
003231721336984305811_0974617399.dem,P03850,0,Utility Support
003231721336984305811_0974617399.dem,P10320,1,Heavy-Weapon Anchor
003231727442280317211_1900957652.dem,P04318,0,Utility Support
003231727442280317211_1900957652.dem,P09993,3,Budget Headshotter
003231727442280317211_1900957652.dem,P05739,2,Star Fragger
003231727442280317211_1900957652.dem,P02489,2,Star Fragger
003231727442280317211_1900957652.dem,P06169,1,Heavy-Weapon Anchor
003231727442280317211_1900957652.dem,P05776,3,Budget Headshotter
003231727442280317211_1900957652.dem,P00092,3,Budget Headshotter
003231727442280317211_1900957652.dem,P07639,1,Heavy-Weapon Anchor
003231727442280317211_1900957652.dem,P10789,3,Budget Headshotter
003231729110875111450_1467520571.dem,P05509,3,Budget Headshotter
003231729110875111450_1467520571.dem,P04546,3,Budget Headshotter
003231729110875111450_1467520571.dem,P10120,1,Heavy-Weapon Anchor
003231729110875111450_1467520571.dem,P07142,0,Utility Support
003231729110875111450_1467520571.dem,P01231,1,Heavy-Weapon Anchor
003231729110875111450_1467520571.dem,P00472,2,Star Fragger
003231729110875111450_1467520571.dem,P03042,1,Heavy-Weapon Anchor
003231729110875111450_1467520571.dem,P06577,3,Budget Headshotter
003231729110875111450_1467520571.dem,P03649,3,Budget Headshotter
003231729110875111450_1467520571.dem,P10648,3,Budget Headshotter
003231729710023049450_1961308984.dem,P03190,0,Utility Support
003231729710023049450_1961308984.dem,P10461,2,Star Fragger
003231729710023049450_1961308984.dem,P06030,3,Budget Headshotter
003231729710023049450_1961308984.dem,P03919,1,Heavy-Weapon Anchor
003231729710023049450_1961308984.dem,P06370,2,Star Fragger
003231729710023049450_1961308984.dem,P10264,0,Utility Support
003231729710023049450_1961308984.dem,P06983,1,Heavy-Weapon Anchor
003231729710023049450_1961308984.dem,P01936,0,Utility Support
003231729710023049450_1961308984.dem,P00928,3,Budget Headshotter
003231729710023049450_1961308984.dem,P06836,1,Heavy-Weapon Anchor
003231732699320287597_0621301816.dem,P03906,2,Star Fragger
003231732699320287597_0621301816.dem,P03463,1,Heavy-Weapon Anchor
003231732699320287597_0621301816.dem,P06941,0,Utility Support
003231732699320287597_0621301816.dem,P06752,3,Budget Headshotter
003231732699320287597_0621301816.dem,P04763,1,Heavy-Weapon Anchor
003231732699320287597_0621301816.dem,P07291,1,Heavy-Weapon Anchor
003231732699320287597_0621301816.dem,P02804,1,Heavy-Weapon Anchor
003231732699320287597_0621301816.dem,P10571,3,Budget Headshotter
003231732699320287597_0621301816.dem,P00097,1,Heavy-Weapon Anchor
003231732699320287597_0621301816.dem,P02366,2,Star Fragger
003231732847496659083_0383485339.dem,P06656,2,Star Fragger
003231732847496659083_0383485339.dem,P03236,1,Heavy-Weapon Anchor
003231732847496659083_0383485339.dem,P02378,3,Budget Headshotter
003231732847496659083_0383485339.dem,P05769,1,Heavy-Weapon Anchor
003231732847496659083_0383485339.dem,P02791,3,Budget Headshotter
003231732847496659083_0383485339.dem,P01711,2,Star Fragger
003231732847496659083_0383485339.dem,P10750,3,Budget Headshotter
003231732847496659083_0383485339.dem,P10596,3,Budget Headshotter
003231732847496659083_0383485339.dem,P06787,2,Star Fragger
003231732847496659083_0383485339.dem,P00439,2,Star Fragger
003231734445224493399_2062467430.dem,P03335,3,Budget Headshotter
003231734445224493399_2062467430.dem,P06268,3,Budget Headshotter
003231734445224493399_2062467430.dem,P09419,2,Star Fragger
003231734445224493399_2062467430.dem,P00719,3,Budget Headshotter
003231734445224493399_2062467430.dem,P01704,3,Budget Headshotter
003231734445224493399_2062467430.dem,P00892,3,Budget Headshotter
003231734445224493399_2062467430.dem,P03416,1,Heavy-Weapon Anchor
003231734445224493399_2062467430.dem,P07641,1,Heavy-Weapon Anchor
003231734445224493399_2062467430.dem,P10160,1,Heavy-Weapon Anchor
003231734445224493399_2062467430.dem,P08090,2,Star Fragger
003231737711547122017_1131389923.dem,P07306,0,Utility Support
003231737711547122017_1131389923.dem,P09318,1,Heavy-Weapon Anchor
003231737711547122017_1131389923.dem,P09047,1,Heavy-Weapon Anchor
003231737711547122017_1131389923.dem,P02682,1,Heavy-Weapon Anchor
003231737711547122017_1131389923.dem,P05044,0,Utility Support
003231737711547122017_1131389923.dem,P06119,3,Budget Headshotter
003231737711547122017_1131389923.dem,P08472,1,Heavy-Weapon Anchor
003231737711547122017_1131389923.dem,P05852,0,Utility Support
003231737711547122017_1131389923.dem,P09869,0,Utility Support
003231737711547122017_1131389923.dem,P04848,2,Star Fragger
003231740894117888240_0834991546.dem,P03335,1,Heavy-Weapon Anchor
003231740894117888240_0834991546.dem,P08805,1,Heavy-Weapon Anchor
003231740894117888240_0834991546.dem,P08855,1,Heavy-Weapon Anchor
003231740894117888240_0834991546.dem,P01473,0,Utility Support
003231740894117888240_0834991546.dem,P05122,3,Budget Headshotter
003231740894117888240_0834991546.dem,P07641,1,Heavy-Weapon Anchor
003231740894117888240_0834991546.dem,P04337,1,Heavy-Weapon Anchor
003231740894117888240_0834991546.dem,P03050,1,Heavy-Weapon Anchor
003231740894117888240_0834991546.dem,P08090,1,Heavy-Weapon Anchor
003231740894117888240_0834991546.dem,P03115,2,Star Fragger
003231747879882195370_1156633333.dem,P00599,3,Budget Headshotter
003231747879882195370_1156633333.dem,P09891,0,Utility Support
003231747879882195370_1156633333.dem,P00919,2,Star Fragger
003231747879882195370_1156633333.dem,P02428,0,Utility Support
003231747879882195370_1156633333.dem,P01806,3,Budget Headshotter
003231747879882195370_1156633333.dem,P07497,1,Heavy-Weapon Anchor
003231747879882195370_1156633333.dem,P10341,1,Heavy-Weapon Anchor
003231747879882195370_1156633333.dem,P01697,1,Heavy-Weapon Anchor
003231747879882195370_1156633333.dem,P07776,3,Budget Headshotter
003231747879882195370_1156633333.dem,P06273,1,Heavy-Weapon Anchor
003231748734580687354_1787697185.dem,P01977,3,Budget Headshotter
003231748734580687354_1787697185.dem,P05892,3,Budget Headshotter
003231748734580687354_1787697185.dem,P02899,2,Star Fragger
003231748734580687354_1787697185.dem,P08927,1,Heavy-Weapon Anchor
003231748734580687354_1787697185.dem,P01945,2,Star Fragger
003231748734580687354_1787697185.dem,P09971,3,Budget Headshotter
003231748734580687354_1787697185.dem,P06618,1,Heavy-Weapon Anchor
003231748734580687354_1787697185.dem,P00059,1,Heavy-Weapon Anchor
003231748734580687354_1787697185.dem,P02858,1,Heavy-Weapon Anchor
003231748734580687354_1787697185.dem,P07542,3,Budget Headshotter
003231751947216224335_1649229571.dem,P08039,1,Heavy-Weapon Anchor
003231751947216224335_1649229571.dem,P09509,2,Star Fragger
003231751947216224335_1649229571.dem,P00747,3,Budget Headshotter
003231751947216224335_1649229571.dem,P09833,3,Budget Headshotter
003231751947216224335_1649229571.dem,P08545,1,Heavy-Weapon Anchor
003231751947216224335_1649229571.dem,P10821,2,Star Fragger
003231751947216224335_1649229571.dem,P09829,3,Budget Headshotter
003231751947216224335_1649229571.dem,P05172,2,Star Fragger
003231751947216224335_1649229571.dem,P05077,3,Budget Headshotter
003231751947216224335_1649229571.dem,P05104,1,Heavy-Weapon Anchor
003231758651660173651_1086313777.dem,P10665,2,Star Fragger
003231758651660173651_1086313777.dem,P08426,1,Heavy-Weapon Anchor
003231758651660173651_1086313777.dem,P04971,2,Star Fragger
003231758651660173651_1086313777.dem,P09629,0,Utility Support
003231758651660173651_1086313777.dem,P03577,3,Budget Headshotter
003231758651660173651_1086313777.dem,P08058,1,Heavy-Weapon Anchor
003231758651660173651_1086313777.dem,P09903,3,Budget Headshotter
003231758651660173651_1086313777.dem,P10344,1,Heavy-Weapon Anchor
003231758651660173651_1086313777.dem,P00427,2,Star Fragger
003231758651660173651_1086313777.dem,P04836,0,Utility Support
003231760086179250377_0499062518.dem,P03335,2,Star Fragger
003231760086179250377_0499062518.dem,P00813,3,Budget Headshotter
003231760086179250377_0499062518.dem,P07293,2,Star Fragger
003231760086179250377_0499062518.dem,P01599,1,Heavy-Weapon Anchor
003231760086179250377_0499062518.dem,P04830,2,Star Fragger
003231760086179250377_0499062518.dem,P09929,1,Heavy-Weapon Anchor
003231760086179250377_0499062518.dem,P09961,3,Budget Headshotter
003231760086179250377_0499062518.dem,P01966,3,Budget Headshotter
003231760086179250377_0499062518.dem,P08801,3,Budget Headshotter
003231760086179250377_0499062518.dem,P08090,1,Heavy-Weapon Anchor
003231760322402451755_0424636044.dem,P07150,1,Heavy-Weapon Anchor
003231760322402451755_0424636044.dem,P02549,2,Star Fragger
003231760322402451755_0424636044.dem,P07136,3,Budget Headshotter
003231760322402451755_0424636044.dem,P06781,2,Star Fragger
003231760322402451755_0424636044.dem,P07656,3,Budget Headshotter
003231760322402451755_0424636044.dem,P09484,3,Budget Headshotter
003231760322402451755_0424636044.dem,P10304,0,Utility Support
003231760322402451755_0424636044.dem,P06842,3,Budget Headshotter
003231760322402451755_0424636044.dem,P03662,1,Heavy-Weapon Anchor
003231760322402451755_0424636044.dem,P01333,3,Budget Headshotter
003231760760489115998_0387071883.dem,P03186,2,Star Fragger
003231760760489115998_0387071883.dem,P02251,0,Utility Support
003231760760489115998_0387071883.dem,P01548,0,Utility Support
003231760760489115998_0387071883.dem,P01008,1,Heavy-Weapon Anchor
003231760760489115998_0387071883.dem,P04947,0,Utility Support
003231760760489115998_0387071883.dem,P06986,3,Budget Headshotter
003231760760489115998_0387071883.dem,P09860,1,Heavy-Weapon Anchor
003231760760489115998_0387071883.dem,P02116,0,Utility Support
003231760760489115998_0387071883.dem,P07826,3,Budget Headshotter
003231760760489115998_0387071883.dem,P09448,0,Utility Support
003231762910120247507_0107752183.dem,P06324,1,Heavy-Weapon Anchor
003231762910120247507_0107752183.dem,P01944,1,Heavy-Weapon Anchor
003231762910120247507_0107752183.dem,P04424,1,Heavy-Weapon Anchor
003231762910120247507_0107752183.dem,P07820,1,Heavy-Weapon Anchor
003231762910120247507_0107752183.dem,P07959,2,Star Fragger
003231762910120247507_0107752183.dem,P02029,2,Star Fragger
003231762910120247507_0107752183.dem,P08638,3,Budget Headshotter
003231762910120247507_0107752183.dem,P00205,3,Budget Headshotter
003231762910120247507_0107752183.dem,P07029,0,Utility Support
003231762910120247507_0107752183.dem,P03344,3,Budget Headshotter
003231764462750924944_0789916202.dem,P07878,2,Star Fragger
003231764462750924944_0789916202.dem,P03871,1,Heavy-Weapon Anchor
003231764462750924944_0789916202.dem,P07745,3,Budget Headshotter
003231764462750924944_0789916202.dem,P04063,1,Heavy-Weapon Anchor
003231764462750924944_0789916202.dem,P04442,3,Budget Headshotter
003231764462750924944_0789916202.dem,P00986,3,Budget Headshotter
003231764462750924944_0789916202.dem,P00367,2,Star Fragger
003231764462750924944_0789916202.dem,P01032,1,Heavy-Weapon Anchor
003231764462750924944_0789916202.dem,P01339,1,Heavy-Weapon Anchor
003231764462750924944_0789916202.dem,P10549,0,Utility Support
003231767819267866805_1962092098.dem,P03853,3,Budget Headshotter
003231767819267866805_1962092098.dem,P03335,2,Star Fragger
003231767819267866805_1962092098.dem,P07293,3,Budget Headshotter
003231767819267866805_1962092098.dem,P05446,2,Star Fragger
003231767819267866805_1962092098.dem,P04146,1,Heavy-Weapon Anchor
003231767819267866805_1962092098.dem,P06385,1,Heavy-Weapon Anchor
003231767819267866805_1962092098.dem,P01768,0,Utility Support
003231767819267866805_1962092098.dem,P09028,3,Budget Headshotter
003231767819267866805_1962092098.dem,P03880,1,Heavy-Weapon Anchor
003231767819267866805_1962092098.dem,P02106,2,Star Fragger
003231769908769456349_2011502089.dem,P06324,1,Heavy-Weapon Anchor
003231769908769456349_2011502089.dem,P01944,3,Budget Headshotter
003231769908769456349_2011502089.dem,P02667,1,Heavy-Weapon Anchor
003231769908769456349_2011502089.dem,P01621,3,Budget Headshotter
003231769908769456349_2011502089.dem,P07959,2,Star Fragger
003231769908769456349_2011502089.dem,P02029,2,Star Fragger
003231769908769456349_2011502089.dem,P09372,3,Budget Headshotter
003231769908769456349_2011502089.dem,P03981,0,Utility Support
003231769908769456349_2011502089.dem,P02259,3,Budget Headshotter
003231769908769456349_2011502089.dem,P06472,3,Budget Headshotter
003231774472172208191_0090581392.dem,P05222,1,Heavy-Weapon Anchor
003231774472172208191_0090581392.dem,P00469,0,Utility Support
003231774472172208191_0090581392.dem,P09621,3,Budget Headshotter
003231774472172208191_0090581392.dem,P09442,3,Budget Headshotter
003231774472172208191_0090581392.dem,P07850,2,Star Fragger
003231774472172208191_0090581392.dem,P09943,2,Star Fragger
003231774472172208191_0090581392.dem,P05272,1,Heavy-Weapon Anchor
003231774472172208191_0090581392.dem,P03165,2,Star Fragger
003231774472172208191_0090581392.dem,P04206,3,Budget Headshotter
003231774472172208191_0090581392.dem,P09687,3,Budget Headshotter
003231774805032173777_2061714605.dem,P02143,1,Heavy-Weapon Anchor
003231774805032173777_2061714605.dem,P06449,0,Utility Support
003231774805032173777_2061714605.dem,P05151,3,Budget Headshotter
003231774805032173777_2061714605.dem,P08628,0,Utility Support
003231774805032173777_2061714605.dem,P02115,3,Budget Headshotter
003231774805032173777_2061714605.dem,P07579,2,Star Fragger
003231774805032173777_2061714605.dem,P00102,3,Budget Headshotter
003231774805032173777_2061714605.dem,P03619,3,Budget Headshotter
003231774805032173777_2061714605.dem,P01038,1,Heavy-Weapon Anchor
003231774805032173777_2061714605.dem,P10872,2,Star Fragger
003231775133597171931_1820959918.dem,P01394,0,Utility Support
003231775133597171931_1820959918.dem,P01322,0,Utility Support
003231775133597171931_1820959918.dem,P04988,1,Heavy-Weapon Anchor
003231775133597171931_1820959918.dem,P06646,3,Budget Headshotter
003231775133597171931_1820959918.dem,P04524,2,Star Fragger
003231775133597171931_1820959918.dem,P10453,1,Heavy-Weapon Anchor
003231775133597171931_1820959918.dem,P10090,3,Budget Headshotter
003231775133597171931_1820959918.dem,P07082,0,Utility Support
003231775133597171931_1820959918.dem,P06751,3,Budget Headshotter
003231775133597171931_1820959918.dem,P03019,3,Budget Headshotter
003231776785012097238_1065557612.dem,P06324,1,Heavy-Weapon Anchor
003231776785012097238_1065557612.dem,P01944,3,Budget Headshotter
003231776785012097238_1065557612.dem,P07959,1,Heavy-Weapon Anchor
003231776785012097238_1065557612.dem,P02029,2,Star Fragger
003231776785012097238_1065557612.dem,P04924,1,Heavy-Weapon Anchor
003231776785012097238_1065557612.dem,P04982,0,Utility Support
003231776785012097238_1065557612.dem,P01646,0,Utility Support
003231776785012097238_1065557612.dem,P04125,0,Utility Support
003231776785012097238_1065557612.dem,P02259,1,Heavy-Weapon Anchor
003231776785012097238_1065557612.dem,P07101,1,Heavy-Weapon Anchor
003231777927473397961_1325587695.dem,P05142,1,Heavy-Weapon Anchor
003231777927473397961_1325587695.dem,P07309,1,Heavy-Weapon Anchor
003231777927473397961_1325587695.dem,P03289,1,Heavy-Weapon Anchor
003231777927473397961_1325587695.dem,P00515,1,Heavy-Weapon Anchor
003231777927473397961_1325587695.dem,P06486,2,Star Fragger
003231777927473397961_1325587695.dem,P06867,1,Heavy-Weapon Anchor
003231777927473397961_1325587695.dem,P06811,1,Heavy-Weapon Anchor
003231777927473397961_1325587695.dem,P00457,3,Budget Headshotter
003231777927473397961_1325587695.dem,P10853,3,Budget Headshotter
003231777927473397961_1325587695.dem,P01082,1,Heavy-Weapon Anchor
003231780802954002557_1142844223.dem,P03186,0,Utility Support
003231780802954002557_1142844223.dem,P07057,1,Heavy-Weapon Anchor
003231780802954002557_1142844223.dem,P02251,0,Utility Support
003231780802954002557_1142844223.dem,P01548,3,Budget Headshotter
003231780802954002557_1142844223.dem,P01360,1,Heavy-Weapon Anchor
003231780802954002557_1142844223.dem,P05042,3,Budget Headshotter
003231780802954002557_1142844223.dem,P09113,2,Star Fragger
003231780802954002557_1142844223.dem,P01164,1,Heavy-Weapon Anchor
003231780802954002557_1142844223.dem,P00169,1,Heavy-Weapon Anchor
003231780871673479198_0723136244.dem,P07579,0,Utility Support
003231780871673479198_0723136244.dem,P05975,2,Star Fragger
003231780871673479198_0723136244.dem,P01038,0,Utility Support
003231780871673479198_0723136244.dem,P00726,1,Heavy-Weapon Anchor
003231780871673479198_0723136244.dem,P00340,3,Budget Headshotter
003231780871673479198_0723136244.dem,P10872,2,Star Fragger
003231780871673479198_0723136244.dem,P08343,0,Utility Support
003231780871673479198_0723136244.dem,P09068,3,Budget Headshotter
003231780871673479198_0723136244.dem,P02872,3,Budget Headshotter
003231780871673479198_0723136244.dem,P02826,1,Heavy-Weapon Anchor
003231781747846807745_0451396903.dem,P09583,2,Star Fragger
003231781747846807745_0451396903.dem,P06436,3,Budget Headshotter
003231781747846807745_0451396903.dem,P03719,2,Star Fragger
003231781747846807745_0451396903.dem,P10230,2,Star Fragger
003231781747846807745_0451396903.dem,P07282,3,Budget Headshotter
003231781747846807745_0451396903.dem,P06503,1,Heavy-Weapon Anchor
003231781747846807745_0451396903.dem,P03453,2,Star Fragger
003231781747846807745_0451396903.dem,P06364,3,Budget Headshotter
003231781747846807745_0451396903.dem,P10049,3,Budget Headshotter
003231781747846807745_0451396903.dem,P03459,3,Budget Headshotter
003231782158016184336_0423274176.dem,P01944,3,Budget Headshotter
003231782158016184336_0423274176.dem,P10106,0,Utility Support
003231782158016184336_0423274176.dem,P07959,1,Heavy-Weapon Anchor
003231782158016184336_0423274176.dem,P02029,2,Star Fragger
003231782158016184336_0423274176.dem,P05676,3,Budget Headshotter
003231782158016184336_0423274176.dem,P05747,1,Heavy-Weapon Anchor
003231782158016184336_0423274176.dem,P03973,3,Budget Headshotter
003231782158016184336_0423274176.dem,P02363,2,Star Fragger
003231782158016184336_0423274176.dem,P01672,3,Budget Headshotter
003231782158016184336_0423274176.dem,P02259,3,Budget Headshotter
003231782739984252970_0071791631.dem,P00469,0,Utility Support
003231782739984252970_0071791631.dem,P03025,2,Star Fragger
003231782739984252970_0071791631.dem,P10765,1,Heavy-Weapon Anchor
003231782739984252970_0071791631.dem,P03869,1,Heavy-Weapon Anchor
003231782739984252970_0071791631.dem,P06442,3,Budget Headshotter
003231782739984252970_0071791631.dem,P04534,0,Utility Support
003231782739984252970_0071791631.dem,P06375,0,Utility Support
003231782739984252970_0071791631.dem,P10288,3,Budget Headshotter
003231782739984252970_0071791631.dem,P06565,3,Budget Headshotter
003231782739984252970_0071791631.dem,P03464,3,Budget Headshotter
003231783321952321672_0475341432.dem,P09178,1,Heavy-Weapon Anchor
003231783321952321672_0475341432.dem,P01026,3,Budget Headshotter
003231783321952321672_0475341432.dem,P07451,1,Heavy-Weapon Anchor
003231783321952321672_0475341432.dem,P09811,2,Star Fragger
003231783321952321672_0475341432.dem,P07119,2,Star Fragger
003231783321952321672_0475341432.dem,P00302,1,Heavy-Weapon Anchor
003231783321952321672_0475341432.dem,P06304,3,Budget Headshotter
003231783321952321672_0475341432.dem,P07179,0,Utility Support
003231783321952321672_0475341432.dem,P06927,2,Star Fragger
003231783321952321672_0475341432.dem,P05755,1,Heavy-Weapon Anchor
003231786352051748944_0402003530.dem,P04991,0,Utility Support
003231786352051748944_0402003530.dem,P07510,3,Budget Headshotter
003231786352051748944_0402003530.dem,P00377,2,Star Fragger
003231786352051748944_0402003530.dem,P01628,3,Budget Headshotter
003231786352051748944_0402003530.dem,P04134,2,Star Fragger
003231786352051748944_0402003530.dem,P05888,0,Utility Support
003231786352051748944_0402003530.dem,P08072,3,Budget Headshotter
003231786352051748944_0402003530.dem,P03019,0,Utility Support
003231786352051748944_0402003530.dem,P07594,3,Budget Headshotter
003231788922589675546_0933308855.dem,P01944,3,Budget Headshotter
003231788922589675546_0933308855.dem,P08605,1,Heavy-Weapon Anchor
003231788922589675546_0933308855.dem,P06341,0,Utility Support
003231788922589675546_0933308855.dem,P04750,2,Star Fragger
003231788922589675546_0933308855.dem,P06471,1,Heavy-Weapon Anchor
003231788922589675546_0933308855.dem,P07959,1,Heavy-Weapon Anchor
003231788922589675546_0933308855.dem,P02029,0,Utility Support
003231788922589675546_0933308855.dem,P10948,1,Heavy-Weapon Anchor
003231788922589675546_0933308855.dem,P02259,3,Budget Headshotter
003231788922589675546_0933308855.dem,P03099,1,Heavy-Weapon Anchor
003231794183924613134_0965989424.dem,P08771,3,Budget Headshotter
003231794183924613134_0965989424.dem,P05157,3,Budget Headshotter
003231794183924613134_0965989424.dem,P08770,0,Utility Support
003231794183924613134_0965989424.dem,P05759,1,Heavy-Weapon Anchor
003231794183924613134_0965989424.dem,P07569,2,Star Fragger
003231794183924613134_0965989424.dem,P09074,2,Star Fragger
003231794183924613134_0965989424.dem,P06531,2,Star Fragger
003231794183924613134_0965989424.dem,P04388,1,Heavy-Weapon Anchor
003231794183924613134_0965989424.dem,P09753,1,Heavy-Weapon Anchor
003231794183924613134_0965989424.dem,P06094,1,Heavy-Weapon Anchor
003231796084447641662_1277630908.dem,P03921,1,Heavy-Weapon Anchor
003231796084447641662_1277630908.dem,P01944,1,Heavy-Weapon Anchor
003231796084447641662_1277630908.dem,P07214,0,Utility Support
003231796084447641662_1277630908.dem,P00748,0,Utility Support
003231796084447641662_1277630908.dem,P07959,1,Heavy-Weapon Anchor
003231796084447641662_1277630908.dem,P02029,2,Star Fragger
003231796084447641662_1277630908.dem,P02994,1,Heavy-Weapon Anchor
003231796084447641662_1277630908.dem,P02259,1,Heavy-Weapon Anchor
003231796084447641662_1277630908.dem,P03313,3,Budget Headshotter
003231796084447641662_1277630908.dem,P02568,1,Heavy-Weapon Anchor
003231806789653626888_2033966170.dem,P00469,0,Utility Support
003231806789653626888_2033966170.dem,P06348,3,Budget Headshotter
003231806789653626888_2033966170.dem,P07058,2,Star Fragger
003231806789653626888_2033966170.dem,P03044,3,Budget Headshotter
003231806789653626888_2033966170.dem,P01086,1,Heavy-Weapon Anchor
003231806789653626888_2033966170.dem,P00036,1,Heavy-Weapon Anchor
003231806789653626888_2033966170.dem,P10610,3,Budget Headshotter
003231806789653626888_2033966170.dem,P00407,3,Budget Headshotter
003231806789653626888_2033966170.dem,P09253,0,Utility Support
003231806789653626888_2033966170.dem,P02141,1,Heavy-Weapon Anchor
003231809151885639747_2050375411.dem,P04993,3,Budget Headshotter
003231809151885639747_2050375411.dem,P00109,1,Heavy-Weapon Anchor
003231809151885639747_2050375411.dem,P06077,2,Star Fragger
003231809151885639747_2050375411.dem,P08176,1,Heavy-Weapon Anchor
003231809151885639747_2050375411.dem,P07616,1,Heavy-Weapon Anchor
003231809151885639747_2050375411.dem,P09084,0,Utility Support
003231809151885639747_2050375411.dem,P07139,1,Heavy-Weapon Anchor
003231809151885639747_2050375411.dem,P06866,0,Utility Support
003231809151885639747_2050375411.dem,P03388,0,Utility Support
003231809151885639747_2050375411.dem,P03845,1,Heavy-Weapon Anchor
003231812048841080882_0183650166.dem,P08779,3,Budget Headshotter
003231812048841080882_0183650166.dem,P05546,2,Star Fragger
003231812048841080882_0183650166.dem,P04159,3,Budget Headshotter
003231812048841080882_0183650166.dem,P10296,3,Budget Headshotter
003231812048841080882_0183650166.dem,P06837,3,Budget Headshotter
003231812048841080882_0183650166.dem,P04190,2,Star Fragger
003231812048841080882_0183650166.dem,P07348,2,Star Fragger
003231812048841080882_0183650166.dem,P01927,0,Utility Support
003231812048841080882_0183650166.dem,P09840,0,Utility Support
003231812048841080882_0183650166.dem,P09384,3,Budget Headshotter
003231813116140454051_0992663535.dem,P06287,1,Heavy-Weapon Anchor
003231813116140454051_0992663535.dem,P00469,0,Utility Support
003231813116140454051_0992663535.dem,P02380,3,Budget Headshotter
003231813116140454051_0992663535.dem,P02062,0,Utility Support
003231813116140454051_0992663535.dem,P03540,1,Heavy-Weapon Anchor
003231813116140454051_0992663535.dem,P10713,1,Heavy-Weapon Anchor
003231813116140454051_0992663535.dem,P00013,2,Star Fragger
003231813116140454051_0992663535.dem,P03044,0,Utility Support
003231813116140454051_0992663535.dem,P03235,2,Star Fragger
003231813116140454051_0992663535.dem,P05379,1,Heavy-Weapon Anchor
003231816912891543597_2122112378.dem,P08779,1,Heavy-Weapon Anchor
003231816912891543597_2122112378.dem,P05448,3,Budget Headshotter
003231816912891543597_2122112378.dem,P00181,1,Heavy-Weapon Anchor
003231816912891543597_2122112378.dem,P04190,3,Budget Headshotter
003231816912891543597_2122112378.dem,P03150,2,Star Fragger
003231816912891543597_2122112378.dem,P03520,3,Budget Headshotter
003231816912891543597_2122112378.dem,P02911,3,Budget Headshotter
003231816912891543597_2122112378.dem,P01115,1,Heavy-Weapon Anchor
003231816912891543597_2122112378.dem,P02045,2,Star Fragger
003231816912891543597_2122112378.dem,P00636,1,Heavy-Weapon Anchor
003231817273668796509_1661935714.dem,P10573,1,Heavy-Weapon Anchor
003231817273668796509_1661935714.dem,P02893,0,Utility Support
003231817273668796509_1661935714.dem,P07166,0,Utility Support
003231817273668796509_1661935714.dem,P03007,1,Heavy-Weapon Anchor
003231817273668796509_1661935714.dem,P02599,3,Budget Headshotter
003231817273668796509_1661935714.dem,P07067,3,Budget Headshotter
003231817273668796509_1661935714.dem,P09421,0,Utility Support
003231817273668796509_1661935714.dem,P07375,1,Heavy-Weapon Anchor
003231817273668796509_1661935714.dem,P02090,2,Star Fragger
003231817273668796509_1661935714.dem,P05068,1,Heavy-Weapon Anchor
003231823314540298315_0558817142.dem,P09297,3,Budget Headshotter
003231823314540298315_0558817142.dem,P08779,1,Heavy-Weapon Anchor
003231823314540298315_0558817142.dem,P02408,0,Utility Support
003231823314540298315_0558817142.dem,P04420,1,Heavy-Weapon Anchor
003231823314540298315_0558817142.dem,P05220,2,Star Fragger
003231823314540298315_0558817142.dem,P04190,1,Heavy-Weapon Anchor
003231823314540298315_0558817142.dem,P09783,3,Budget Headshotter
003231823314540298315_0558817142.dem,P09383,1,Heavy-Weapon Anchor
003231823314540298315_0558817142.dem,P01926,1,Heavy-Weapon Anchor
003231823314540298315_0558817142.dem,P09676,3,Budget Headshotter
003231839229541613689_1889133662.dem,P07180,2,Star Fragger
003231839229541613689_1889133662.dem,P04142,1,Heavy-Weapon Anchor
003231839229541613689_1889133662.dem,P02401,3,Budget Headshotter
003231839229541613689_1889133662.dem,P04151,1,Heavy-Weapon Anchor
003231839229541613689_1889133662.dem,P01904,3,Budget Headshotter
003231839229541613689_1889133662.dem,P01059,1,Heavy-Weapon Anchor
003231839229541613689_1889133662.dem,P05117,0,Utility Support
003231839229541613689_1889133662.dem,P07983,3,Budget Headshotter
003231839229541613689_1889133662.dem,P09539,2,Star Fragger
003231839229541613689_1889133662.dem,P08693,3,Budget Headshotter
003231846771504185355_0972618780.dem,P02374,2,Star Fragger
003231846771504185355_0972618780.dem,P08847,1,Heavy-Weapon Anchor
003231846771504185355_0972618780.dem,P07788,0,Utility Support
003231846771504185355_0972618780.dem,P09644,3,Budget Headshotter
003231846771504185355_0972618780.dem,P05024,2,Star Fragger
003231846771504185355_0972618780.dem,P05591,3,Budget Headshotter
003231846771504185355_0972618780.dem,P00005,1,Heavy-Weapon Anchor
003231846771504185355_0972618780.dem,P00028,1,Heavy-Weapon Anchor
003231846771504185355_0972618780.dem,P05842,0,Utility Support
003231851719306510575_1287176861.dem,P10190,0,Utility Support
003231851719306510575_1287176861.dem,P00405,0,Utility Support
003231851719306510575_1287176861.dem,P07501,0,Utility Support
003231851719306510575_1287176861.dem,P05124,2,Star Fragger
003231851719306510575_1287176861.dem,P02915,3,Budget Headshotter
003231851719306510575_1287176861.dem,P05718,2,Star Fragger
003231851719306510575_1287176861.dem,P06456,3,Budget Headshotter
003231851719306510575_1287176861.dem,P04798,0,Utility Support
003231851719306510575_1287176861.dem,P04161,1,Heavy-Weapon Anchor
003231851719306510575_1287176861.dem,P08746,2,Star Fragger
003231851794468438218_1070657887.dem,P01808,2,Star Fragger
003231851794468438218_1070657887.dem,P05432,0,Utility Support
003231851794468438218_1070657887.dem,P02416,0,Utility Support
003231851794468438218_1070657887.dem,P04333,1,Heavy-Weapon Anchor
003231851794468438218_1070657887.dem,P01336,0,Utility Support
003231851794468438218_1070657887.dem,P05974,3,Budget Headshotter
003231851794468438218_1070657887.dem,P03260,3,Budget Headshotter
003231851794468438218_1070657887.dem,P01304,3,Budget Headshotter
003231851794468438218_1070657887.dem,P01297,0,Utility Support
003231851794468438218_1070657887.dem,P07627,3,Budget Headshotter
003231854040736334010_1184153542.dem,P08039,1,Heavy-Weapon Anchor
003231854040736334010_1184153542.dem,P10496,1,Heavy-Weapon Anchor
003231854040736334010_1184153542.dem,P04099,0,Utility Support
003231854040736334010_1184153542.dem,P02331,2,Star Fragger
003231854040736334010_1184153542.dem,P00760,1,Heavy-Weapon Anchor
003231854040736334010_1184153542.dem,P02680,0,Utility Support
003231854040736334010_1184153542.dem,P05584,1,Heavy-Weapon Anchor
003231854040736334010_1184153542.dem,P07658,3,Budget Headshotter
003231854040736334010_1184153542.dem,P05853,1,Heavy-Weapon Anchor
003231854040736334010_1184153542.dem,P08940,0,Utility Support
003231857566904484039_1583497003.dem,P08039,2,Star Fragger
003231857566904484039_1583497003.dem,P08581,2,Star Fragger
003231857566904484039_1583497003.dem,P10824,1,Heavy-Weapon Anchor
003231857566904484039_1583497003.dem,P04876,2,Star Fragger
003231857566904484039_1583497003.dem,P00925,3,Budget Headshotter
003231857566904484039_1583497003.dem,P04536,1,Heavy-Weapon Anchor
003231857566904484039_1583497003.dem,P09716,3,Budget Headshotter
003231857566904484039_1583497003.dem,P08006,3,Budget Headshotter
003231857566904484039_1583497003.dem,P10867,1,Heavy-Weapon Anchor
003231857566904484039_1583497003.dem,P02266,1,Heavy-Weapon Anchor
003231858241214349481_0095254673.dem,P03335,1,Heavy-Weapon Anchor
003231858241214349481_0095254673.dem,P05328,1,Heavy-Weapon Anchor
003231858241214349481_0095254673.dem,P10720,1,Heavy-Weapon Anchor
003231858241214349481_0095254673.dem,P02992,2,Star Fragger
003231858241214349481_0095254673.dem,P06045,3,Budget Headshotter
003231858241214349481_0095254673.dem,P10324,2,Star Fragger
003231858241214349481_0095254673.dem,P07426,1,Heavy-Weapon Anchor
003231858241214349481_0095254673.dem,P06040,1,Heavy-Weapon Anchor
003231858241214349481_0095254673.dem,P01593,3,Budget Headshotter
003231858241214349481_0095254673.dem,P10673,1,Heavy-Weapon Anchor
003231876836275257687_2117495533.dem,P04601,0,Utility Support
003231876836275257687_2117495533.dem,P08607,3,Budget Headshotter
003231876836275257687_2117495533.dem,P02681,3,Budget Headshotter
003231876836275257687_2117495533.dem,P09896,3,Budget Headshotter
003231876836275257687_2117495533.dem,P00123,2,Star Fragger
003231876836275257687_2117495533.dem,P05254,0,Utility Support
003231876836275257687_2117495533.dem,P05270,0,Utility Support
003231876836275257687_2117495533.dem,P05026,1,Heavy-Weapon Anchor
003231876836275257687_2117495533.dem,P02273,2,Star Fragger
003231876836275257687_2117495533.dem,P10903,1,Heavy-Weapon Anchor
003231899926019440661_0802810664.dem,P05670,1,Heavy-Weapon Anchor
003231899926019440661_0802810664.dem,P05713,0,Utility Support
003231899926019440661_0802810664.dem,P04488,2,Star Fragger
003231899926019440661_0802810664.dem,P02319,1,Heavy-Weapon Anchor
003231899926019440661_0802810664.dem,P08210,3,Budget Headshotter
003231899926019440661_0802810664.dem,P06914,2,Star Fragger
003231899926019440661_0802810664.dem,P04828,3,Budget Headshotter
003231899926019440661_0802810664.dem,P10463,0,Utility Support
003231899926019440661_0802810664.dem,P04626,3,Budget Headshotter
003231899926019440661_0802810664.dem,P04387,0,Utility Support
003231905539541696612_0189618628.dem,P04492,1,Heavy-Weapon Anchor
003231905539541696612_0189618628.dem,P01327,3,Budget Headshotter
003231905539541696612_0189618628.dem,P09975,2,Star Fragger
003231905539541696612_0189618628.dem,P03361,0,Utility Support
003231905539541696612_0189618628.dem,P10935,3,Budget Headshotter
003231905539541696612_0189618628.dem,P10403,2,Star Fragger
003231905539541696612_0189618628.dem,P07242,0,Utility Support
003231905539541696612_0189618628.dem,P07801,3,Budget Headshotter
003231905539541696612_0189618628.dem,P07492,3,Budget Headshotter
003231905539541696612_0189618628.dem,P02850,2,Star Fragger
003231908563198672981_0677137835.dem,P01292,3,Budget Headshotter
003231908563198672981_0677137835.dem,P02781,0,Utility Support
003231908563198672981_0677137835.dem,P04235,0,Utility Support
003231908563198672981_0677137835.dem,P02888,0,Utility Support
003231908563198672981_0677137835.dem,P05508,1,Heavy-Weapon Anchor
003231908563198672981_0677137835.dem,P03240,1,Heavy-Weapon Anchor
003231908563198672981_0677137835.dem,P03783,2,Star Fragger
003231908563198672981_0677137835.dem,P03695,2,Star Fragger
003231911546053460171_0041440316.dem,P00579,2,Star Fragger
003231911546053460171_0041440316.dem,P08333,0,Utility Support
003231911546053460171_0041440316.dem,P04131,2,Star Fragger
003231911546053460171_0041440316.dem,P01818,0,Utility Support
003231911546053460171_0041440316.dem,P03855,3,Budget Headshotter
003231911546053460171_0041440316.dem,P08908,3,Budget Headshotter
003231911546053460171_0041440316.dem,P10171,3,Budget Headshotter
003231911546053460171_0041440316.dem,P01611,3,Budget Headshotter
003231911546053460171_0041440316.dem,P04461,3,Budget Headshotter
003231911546053460171_0041440316.dem,P08112,0,Utility Support
003231912140906430682_0522301460.dem,P07910,0,Utility Support
003231912140906430682_0522301460.dem,P00421,0,Utility Support
003231912140906430682_0522301460.dem,P05456,3,Budget Headshotter
003231912140906430682_0522301460.dem,P03630,2,Star Fragger
003231912140906430682_0522301460.dem,P09870,1,Heavy-Weapon Anchor
003231912140906430682_0522301460.dem,P02034,1,Heavy-Weapon Anchor
003231912140906430682_0522301460.dem,P10744,1,Heavy-Weapon Anchor
003231912140906430682_0522301460.dem,P02327,3,Budget Headshotter
003231912140906430682_0522301460.dem,P07191,2,Star Fragger
003231912140906430682_0522301460.dem,P02648,1,Heavy-Weapon Anchor
003231913650587435202_0669794002.dem,P05241,0,Utility Support
003231913650587435202_0669794002.dem,P04457,3,Budget Headshotter
003231913650587435202_0669794002.dem,P09022,2,Star Fragger
003231913650587435202_0669794002.dem,P03610,0,Utility Support
003231913650587435202_0669794002.dem,P08996,0,Utility Support
003231913650587435202_0669794002.dem,P03515,2,Star Fragger
003231913650587435202_0669794002.dem,P09150,3,Budget Headshotter
003231913650587435202_0669794002.dem,P07792,0,Utility Support
003231913650587435202_0669794002.dem,P03073,0,Utility Support
003231913650587435202_0669794002.dem,P00781,3,Budget Headshotter
003231914745804095731_0365313861.dem,P01601,0,Utility Support
003231914745804095731_0365313861.dem,P09292,1,Heavy-Weapon Anchor
003231914745804095731_0365313861.dem,P06802,2,Star Fragger
003231914745804095731_0365313861.dem,P02502,1,Heavy-Weapon Anchor
003231914745804095731_0365313861.dem,P01858,1,Heavy-Weapon Anchor
003231914745804095731_0365313861.dem,P02398,1,Heavy-Weapon Anchor
003231914745804095731_0365313861.dem,P01328,3,Budget Headshotter
003231914745804095731_0365313861.dem,P04562,3,Budget Headshotter
003231914745804095731_0365313861.dem,P05562,0,Utility Support
003231914745804095731_0365313861.dem,P09385,2,Star Fragger
003231924143192539404_1435884678.dem,P08526,3,Budget Headshotter
003231924143192539404_1435884678.dem,P09965,3,Budget Headshotter
003231924143192539404_1435884678.dem,P03475,2,Star Fragger
003231924143192539404_1435884678.dem,P07491,3,Budget Headshotter
003231924143192539404_1435884678.dem,P08594,0,Utility Support
003231924143192539404_1435884678.dem,P04303,1,Heavy-Weapon Anchor
003231924143192539404_1435884678.dem,P08749,2,Star Fragger
003231924143192539404_1435884678.dem,P02275,3,Budget Headshotter
003231924143192539404_1435884678.dem,P09424,2,Star Fragger
003231924143192539404_1435884678.dem,P05451,1,Heavy-Weapon Anchor
003231928947113460162_1024263259.dem,P07175,3,Budget Headshotter
003231928947113460162_1024263259.dem,P08547,3,Budget Headshotter
003231928947113460162_1024263259.dem,P07038,1,Heavy-Weapon Anchor
003231928947113460162_1024263259.dem,P10392,3,Budget Headshotter
003231928947113460162_1024263259.dem,P10191,1,Heavy-Weapon Anchor
003231928947113460162_1024263259.dem,P01315,2,Star Fragger
003231928947113460162_1024263259.dem,P03035,3,Budget Headshotter
003231928947113460162_1024263259.dem,P04117,2,Star Fragger
003231928947113460162_1024263259.dem,P02275,0,Utility Support
003231928947113460162_1024263259.dem,P03890,2,Star Fragger
003231936557795508378_0726956875.dem,P00292,3,Budget Headshotter
003231936557795508378_0726956875.dem,P04893,2,Star Fragger
003231936557795508378_0726956875.dem,P09478,1,Heavy-Weapon Anchor
003231936557795508378_0726956875.dem,P01198,1,Heavy-Weapon Anchor
003231936557795508378_0726956875.dem,P07556,3,Budget Headshotter
003231936557795508378_0726956875.dem,P04862,1,Heavy-Weapon Anchor
003231936557795508378_0726956875.dem,P02444,0,Utility Support
003231936557795508378_0726956875.dem,P08512,1,Heavy-Weapon Anchor
003231936557795508378_0726956875.dem,P03957,0,Utility Support
003231936557795508378_0726956875.dem,P09782,3,Budget Headshotter
003231936890655473812_0387262488.dem,P08039,2,Star Fragger
003231936890655473812_0387262488.dem,P10766,1,Heavy-Weapon Anchor
003231936890655473812_0387262488.dem,P09784,1,Heavy-Weapon Anchor
003231936890655473812_0387262488.dem,P09833,1,Heavy-Weapon Anchor
003231936890655473812_0387262488.dem,P00665,1,Heavy-Weapon Anchor
003231936890655473812_0387262488.dem,P10821,3,Budget Headshotter
003231936890655473812_0387262488.dem,P09581,0,Utility Support
003231936890655473812_0387262488.dem,P07645,1,Heavy-Weapon Anchor
003231936890655473812_0387262488.dem,P00141,0,Utility Support
003231936890655473812_0387262488.dem,P01440,2,Star Fragger
003231938408926413273_1165140971.dem,P04379,3,Budget Headshotter
003231938408926413273_1165140971.dem,P07974,3,Budget Headshotter
003231938408926413273_1165140971.dem,P06086,0,Utility Support
003231938408926413273_1165140971.dem,P00561,3,Budget Headshotter
003231938408926413273_1165140971.dem,P08632,0,Utility Support
003231938408926413273_1165140971.dem,P09000,2,Star Fragger
003231938408926413273_1165140971.dem,P01707,0,Utility Support
003231938408926413273_1165140971.dem,P08195,0,Utility Support
003231938408926413273_1165140971.dem,P00063,3,Budget Headshotter
003231938408926413273_1165140971.dem,P00206,1,Heavy-Weapon Anchor
003231947041810678040_0287869677.dem,P07884,1,Heavy-Weapon Anchor
003231947041810678040_0287869677.dem,P00143,0,Utility Support
003231947041810678040_0287869677.dem,P00174,1,Heavy-Weapon Anchor
003231947041810678040_0287869677.dem,P05237,3,Budget Headshotter
003231947041810678040_0287869677.dem,P09713,1,Heavy-Weapon Anchor
003231947041810678040_0287869677.dem,P01662,2,Star Fragger
003231947041810678040_0287869677.dem,P00598,0,Utility Support
003231947041810678040_0287869677.dem,P05963,1,Heavy-Weapon Anchor
003231947041810678040_0287869677.dem,P06825,3,Budget Headshotter
003231947041810678040_0287869677.dem,P06017,0,Utility Support
003231949058297823482_1309125093.dem,P07878,2,Star Fragger
003231949058297823482_1309125093.dem,P07745,0,Utility Support
003231949058297823482_1309125093.dem,P08327,1,Heavy-Weapon Anchor
003231949058297823482_1309125093.dem,P06155,1,Heavy-Weapon Anchor
003231949058297823482_1309125093.dem,P00565,1,Heavy-Weapon Anchor
003231949058297823482_1309125093.dem,P07248,1,Heavy-Weapon Anchor
003231949058297823482_1309125093.dem,P02720,1,Heavy-Weapon Anchor
003231949058297823482_1309125093.dem,P01377,1,Heavy-Weapon Anchor
003231949058297823482_1309125093.dem,P00914,2,Star Fragger
003231949058297823482_1309125093.dem,P09487,1,Heavy-Weapon Anchor
003231949101247496274_0660304882.dem,P04779,0,Utility Support
003231949101247496274_0660304882.dem,P08979,1,Heavy-Weapon Anchor
003231949101247496274_0660304882.dem,P04873,0,Utility Support
003231949101247496274_0660304882.dem,P00110,3,Budget Headshotter
003231949101247496274_0660304882.dem,P04508,0,Utility Support
003231949101247496274_0660304882.dem,P05143,1,Heavy-Weapon Anchor
003231949101247496274_0660304882.dem,P01863,0,Utility Support
003231949101247496274_0660304882.dem,P01618,2,Star Fragger
003231949101247496274_0660304882.dem,P03302,0,Utility Support
003231949101247496274_0660304882.dem,P08212,1,Heavy-Weapon Anchor
003231954429154427030_0535707777.dem,P09282,3,Budget Headshotter
003231954429154427030_0535707777.dem,P01017,3,Budget Headshotter
003231954429154427030_0535707777.dem,P00234,1,Heavy-Weapon Anchor
003231954429154427030_0535707777.dem,P05365,2,Star Fragger
003231954429154427030_0535707777.dem,P03928,3,Budget Headshotter
003231954429154427030_0535707777.dem,P04683,2,Star Fragger
003231954429154427030_0535707777.dem,P02215,3,Budget Headshotter
003231954429154427030_0535707777.dem,P10854,0,Utility Support
003231954429154427030_0535707777.dem,P00211,3,Budget Headshotter
003231954429154427030_0535707777.dem,P01011,1,Heavy-Weapon Anchor
003231959134291099743_1229752484.dem,P07095,2,Star Fragger
003231959134291099743_1229752484.dem,P02138,2,Star Fragger
003231959134291099743_1229752484.dem,P10909,1,Heavy-Weapon Anchor
003231959134291099743_1229752484.dem,P09856,3,Budget Headshotter
003231959134291099743_1229752484.dem,P00021,0,Utility Support
003231959134291099743_1229752484.dem,P09308,3,Budget Headshotter
003231959134291099743_1229752484.dem,P10498,0,Utility Support
003231959134291099743_1229752484.dem,P10735,0,Utility Support
003231959134291099743_1229752484.dem,P01134,0,Utility Support
003231959134291099743_1229752484.dem,P00697,0,Utility Support
003231959842960703598_1975531606.dem,P10733,0,Utility Support
003231959842960703598_1975531606.dem,P07091,1,Heavy-Weapon Anchor
003231959842960703598_1975531606.dem,P08584,0,Utility Support
003231959842960703598_1975531606.dem,P10108,3,Budget Headshotter
003231959842960703598_1975531606.dem,P01946,1,Heavy-Weapon Anchor
003231959842960703598_1975531606.dem,P06887,1,Heavy-Weapon Anchor
003231959842960703598_1975531606.dem,P10779,2,Star Fragger
003231959842960703598_1975531606.dem,P09485,0,Utility Support
003231959842960703598_1975531606.dem,P10695,0,Utility Support
003231959842960703598_1975531606.dem,P09968,3,Budget Headshotter
003231965533792370753_1453045545.dem,P02402,1,Heavy-Weapon Anchor
003231965533792370753_1453045545.dem,P06529,3,Budget Headshotter
003231965533792370753_1453045545.dem,P03024,0,Utility Support
003231965533792370753_1453045545.dem,P00485,3,Budget Headshotter
003231965533792370753_1453045545.dem,P01506,0,Utility Support
003231965533792370753_1453045545.dem,P09866,3,Budget Headshotter
003231965533792370753_1453045545.dem,P09665,2,Star Fragger
003231965533792370753_1453045545.dem,P04998,2,Star Fragger
003231965533792370753_1453045545.dem,P07807,1,Heavy-Weapon Anchor
003231965533792370753_1453045545.dem,P02847,3,Budget Headshotter
003231992834751987812_0730449494.dem,P04606,0,Utility Support
003231992834751987812_0730449494.dem,P06607,1,Heavy-Weapon Anchor
003231992834751987812_0730449494.dem,P06282,0,Utility Support
003231992834751987812_0730449494.dem,P00247,0,Utility Support
003231992834751987812_0730449494.dem,P00901,1,Heavy-Weapon Anchor
003231992834751987812_0730449494.dem,P06854,3,Budget Headshotter
003231992834751987812_0730449494.dem,P01372,3,Budget Headshotter
003231992834751987812_0730449494.dem,P06898,0,Utility Support
003231992834751987812_0730449494.dem,P04271,1,Heavy-Weapon Anchor
003231992834751987812_0730449494.dem,P07686,1,Heavy-Weapon Anchor
003231993040910417936_1025176982.dem,P07694,3,Budget Headshotter
003231993040910417936_1025176982.dem,P04039,0,Utility Support
003231993040910417936_1025176982.dem,P08978,1,Heavy-Weapon Anchor
003231993040910417936_1025176982.dem,P08966,2,Star Fragger
003231993040910417936_1025176982.dem,P04501,0,Utility Support
003231993040910417936_1025176982.dem,P10704,3,Budget Headshotter
003231993040910417936_1025176982.dem,P06850,1,Heavy-Weapon Anchor
003231993040910417936_1025176982.dem,P06198,2,Star Fragger
003231993040910417936_1025176982.dem,P10937,1,Heavy-Weapon Anchor
003231993040910417936_1025176982.dem,P06253,1,Heavy-Weapon Anchor
003232010980988813427_1592020949.dem,P09947,0,Utility Support
003232010980988813427_1592020949.dem,P00749,0,Utility Support
003232010980988813427_1592020949.dem,P01373,3,Budget Headshotter
003232010980988813427_1592020949.dem,P07982,3,Budget Headshotter
003232010980988813427_1592020949.dem,P08843,2,Star Fragger
003232010980988813427_1592020949.dem,P04139,3,Budget Headshotter
003232010980988813427_1592020949.dem,P06127,2,Star Fragger
003232010980988813427_1592020949.dem,P00777,0,Utility Support
003232010980988813427_1592020949.dem,P05879,3,Budget Headshotter
003232010980988813427_1592020949.dem,P02178,0,Utility Support
003232011434107863193_2101588507.dem,P06265,1,Heavy-Weapon Anchor
003232011434107863193_2101588507.dem,P09360,3,Budget Headshotter
003232011434107863193_2101588507.dem,P01125,0,Utility Support
003232011434107863193_2101588507.dem,P03316,0,Utility Support
003232011434107863193_2101588507.dem,P01113,3,Budget Headshotter
003232011434107863193_2101588507.dem,P02610,1,Heavy-Weapon Anchor
003232011434107863193_2101588507.dem,P09221,0,Utility Support
003232011434107863193_2101588507.dem,P10107,2,Star Fragger
003232011434107863193_2101588507.dem,P04793,0,Utility Support
003232011434107863193_2101588507.dem,P09109,3,Budget Headshotter
003232012267331518553_0653477513.dem,P10701,0,Utility Support
003232012267331518553_0653477513.dem,P00531,2,Star Fragger
003232012267331518553_0653477513.dem,P01904,0,Utility Support
003232012267331518553_0653477513.dem,P10692,3,Budget Headshotter
003232012267331518553_0653477513.dem,P08918,3,Budget Headshotter
003232012267331518553_0653477513.dem,P04052,0,Utility Support
003232012267331518553_0653477513.dem,P08560,3,Budget Headshotter
003232012267331518553_0653477513.dem,P10080,0,Utility Support
003232012267331518553_0653477513.dem,P10851,3,Budget Headshotter
003232012267331518553_0653477513.dem,P09499,0,Utility Support
003232017086284824600_1840796972.dem,P02897,1,Heavy-Weapon Anchor
003232017086284824600_1840796972.dem,P10181,1,Heavy-Weapon Anchor
003232017086284824600_1840796972.dem,P01125,0,Utility Support
003232017086284824600_1840796972.dem,P03316,0,Utility Support
003232017086284824600_1840796972.dem,P10518,0,Utility Support
003232017086284824600_1840796972.dem,P01113,2,Star Fragger
003232017086284824600_1840796972.dem,P10107,2,Star Fragger
003232017086284824600_1840796972.dem,P05150,0,Utility Support
003232017086284824600_1840796972.dem,P02254,3,Budget Headshotter
003232017086284824600_1840796972.dem,P03097,1,Heavy-Weapon Anchor
003232022517270970513_0954923516.dem,P01125,3,Budget Headshotter
003232022517270970513_0954923516.dem,P03316,0,Utility Support
003232022517270970513_0954923516.dem,P10682,0,Utility Support
003232022517270970513_0954923516.dem,P01113,3,Budget Headshotter
003232022517270970513_0954923516.dem,P10107,0,Utility Support
003232022517270970513_0954923516.dem,P08281,3,Budget Headshotter
003232022517270970513_0954923516.dem,P04239,3,Budget Headshotter
003232022517270970513_0954923516.dem,P10331,2,Star Fragger
003232022517270970513_0954923516.dem,P01891,3,Budget Headshotter
003232022517270970513_0954923516.dem,P08546,3,Budget Headshotter
003232023045551947964_0335250349.dem,P00934,3,Budget Headshotter
003232023045551947964_0335250349.dem,P08654,2,Star Fragger
003232023045551947964_0335250349.dem,P05961,2,Star Fragger
003232023045551947964_0335250349.dem,P00335,3,Budget Headshotter
003232023045551947964_0335250349.dem,P02107,3,Budget Headshotter
003232023045551947964_0335250349.dem,P02037,2,Star Fragger
003232023045551947964_0335250349.dem,P05169,3,Budget Headshotter
003232023045551947964_0335250349.dem,P01777,3,Budget Headshotter
003232023045551947964_0335250349.dem,P07906,1,Heavy-Weapon Anchor
003232023045551947964_0335250349.dem,P05152,3,Budget Headshotter
003232030155870306409_1683352331.dem,P03328,1,Heavy-Weapon Anchor
003232030155870306409_1683352331.dem,P07304,1,Heavy-Weapon Anchor
003232030155870306409_1683352331.dem,P10788,3,Budget Headshotter
003232030155870306409_1683352331.dem,P02657,1,Heavy-Weapon Anchor
003232030155870306409_1683352331.dem,P08255,2,Star Fragger
003232030155870306409_1683352331.dem,P02006,2,Star Fragger
003232030155870306409_1683352331.dem,P09046,0,Utility Support
003232030155870306409_1683352331.dem,P02650,3,Budget Headshotter
003232030155870306409_1683352331.dem,P06073,3,Budget Headshotter
003232030155870306409_1683352331.dem,P06767,1,Heavy-Weapon Anchor
003232036720727818435_1901915395.dem,P10725,0,Utility Support
003232036720727818435_1901915395.dem,P03875,0,Utility Support
003232036720727818435_1901915395.dem,P02216,1,Heavy-Weapon Anchor
003232036720727818435_1901915395.dem,P04225,3,Budget Headshotter
003232036720727818435_1901915395.dem,P04889,3,Budget Headshotter
003232036720727818435_1901915395.dem,P07353,2,Star Fragger
003232036720727818435_1901915395.dem,P09907,1,Heavy-Weapon Anchor
003232036720727818435_1901915395.dem,P08161,1,Heavy-Weapon Anchor
003232036720727818435_1901915395.dem,P00538,0,Utility Support
003232036720727818435_1901915395.dem,P05468,0,Utility Support
003232038584743624780_0740335193.dem,P01277,1,Heavy-Weapon Anchor
003232038584743624780_0740335193.dem,P05027,3,Budget Headshotter
003232038584743624780_0740335193.dem,P07673,1,Heavy-Weapon Anchor
003232038584743624780_0740335193.dem,P04342,3,Budget Headshotter
003232038584743624780_0740335193.dem,P00005,3,Budget Headshotter
003232038584743624780_0740335193.dem,P10375,2,Star Fragger
003232038584743624780_0740335193.dem,P03556,3,Budget Headshotter
003232038584743624780_0740335193.dem,P03057,1,Heavy-Weapon Anchor
003232038584743624780_0740335193.dem,P03334,2,Star Fragger
003232038584743624780_0740335193.dem,P09464,0,Utility Support
003232039261200973988_0780045512.dem,P00850,2,Star Fragger
003232039261200973988_0780045512.dem,P01422,3,Budget Headshotter
003232039261200973988_0780045512.dem,P03372,3,Budget Headshotter
003232039261200973988_0780045512.dem,P03512,2,Star Fragger
003232039261200973988_0780045512.dem,P02770,3,Budget Headshotter
003232039261200973988_0780045512.dem,P05083,1,Heavy-Weapon Anchor
003232039261200973988_0780045512.dem,P00771,1,Heavy-Weapon Anchor
003232039261200973988_0780045512.dem,P03699,3,Budget Headshotter
003232039261200973988_0780045512.dem,P03814,1,Heavy-Weapon Anchor
003232039261200973988_0780045512.dem,P10652,0,Utility Support
003232040307025510685_0705627060.dem,P03762,0,Utility Support
003232040307025510685_0705627060.dem,P03559,3,Budget Headshotter
003232040307025510685_0705627060.dem,P00936,0,Utility Support
003232040307025510685_0705627060.dem,P08331,0,Utility Support
003232040307025510685_0705627060.dem,P06441,0,Utility Support
003232040307025510685_0705627060.dem,P00600,2,Star Fragger
003232040307025510685_0705627060.dem,P00492,3,Budget Headshotter
003232040307025510685_0705627060.dem,P02934,0,Utility Support
003232040307025510685_0705627060.dem,P03836,0,Utility Support
003232040307025510685_0705627060.dem,P03793,1,Heavy-Weapon Anchor
003232050337921630385_1696464218.dem,P08997,0,Utility Support
003232050337921630385_1696464218.dem,P00963,3,Budget Headshotter
003232050337921630385_1696464218.dem,P03762,2,Star Fragger
003232050337921630385_1696464218.dem,P04344,0,Utility Support
003232050337921630385_1696464218.dem,P08676,0,Utility Support
003232050337921630385_1696464218.dem,P00936,3,Budget Headshotter
003232050337921630385_1696464218.dem,P08331,3,Budget Headshotter
003232050337921630385_1696464218.dem,P10458,0,Utility Support
003232050337921630385_1696464218.dem,P07051,1,Heavy-Weapon Anchor
003232050337921630385_1696464218.dem,P06769,2,Star Fragger
003232059073885110289_1633756559.dem,P03039,3,Budget Headshotter
003232059073885110289_1633756559.dem,P05908,0,Utility Support
003232059073885110289_1633756559.dem,P08022,3,Budget Headshotter
003232059073885110289_1633756559.dem,P04638,3,Budget Headshotter
003232059073885110289_1633756559.dem,P02852,3,Budget Headshotter
003232059073885110289_1633756559.dem,P08479,2,Star Fragger
003232059073885110289_1633756559.dem,P02220,3,Budget Headshotter
003232059073885110289_1633756559.dem,P00950,0,Utility Support
003232059073885110289_1633756559.dem,P06305,0,Utility Support
003232059073885110289_1633756559.dem,P03548,0,Utility Support
003232074808497799412_0426783256.dem,P01460,3,Budget Headshotter
003232074808497799412_0426783256.dem,P10058,2,Star Fragger
003232074808497799412_0426783256.dem,P09678,0,Utility Support
003232074808497799412_0426783256.dem,P00159,1,Heavy-Weapon Anchor
003232074808497799412_0426783256.dem,P02085,2,Star Fragger
003232074808497799412_0426783256.dem,P05348,3,Budget Headshotter
003232074808497799412_0426783256.dem,P06649,1,Heavy-Weapon Anchor
003232074808497799412_0426783256.dem,P02041,1,Heavy-Weapon Anchor
003232074808497799412_0426783256.dem,P09387,1,Heavy-Weapon Anchor
003232074808497799412_0426783256.dem,P06501,3,Budget Headshotter
003232094644804256058_0134799929.dem,P00530,1,Heavy-Weapon Anchor
003232094644804256058_0134799929.dem,P08023,3,Budget Headshotter
003232094644804256058_0134799929.dem,P03157,3,Budget Headshotter
003232094644804256058_0134799929.dem,P03261,2,Star Fragger
003232094644804256058_0134799929.dem,P08905,0,Utility Support
003232094644804256058_0134799929.dem,P02777,3,Budget Headshotter
003232094644804256058_0134799929.dem,P03636,2,Star Fragger
003232094644804256058_0134799929.dem,P09463,3,Budget Headshotter
003232094644804256058_0134799929.dem,P02894,1,Heavy-Weapon Anchor
003232094644804256058_0134799929.dem,P06256,2,Star Fragger
003232095707808661554_1220795065.dem,P06383,2,Star Fragger
003232095707808661554_1220795065.dem,P09715,0,Utility Support
003232095707808661554_1220795065.dem,P07559,0,Utility Support
003232095707808661554_1220795065.dem,P05039,3,Budget Headshotter
003232095707808661554_1220795065.dem,P09166,0,Utility Support
003232095707808661554_1220795065.dem,P09222,1,Heavy-Weapon Anchor
003232095707808661554_1220795065.dem,P00111,0,Utility Support
003232095707808661554_1220795065.dem,P09147,2,Star Fragger
003232095707808661554_1220795065.dem,P08904,3,Budget Headshotter
003232095707808661554_1220795065.dem,P06700,0,Utility Support
003232097451565383720_0259678653.dem,P07181,3,Budget Headshotter
003232097451565383720_0259678653.dem,P05620,3,Budget Headshotter
003232097451565383720_0259678653.dem,P05779,1,Heavy-Weapon Anchor
003232097451565383720_0259678653.dem,P06130,0,Utility Support
003232097451565383720_0259678653.dem,P06777,1,Heavy-Weapon Anchor
003232097451565383720_0259678653.dem,P05823,0,Utility Support
003232097451565383720_0259678653.dem,P10760,0,Utility Support
003232097451565383720_0259678653.dem,P02654,0,Utility Support
003232097451565383720_0259678653.dem,P00765,0,Utility Support
003232097451565383720_0259678653.dem,P08057,2,Star Fragger
003232097614774141014_0853172319.dem,P01410,1,Heavy-Weapon Anchor
003232097614774141014_0853172319.dem,P06205,1,Heavy-Weapon Anchor
003232097614774141014_0853172319.dem,P09773,2,Star Fragger
003232097614774141014_0853172319.dem,P09612,2,Star Fragger
003232097614774141014_0853172319.dem,P09051,3,Budget Headshotter
003232097614774141014_0853172319.dem,P07036,3,Budget Headshotter
003232097614774141014_0853172319.dem,P06357,1,Heavy-Weapon Anchor
003232097614774141014_0853172319.dem,P04970,1,Heavy-Weapon Anchor
003232097614774141014_0853172319.dem,P00424,0,Utility Support
003232097614774141014_0853172319.dem,P08374,2,Star Fragger
003232103460224631138_0062481400.dem,P06429,3,Budget Headshotter
003232103460224631138_0062481400.dem,P07488,1,Heavy-Weapon Anchor
003232103460224631138_0062481400.dem,P07588,1,Heavy-Weapon Anchor
003232103460224631138_0062481400.dem,P07968,2,Star Fragger
003232103460224631138_0062481400.dem,P05851,2,Star Fragger
003232103460224631138_0062481400.dem,P03546,0,Utility Support
003232103460224631138_0062481400.dem,P04201,3,Budget Headshotter
003232103460224631138_0062481400.dem,P03129,3,Budget Headshotter
003232103460224631138_0062481400.dem,P00991,0,Utility Support
003232103460224631138_0062481400.dem,P02761,1,Heavy-Weapon Anchor
003232106204708733226_0439279054.dem,P05033,2,Star Fragger
003232106204708733226_0439279054.dem,P02959,2,Star Fragger
003232106204708733226_0439279054.dem,P08892,0,Utility Support
003232106204708733226_0439279054.dem,P08185,1,Heavy-Weapon Anchor
003232106204708733226_0439279054.dem,P01675,3,Budget Headshotter
003232106204708733226_0439279054.dem,P00449,0,Utility Support
003232106204708733226_0439279054.dem,P09493,0,Utility Support
003232106204708733226_0439279054.dem,P07984,3,Budget Headshotter
003232106204708733226_0439279054.dem,P02550,3,Budget Headshotter
003232106204708733226_0439279054.dem,P09922,3,Budget Headshotter
003232109739466817788_1753111307.dem,P03086,1,Heavy-Weapon Anchor
003232109739466817788_1753111307.dem,P04237,1,Heavy-Weapon Anchor
003232109739466817788_1753111307.dem,P01430,0,Utility Support
003232109739466817788_1753111307.dem,P06289,2,Star Fragger
003232109739466817788_1753111307.dem,P06455,1,Heavy-Weapon Anchor
003232109739466817788_1753111307.dem,P05268,3,Budget Headshotter
003232109739466817788_1753111307.dem,P07359,2,Star Fragger
003232109739466817788_1753111307.dem,P06619,3,Budget Headshotter
003232109739466817788_1753111307.dem,P06044,1,Heavy-Weapon Anchor
003232109739466817788_1753111307.dem,P01829,1,Heavy-Weapon Anchor
003232111440273867046_0454171256.dem,P05015,1,Heavy-Weapon Anchor
003232111440273867046_0454171256.dem,P09190,1,Heavy-Weapon Anchor
003232111440273867046_0454171256.dem,P05979,2,Star Fragger
003232111440273867046_0454171256.dem,P02236,1,Heavy-Weapon Anchor
003232111440273867046_0454171256.dem,P08565,1,Heavy-Weapon Anchor
003232111440273867046_0454171256.dem,P08024,1,Heavy-Weapon Anchor
003232111440273867046_0454171256.dem,P05301,3,Budget Headshotter
003232111440273867046_0454171256.dem,P02987,3,Budget Headshotter
003232111440273867046_0454171256.dem,P02111,2,Star Fragger
003232111440273867046_0454171256.dem,P07908,1,Heavy-Weapon Anchor
003232112247727718515_1364084764.dem,P08039,2,Star Fragger
003232112247727718515_1364084764.dem,P09833,1,Heavy-Weapon Anchor
003232112247727718515_1364084764.dem,P05806,3,Budget Headshotter
003232112247727718515_1364084764.dem,P10056,3,Budget Headshotter
003232112247727718515_1364084764.dem,P02018,0,Utility Support
003232112247727718515_1364084764.dem,P06325,3,Budget Headshotter
003232112247727718515_1364084764.dem,P09917,1,Heavy-Weapon Anchor
003232112247727718515_1364084764.dem,P06557,2,Star Fragger
003232112247727718515_1364084764.dem,P06487,3,Budget Headshotter
003232112247727718515_1364084764.dem,P03040,1,Heavy-Weapon Anchor
003232122987293442339_2066208909.dem,P08070,3,Budget Headshotter
003232122987293442339_2066208909.dem,P04290,3,Budget Headshotter
003232122987293442339_2066208909.dem,P02870,0,Utility Support
003232122987293442339_2066208909.dem,P09049,0,Utility Support
003232122987293442339_2066208909.dem,P05903,2,Star Fragger
003232122987293442339_2066208909.dem,P03922,0,Utility Support
003232122987293442339_2066208909.dem,P07025,2,Star Fragger
003232122987293442339_2066208909.dem,P10485,0,Utility Support
003232122987293442339_2066208909.dem,P09846,1,Heavy-Weapon Anchor
003232122987293442339_2066208909.dem,P04912,3,Budget Headshotter
003232126287975809045_1859468873.dem,P07878,0,Utility Support
003232126287975809045_1859468873.dem,P01308,1,Heavy-Weapon Anchor
003232126287975809045_1859468873.dem,P07745,1,Heavy-Weapon Anchor
003232126287975809045_1859468873.dem,P09726,3,Budget Headshotter
003232126287975809045_1859468873.dem,P02985,2,Star Fragger
003232126287975809045_1859468873.dem,P00724,1,Heavy-Weapon Anchor
003232126287975809045_1859468873.dem,P00871,1,Heavy-Weapon Anchor
003232126287975809045_1859468873.dem,P05262,1,Heavy-Weapon Anchor
003232126287975809045_1859468873.dem,P07388,1,Heavy-Weapon Anchor
003232126287975809045_1859468873.dem,P09132,3,Budget Headshotter
003232126990202962145_1707143649.dem,P09120,2,Star Fragger
003232126990202962145_1707143649.dem,P03190,0,Utility Support
003232126990202962145_1707143649.dem,P08188,2,Star Fragger
003232126990202962145_1707143649.dem,P04287,3,Budget Headshotter
003232126990202962145_1707143649.dem,P10244,3,Budget Headshotter
003232126990202962145_1707143649.dem,P01575,1,Heavy-Weapon Anchor
003232126990202962145_1707143649.dem,P00795,2,Star Fragger
003232126990202962145_1707143649.dem,P02745,1,Heavy-Weapon Anchor
003232126990202962145_1707143649.dem,P03180,0,Utility Support
003232126990202962145_1707143649.dem,P10334,1,Heavy-Weapon Anchor
003232130357457321995_1718483651.dem,P09393,2,Star Fragger
003232130357457321995_1718483651.dem,P07841,2,Star Fragger
003232130357457321995_1718483651.dem,P07132,3,Budget Headshotter
003232130357457321995_1718483651.dem,P06543,0,Utility Support
003232130357457321995_1718483651.dem,P00210,3,Budget Headshotter
003232130357457321995_1718483651.dem,P05474,3,Budget Headshotter
003232130357457321995_1718483651.dem,P00977,0,Utility Support
003232130357457321995_1718483651.dem,P09763,2,Star Fragger
003232130357457321995_1718483651.dem,P00512,0,Utility Support
003232130357457321995_1718483651.dem,P08407,3,Budget Headshotter
003232135923734937874_0525182819.dem,P10315,2,Star Fragger
003232135923734937874_0525182819.dem,P08385,1,Heavy-Weapon Anchor
003232135923734937874_0525182819.dem,P02044,0,Utility Support
003232135923734937874_0525182819.dem,P01995,0,Utility Support
003232135923734937874_0525182819.dem,P01312,3,Budget Headshotter
003232135923734937874_0525182819.dem,P07109,3,Budget Headshotter
003232135923734937874_0525182819.dem,P08049,2,Star Fragger
003232135923734937874_0525182819.dem,P03602,0,Utility Support
003232135923734937874_0525182819.dem,P03474,3,Budget Headshotter
003232135923734937874_0525182819.dem,P08766,1,Heavy-Weapon Anchor
003232161985596489840_0440671179.dem,P02099,3,Budget Headshotter
003232161985596489840_0440671179.dem,P04993,0,Utility Support
003232161985596489840_0440671179.dem,P00966,1,Heavy-Weapon Anchor
003232161985596489840_0440671179.dem,P00109,1,Heavy-Weapon Anchor
003232161985596489840_0440671179.dem,P10208,0,Utility Support
003232161985596489840_0440671179.dem,P10162,2,Star Fragger
003232161985596489840_0440671179.dem,P07052,1,Heavy-Weapon Anchor
003232161985596489840_0440671179.dem,P09576,1,Heavy-Weapon Anchor
003232161985596489840_0440671179.dem,P03845,1,Heavy-Weapon Anchor
003232161985596489840_0440671179.dem,P08099,3,Budget Headshotter
003232162322751422510_1691450105.dem,P06065,3,Budget Headshotter
003232162322751422510_1691450105.dem,P02456,1,Heavy-Weapon Anchor
003232162322751422510_1691450105.dem,P03440,0,Utility Support
003232162322751422510_1691450105.dem,P06636,0,Utility Support
003232162322751422510_1691450105.dem,P09276,1,Heavy-Weapon Anchor
003232162322751422510_1691450105.dem,P02553,2,Star Fragger
003232162322751422510_1691450105.dem,P01180,0,Utility Support
003232162322751422510_1691450105.dem,P07243,1,Heavy-Weapon Anchor
003232162322751422510_1691450105.dem,P07042,1,Heavy-Weapon Anchor
003232162322751422510_1691450105.dem,P09246,1,Heavy-Weapon Anchor
003232163533932200064_1834330498.dem,P04496,0,Utility Support
003232163533932200064_1834330498.dem,P06410,0,Utility Support
003232163533932200064_1834330498.dem,P05248,0,Utility Support
003232163533932200064_1834330498.dem,P06799,0,Utility Support
003232163533932200064_1834330498.dem,P05987,2,Star Fragger
003232163533932200064_1834330498.dem,P03242,1,Heavy-Weapon Anchor
003232163533932200064_1834330498.dem,P04566,0,Utility Support
003232163533932200064_1834330498.dem,P03545,0,Utility Support
003232163533932200064_1834330498.dem,P05683,0,Utility Support
003232163533932200064_1834330498.dem,P01390,0,Utility Support
003232165810264866939_0132312718.dem,P08380,1,Heavy-Weapon Anchor
003232165810264866939_0132312718.dem,P04574,1,Heavy-Weapon Anchor
003232165810264866939_0132312718.dem,P07168,2,Star Fragger
003232165810264866939_0132312718.dem,P01614,0,Utility Support
003232165810264866939_0132312718.dem,P06502,2,Star Fragger
003232165810264866939_0132312718.dem,P06667,0,Utility Support
003232165810264866939_0132312718.dem,P04377,3,Budget Headshotter
003232165810264866939_0132312718.dem,P09381,0,Utility Support
003232165810264866939_0132312718.dem,P09484,2,Star Fragger
003232165810264866939_0132312718.dem,P10242,1,Heavy-Weapon Anchor
003232167249078911077_2073030078.dem,P01963,2,Star Fragger
003232167249078911077_2073030078.dem,P04188,1,Heavy-Weapon Anchor
003232167249078911077_2073030078.dem,P02348,1,Heavy-Weapon Anchor
003232167249078911077_2073030078.dem,P08620,3,Budget Headshotter
003232167249078911077_2073030078.dem,P07240,1,Heavy-Weapon Anchor
003232167249078911077_2073030078.dem,P02833,3,Budget Headshotter
003232167249078911077_2073030078.dem,P01184,2,Star Fragger
003232167249078911077_2073030078.dem,P09736,1,Heavy-Weapon Anchor
003232167249078911077_2073030078.dem,P00619,3,Budget Headshotter
003232167249078911077_2073030078.dem,P03899,1,Heavy-Weapon Anchor
003232169093767364620_0882235897.dem,P04993,3,Budget Headshotter
003232169093767364620_0882235897.dem,P00109,1,Heavy-Weapon Anchor
003232169093767364620_0882235897.dem,P03128,2,Star Fragger
003232169093767364620_0882235897.dem,P02323,3,Budget Headshotter
003232169093767364620_0882235897.dem,P05443,1,Heavy-Weapon Anchor
003232169093767364620_0882235897.dem,P02505,2,Star Fragger
003232169093767364620_0882235897.dem,P08790,2,Star Fragger
003232169093767364620_0882235897.dem,P07459,1,Heavy-Weapon Anchor
003232169093767364620_0882235897.dem,P03845,1,Heavy-Weapon Anchor
003232169093767364620_0882235897.dem,P02621,3,Budget Headshotter
003232173300687831122_1153319980.dem,P08146,1,Heavy-Weapon Anchor
003232173300687831122_1153319980.dem,P03864,0,Utility Support
003232173300687831122_1153319980.dem,P08536,1,Heavy-Weapon Anchor
003232173300687831122_1153319980.dem,P10280,2,Star Fragger
003232173300687831122_1153319980.dem,P06510,3,Budget Headshotter
003232173300687831122_1153319980.dem,P06506,3,Budget Headshotter
003232173300687831122_1153319980.dem,P08124,3,Budget Headshotter
003232173300687831122_1153319980.dem,P08317,2,Star Fragger
003232173300687831122_1153319980.dem,P10105,2,Star Fragger
003232173300687831122_1153319980.dem,P08780,2,Star Fragger
003232174700847169551_1343051935.dem,P04993,0,Utility Support
003232174700847169551_1343051935.dem,P00109,1,Heavy-Weapon Anchor
003232174700847169551_1343051935.dem,P08975,2,Star Fragger
003232174700847169551_1343051935.dem,P10029,1,Heavy-Weapon Anchor
003232174700847169551_1343051935.dem,P06884,3,Budget Headshotter
003232174700847169551_1343051935.dem,P02070,1,Heavy-Weapon Anchor
003232174700847169551_1343051935.dem,P04234,1,Heavy-Weapon Anchor
003232174700847169551_1343051935.dem,P02505,2,Star Fragger
003232174700847169551_1343051935.dem,P07459,1,Heavy-Weapon Anchor
003232174700847169551_1343051935.dem,P03845,1,Heavy-Weapon Anchor
003232176661499740204_1454471846.dem,P10852,1,Heavy-Weapon Anchor
003232176661499740204_1454471846.dem,P06059,0,Utility Support
003232176661499740204_1454471846.dem,P04580,1,Heavy-Weapon Anchor
003232176661499740204_1454471846.dem,P02907,0,Utility Support
003232176661499740204_1454471846.dem,P02898,0,Utility Support
003232176661499740204_1454471846.dem,P06060,2,Star Fragger
003232176661499740204_1454471846.dem,P09613,3,Budget Headshotter
003232176661499740204_1454471846.dem,P07592,1,Heavy-Weapon Anchor
003232176661499740204_1454471846.dem,P01767,1,Heavy-Weapon Anchor
003232176661499740204_1454471846.dem,P04329,1,Heavy-Weapon Anchor
003232182678748921935_2140854057.dem,P06862,3,Budget Headshotter
003232182678748921935_2140854057.dem,P08215,2,Star Fragger
003232182678748921935_2140854057.dem,P03104,3,Budget Headshotter
003232182678748921935_2140854057.dem,P06059,0,Utility Support
003232182678748921935_2140854057.dem,P08951,3,Budget Headshotter
003232182678748921935_2140854057.dem,P06552,0,Utility Support
003232182678748921935_2140854057.dem,P06719,3,Budget Headshotter
003232182678748921935_2140854057.dem,P02907,2,Star Fragger
003232182678748921935_2140854057.dem,P06060,3,Budget Headshotter
003232182678748921935_2140854057.dem,P07402,1,Heavy-Weapon Anchor
003232183144752873626_1359100990.dem,P00200,2,Star Fragger
003232183144752873626_1359100990.dem,P09710,1,Heavy-Weapon Anchor
003232183144752873626_1359100990.dem,P04993,2,Star Fragger
003232183144752873626_1359100990.dem,P09455,3,Budget Headshotter
003232183144752873626_1359100990.dem,P05869,0,Utility Support
003232183144752873626_1359100990.dem,P10385,3,Budget Headshotter
003232183144752873626_1359100990.dem,P03470,0,Utility Support
003232183144752873626_1359100990.dem,P02592,0,Utility Support
003232183144752873626_1359100990.dem,P04687,2,Star Fragger
003232187212086902795_0139152348.dem,P04230,2,Star Fragger
003232187212086902795_0139152348.dem,P09056,2,Star Fragger
003232187212086902795_0139152348.dem,P01807,3,Budget Headshotter
003232187212086902795_0139152348.dem,P05512,3,Budget Headshotter
003232187212086902795_0139152348.dem,P08433,0,Utility Support
003232187212086902795_0139152348.dem,P06343,3,Budget Headshotter
003232187212086902795_0139152348.dem,P00920,0,Utility Support
003232187212086902795_0139152348.dem,P04660,3,Budget Headshotter
003232187212086902795_0139152348.dem,P00392,2,Star Fragger
003232187212086902795_0139152348.dem,P03637,2,Star Fragger
003232258927303327901_2125533550.dem,P04294,2,Star Fragger
003232258927303327901_2125533550.dem,P04039,0,Utility Support
003232258927303327901_2125533550.dem,P08661,1,Heavy-Weapon Anchor
003232258927303327901_2125533550.dem,P02538,1,Heavy-Weapon Anchor
003232258927303327901_2125533550.dem,P10226,1,Heavy-Weapon Anchor
003232258927303327901_2125533550.dem,P08772,0,Utility Support
003232258927303327901_2125533550.dem,P09087,0,Utility Support
003232258927303327901_2125533550.dem,P01127,0,Utility Support
003232258927303327901_2125533550.dem,P05255,1,Heavy-Weapon Anchor
003232258927303327901_2125533550.dem,P06670,0,Utility Support
003232268262414745662_1594640550.dem,P03190,2,Star Fragger
003232268262414745662_1594640550.dem,P06102,3,Budget Headshotter
003232268262414745662_1594640550.dem,P09428,1,Heavy-Weapon Anchor
003232268262414745662_1594640550.dem,P06965,3,Budget Headshotter
003232268262414745662_1594640550.dem,P08405,2,Star Fragger
003232268262414745662_1594640550.dem,P10644,3,Budget Headshotter
003232268262414745662_1594640550.dem,P07079,1,Heavy-Weapon Anchor
003232268262414745662_1594640550.dem,P08191,0,Utility Support
003232268262414745662_1594640550.dem,P08459,3,Budget Headshotter
003232268262414745662_1594640550.dem,P10193,0,Utility Support
003232270671891398669_0572646777.dem,P03962,0,Utility Support
003232270671891398669_0572646777.dem,P08296,1,Heavy-Weapon Anchor
003232270671891398669_0572646777.dem,P10394,3,Budget Headshotter
003232270671891398669_0572646777.dem,P02246,3,Budget Headshotter
003232270671891398669_0572646777.dem,P02413,2,Star Fragger
003232270671891398669_0572646777.dem,P04429,0,Utility Support
003232270671891398669_0572646777.dem,P02393,3,Budget Headshotter
003232270671891398669_0572646777.dem,P03940,0,Utility Support
003232270671891398669_0572646777.dem,P02822,3,Budget Headshotter
003232270671891398669_0572646777.dem,P04814,2,Star Fragger
003232271548064727334_1531439401.dem,P01286,0,Utility Support
003232271548064727334_1531439401.dem,P01486,1,Heavy-Weapon Anchor
003232271548064727334_1531439401.dem,P08627,2,Star Fragger
003232271548064727334_1531439401.dem,P09032,1,Heavy-Weapon Anchor
003232271548064727334_1531439401.dem,P06235,1,Heavy-Weapon Anchor
003232271548064727334_1531439401.dem,P05525,0,Utility Support
003232271548064727334_1531439401.dem,P08132,1,Heavy-Weapon Anchor
003232271548064727334_1531439401.dem,P09231,1,Heavy-Weapon Anchor
003232271548064727334_1531439401.dem,P06643,3,Budget Headshotter
003232271548064727334_1531439401.dem,P02867,2,Star Fragger
003232278454372139416_1434598840.dem,P05521,3,Budget Headshotter
003232278454372139416_1434598840.dem,P09838,0,Utility Support
003232278454372139416_1434598840.dem,P08787,2,Star Fragger
003232278454372139416_1434598840.dem,P05381,3,Budget Headshotter
003232278454372139416_1434598840.dem,P10819,0,Utility Support
003232278454372139416_1434598840.dem,P08140,3,Budget Headshotter
003232278454372139416_1434598840.dem,P03052,3,Budget Headshotter
003232278454372139416_1434598840.dem,P06144,0,Utility Support
003232278454372139416_1434598840.dem,P10497,1,Heavy-Weapon Anchor
003232278454372139416_1434598840.dem,P10668,0,Utility Support
003232279124387037452_1348055404.dem,P02676,3,Budget Headshotter
003232279124387037452_1348055404.dem,P06495,0,Utility Support
003232279124387037452_1348055404.dem,P06997,3,Budget Headshotter
003232279124387037452_1348055404.dem,P04942,1,Heavy-Weapon Anchor
003232279124387037452_1348055404.dem,P02562,2,Star Fragger
003232279124387037452_1348055404.dem,P00595,1,Heavy-Weapon Anchor
003232279124387037452_1348055404.dem,P06919,1,Heavy-Weapon Anchor
003232279124387037452_1348055404.dem,P04119,2,Star Fragger
003232279124387037452_1348055404.dem,P04514,1,Heavy-Weapon Anchor
003232279124387037452_1348055404.dem,P07383,3,Budget Headshotter
003232281110809411973_1396827383.dem,P03579,1,Heavy-Weapon Anchor
003232281110809411973_1396827383.dem,P07765,2,Star Fragger
003232281110809411973_1396827383.dem,P01375,1,Heavy-Weapon Anchor
003232281110809411973_1396827383.dem,P10085,1,Heavy-Weapon Anchor
003232281110809411973_1396827383.dem,P04806,3,Budget Headshotter
003232281110809411973_1396827383.dem,P08037,1,Heavy-Weapon Anchor
003232281110809411973_1396827383.dem,P05170,2,Star Fragger
003232281110809411973_1396827383.dem,P02679,3,Budget Headshotter
003232281110809411973_1396827383.dem,P03586,1,Heavy-Weapon Anchor
003232281110809411973_1396827383.dem,P04767,3,Budget Headshotter
003232282787994141117_2136509817.dem,P03190,0,Utility Support
003232282787994141117_2136509817.dem,P01911,0,Utility Support
003232282787994141117_2136509817.dem,P03885,2,Star Fragger
003232282787994141117_2136509817.dem,P04788,0,Utility Support
003232282787994141117_2136509817.dem,P04985,1,Heavy-Weapon Anchor
003232282787994141117_2136509817.dem,P07294,1,Heavy-Weapon Anchor
003232282787994141117_2136509817.dem,P06303,0,Utility Support
003232282787994141117_2136509817.dem,P07817,3,Budget Headshotter
003232282787994141117_2136509817.dem,P01840,2,Star Fragger
003232282787994141117_2136509817.dem,P10193,3,Budget Headshotter
003232285888960528478_1105612134.dem,P07846,3,Budget Headshotter
003232285888960528478_1105612134.dem,P07031,2,Star Fragger
003232285888960528478_1105612134.dem,P00137,1,Heavy-Weapon Anchor
003232285888960528478_1105612134.dem,P00974,3,Budget Headshotter
003232285888960528478_1105612134.dem,P02665,1,Heavy-Weapon Anchor
003232285888960528478_1105612134.dem,P05507,3,Budget Headshotter
003232285888960528478_1105612134.dem,P01281,1,Heavy-Weapon Anchor
003232285888960528478_1105612134.dem,P10325,2,Star Fragger
003232285888960528478_1105612134.dem,P01061,0,Utility Support
003232285888960528478_1105612134.dem,P05450,3,Budget Headshotter
003232286891835392244_0285639759.dem,P00200,1,Heavy-Weapon Anchor
003232286891835392244_0285639759.dem,P06480,3,Budget Headshotter
003232286891835392244_0285639759.dem,P04993,3,Budget Headshotter
003232286891835392244_0285639759.dem,P04066,3,Budget Headshotter
003232286891835392244_0285639759.dem,P03400,2,Star Fragger
003232286891835392244_0285639759.dem,P05654,3,Budget Headshotter
003232286891835392244_0285639759.dem,P05084,2,Star Fragger
003232286891835392244_0285639759.dem,P08492,1,Heavy-Weapon Anchor
003232286891835392244_0285639759.dem,P07565,0,Utility Support
003232286891835392244_0285639759.dem,P02472,0,Utility Support
003232288165293195435_1948376744.dem,P09410,2,Star Fragger
003232288165293195435_1948376744.dem,P00621,3,Budget Headshotter
003232288165293195435_1948376744.dem,P03190,2,Star Fragger
003232288165293195435_1948376744.dem,P01255,3,Budget Headshotter
003232288165293195435_1948376744.dem,P04655,0,Utility Support
003232288165293195435_1948376744.dem,P07849,1,Heavy-Weapon Anchor
003232288165293195435_1948376744.dem,P06428,0,Utility Support
003232288165293195435_1948376744.dem,P08900,3,Budget Headshotter
003232288165293195435_1948376744.dem,P10193,3,Budget Headshotter
003232288165293195435_1948376744.dem,P05025,1,Heavy-Weapon Anchor
003232288856782930201_1899751973.dem,P03778,0,Utility Support
003232288856782930201_1899751973.dem,P10199,0,Utility Support
003232288856782930201_1899751973.dem,P08537,3,Budget Headshotter
003232288856782930201_1899751973.dem,P00322,1,Heavy-Weapon Anchor
003232288856782930201_1899751973.dem,P08980,2,Star Fragger
003232288856782930201_1899751973.dem,P08751,3,Budget Headshotter
003232288856782930201_1899751973.dem,P00647,1,Heavy-Weapon Anchor
003232288856782930201_1899751973.dem,P01456,3,Budget Headshotter
003232288856782930201_1899751973.dem,P08670,2,Star Fragger
003232288856782930201_1899751973.dem,P03813,1,Heavy-Weapon Anchor
003232291502482784629_1592822762.dem,P07864,0,Utility Support
003232291502482784629_1592822762.dem,P09454,2,Star Fragger
003232291502482784629_1592822762.dem,P02663,3,Budget Headshotter
003232291502482784629_1592822762.dem,P02831,0,Utility Support
003232291502482784629_1592822762.dem,P08942,3,Budget Headshotter
003232291502482784629_1592822762.dem,P06374,2,Star Fragger
003232291502482784629_1592822762.dem,P08986,3,Budget Headshotter
003232291502482784629_1592822762.dem,P00163,1,Heavy-Weapon Anchor
003232291502482784629_1592822762.dem,P01174,0,Utility Support
003232291502482784629_1592822762.dem,P05982,2,Star Fragger
003232293147455258802_0814030236.dem,P04993,0,Utility Support
003232293147455258802_0814030236.dem,P06079,1,Heavy-Weapon Anchor
003232293147455258802_0814030236.dem,P08164,1,Heavy-Weapon Anchor
003232293147455258802_0814030236.dem,P00966,3,Budget Headshotter
003232293147455258802_0814030236.dem,P03915,0,Utility Support
003232293147455258802_0814030236.dem,P04066,2,Star Fragger
003232293147455258802_0814030236.dem,P10168,2,Star Fragger
003232293147455258802_0814030236.dem,P02013,2,Star Fragger
003232293147455258802_0814030236.dem,P04569,2,Star Fragger
003232293147455258802_0814030236.dem,P07565,0,Utility Support
003232295745910473052_2132911290.dem,P02269,0,Utility Support
003232295745910473052_2132911290.dem,P03190,0,Utility Support
003232295745910473052_2132911290.dem,P08201,2,Star Fragger
003232295745910473052_2132911290.dem,P05494,2,Star Fragger
003232295745910473052_2132911290.dem,P00790,3,Budget Headshotter
003232295745910473052_2132911290.dem,P02476,3,Budget Headshotter
003232295745910473052_2132911290.dem,P10193,1,Heavy-Weapon Anchor
003232295745910473052_2132911290.dem,P04996,1,Heavy-Weapon Anchor
003232295745910473052_2132911290.dem,P09317,3,Budget Headshotter
003232295745910473052_2132911290.dem,P01654,0,Utility Support
003232297728037880090_0526177207.dem,P02427,1,Heavy-Weapon Anchor
003232297728037880090_0526177207.dem,P10914,1,Heavy-Weapon Anchor
003232297728037880090_0526177207.dem,P05183,1,Heavy-Weapon Anchor
003232297728037880090_0526177207.dem,P04723,3,Budget Headshotter
003232297728037880090_0526177207.dem,P06062,0,Utility Support
003232297728037880090_0526177207.dem,P02727,3,Budget Headshotter
003232297728037880090_0526177207.dem,P00755,1,Heavy-Weapon Anchor
003232297728037880090_0526177207.dem,P02845,2,Star Fragger
003232297728037880090_0526177207.dem,P00763,2,Star Fragger
003232297728037880090_0526177207.dem,P08346,3,Budget Headshotter
003232298917743820860_1368855421.dem,P04993,3,Budget Headshotter
003232298917743820860_1368855421.dem,P00966,1,Heavy-Weapon Anchor
003232298917743820860_1368855421.dem,P02519,0,Utility Support
003232298917743820860_1368855421.dem,P04066,2,Star Fragger
003232298917743820860_1368855421.dem,P02656,0,Utility Support
003232298917743820860_1368855421.dem,P04531,3,Budget Headshotter
003232298917743820860_1368855421.dem,P04569,0,Utility Support
003232298917743820860_1368855421.dem,P04583,1,Heavy-Weapon Anchor
003232298917743820860_1368855421.dem,P03758,2,Star Fragger
003232298917743820860_1368855421.dem,P02025,0,Utility Support
003232299491121954821_0275176129.dem,P08017,2,Star Fragger
003232299491121954821_0275176129.dem,P09816,0,Utility Support
003232299491121954821_0275176129.dem,P10213,0,Utility Support
003232299491121954821_0275176129.dem,P00121,1,Heavy-Weapon Anchor
003232299491121954821_0275176129.dem,P01607,1,Heavy-Weapon Anchor
003232299491121954821_0275176129.dem,P02882,3,Budget Headshotter
003232299491121954821_0275176129.dem,P07952,0,Utility Support
003232299491121954821_0275176129.dem,P08262,0,Utility Support
003232299491121954821_0275176129.dem,P04386,3,Budget Headshotter
003232299491121954821_0275176129.dem,P06459,0,Utility Support
003232305499781202310_1290940739.dem,P04218,0,Utility Support
003232305499781202310_1290940739.dem,P07566,2,Star Fragger
003232305499781202310_1290940739.dem,P07636,0,Utility Support
003232305499781202310_1290940739.dem,P01519,1,Heavy-Weapon Anchor
003232305499781202310_1290940739.dem,P07967,1,Heavy-Weapon Anchor
003232305499781202310_1290940739.dem,P05720,0,Utility Support
003232305499781202310_1290940739.dem,P02345,2,Star Fragger
003232305499781202310_1290940739.dem,P02297,1,Heavy-Weapon Anchor
003232305499781202310_1290940739.dem,P02324,1,Heavy-Weapon Anchor
003232305499781202310_1290940739.dem,P09730,1,Heavy-Weapon Anchor
003232311648026886274_1851838949.dem,P07846,2,Star Fragger
003232311648026886274_1851838949.dem,P00401,1,Heavy-Weapon Anchor
003232311648026886274_1851838949.dem,P03322,1,Heavy-Weapon Anchor
003232311648026886274_1851838949.dem,P08714,3,Budget Headshotter
003232311648026886274_1851838949.dem,P09007,2,Star Fragger
003232311648026886274_1851838949.dem,P06431,3,Budget Headshotter
003232311648026886274_1851838949.dem,P05347,0,Utility Support
003232311648026886274_1851838949.dem,P02027,0,Utility Support
003232311648026886274_1851838949.dem,P08877,3,Budget Headshotter
003232311648026886274_1851838949.dem,P10475,2,Star Fragger
003232311972296917161_0581785717.dem,P00277,0,Utility Support
003232311972296917161_0581785717.dem,P03477,3,Budget Headshotter
003232311972296917161_0581785717.dem,P10256,0,Utility Support
003232311972296917161_0581785717.dem,P05720,3,Budget Headshotter
003232311972296917161_0581785717.dem,P01585,1,Heavy-Weapon Anchor
003232311972296917161_0581785717.dem,P03174,1,Heavy-Weapon Anchor
003232311972296917161_0581785717.dem,P07991,0,Utility Support
003232311972296917161_0581785717.dem,P02707,1,Heavy-Weapon Anchor
003232311972296917161_0581785717.dem,P00891,2,Star Fragger
003232311972296917161_0581785717.dem,P10847,1,Heavy-Weapon Anchor
003232312597214658742_1990142877.dem,P05416,2,Star Fragger
003232312597214658742_1990142877.dem,P01658,1,Heavy-Weapon Anchor
003232312597214658742_1990142877.dem,P08533,3,Budget Headshotter
003232312597214658742_1990142877.dem,P07909,1,Heavy-Weapon Anchor
003232312597214658742_1990142877.dem,P10122,3,Budget Headshotter
003232312597214658742_1990142877.dem,P10947,1,Heavy-Weapon Anchor
003232312597214658742_1990142877.dem,P01236,1,Heavy-Weapon Anchor
003232312597214658742_1990142877.dem,P00452,0,Utility Support
003232312597214658742_1990142877.dem,P06075,2,Star Fragger
003232312597214658742_1990142877.dem,P06239,0,Utility Support
003232313342391484418_1752886893.dem,P05828,3,Budget Headshotter
003232313342391484418_1752886893.dem,P02819,2,Star Fragger
003232313342391484418_1752886893.dem,P01159,0,Utility Support
003232313342391484418_1752886893.dem,P01429,0,Utility Support
003232313342391484418_1752886893.dem,P06992,3,Budget Headshotter
003232313342391484418_1752886893.dem,P04193,3,Budget Headshotter
003232313342391484418_1752886893.dem,P00756,3,Budget Headshotter
003232313342391484418_1752886893.dem,P00657,2,Star Fragger
003232313342391484418_1752886893.dem,P06584,1,Heavy-Weapon Anchor
003232313342391484418_1752886893.dem,P03848,2,Star Fragger
003232314244334616788_1235448561.dem,P00866,1,Heavy-Weapon Anchor
003232314244334616788_1235448561.dem,P10044,0,Utility Support
003232314244334616788_1235448561.dem,P03190,0,Utility Support
003232314244334616788_1235448561.dem,P03740,0,Utility Support
003232314244334616788_1235448561.dem,P00524,2,Star Fragger
003232314244334616788_1235448561.dem,P10686,0,Utility Support
003232314244334616788_1235448561.dem,P06737,2,Star Fragger
003232314244334616788_1235448561.dem,P08821,0,Utility Support
003232314244334616788_1235448561.dem,P01514,3,Budget Headshotter
003232314244334616788_1235448561.dem,P10193,3,Budget Headshotter
003232317525689630884_0915551483.dem,P01658,3,Budget Headshotter
003232317525689630884_0915551483.dem,P05236,3,Budget Headshotter
003232317525689630884_0915551483.dem,P07507,0,Utility Support
003232317525689630884_0915551483.dem,P01705,0,Utility Support
003232317525689630884_0915551483.dem,P09619,1,Heavy-Weapon Anchor
003232317525689630884_0915551483.dem,P03998,2,Star Fragger
003232317525689630884_0915551483.dem,P08946,0,Utility Support
003232317525689630884_0915551483.dem,P09494,1,Heavy-Weapon Anchor
003232317525689630884_0915551483.dem,P06239,0,Utility Support
003232317525689630884_0915551483.dem,P06107,0,Utility Support
003232319378968018963_0177564829.dem,P10678,1,Heavy-Weapon Anchor
003232319378968018963_0177564829.dem,P09101,0,Utility Support
003232319378968018963_0177564829.dem,P02221,0,Utility Support
003232319378968018963_0177564829.dem,P04440,3,Budget Headshotter
003232319378968018963_0177564829.dem,P06064,3,Budget Headshotter
003232319378968018963_0177564829.dem,P00550,0,Utility Support
003232319378968018963_0177564829.dem,P04852,2,Star Fragger
003232319378968018963_0177564829.dem,P05720,0,Utility Support
003232319378968018963_0177564829.dem,P08098,1,Heavy-Weapon Anchor
003232319378968018963_0177564829.dem,P06500,0,Utility Support
003232321449142255673_0260854648.dem,P04993,1,Heavy-Weapon Anchor
003232321449142255673_0260854648.dem,P09531,0,Utility Support
003232321449142255673_0260854648.dem,P04413,2,Star Fragger
003232321449142255673_0260854648.dem,P02161,3,Budget Headshotter
003232321449142255673_0260854648.dem,P02337,0,Utility Support
003232321449142255673_0260854648.dem,P06546,0,Utility Support
003232321449142255673_0260854648.dem,P09808,3,Budget Headshotter
003232321449142255673_0260854648.dem,P04445,3,Budget Headshotter
003232321449142255673_0260854648.dem,P10587,1,Heavy-Weapon Anchor
003232321449142255673_0260854648.dem,P01482,1,Heavy-Weapon Anchor
003232321925883625613_2079973451.dem,P03190,2,Star Fragger
003232321925883625613_2079973451.dem,P06660,1,Heavy-Weapon Anchor
003232321925883625613_2079973451.dem,P07218,0,Utility Support
003232321925883625613_2079973451.dem,P08964,0,Utility Support
003232321925883625613_2079973451.dem,P04976,0,Utility Support
003232321925883625613_2079973451.dem,P03643,3,Budget Headshotter
003232321925883625613_2079973451.dem,P09312,3,Budget Headshotter
003232321925883625613_2079973451.dem,P02838,3,Budget Headshotter
003232321925883625613_2079973451.dem,P01514,0,Utility Support
003232321925883625613_2079973451.dem,P10193,2,Star Fragger
003232324895853510866_0079553496.dem,P00577,3,Budget Headshotter
003232324895853510866_0079553496.dem,P02954,1,Heavy-Weapon Anchor
003232324895853510866_0079553496.dem,P10649,2,Star Fragger
003232324895853510866_0079553496.dem,P06474,1,Heavy-Weapon Anchor
003232324895853510866_0079553496.dem,P08785,3,Budget Headshotter
003232324895853510866_0079553496.dem,P00431,1,Heavy-Weapon Anchor
003232324895853510866_0079553496.dem,P09160,3,Budget Headshotter
003232324895853510866_0079553496.dem,P03785,3,Budget Headshotter
003232324895853510866_0079553496.dem,P02972,1,Heavy-Weapon Anchor
003232324895853510866_0079553496.dem,P04123,1,Heavy-Weapon Anchor
003232327170038693891_1294221036.dem,P04000,0,Utility Support
003232327170038693891_1294221036.dem,P07307,3,Budget Headshotter
003232327170038693891_1294221036.dem,P00185,2,Star Fragger
003232327170038693891_1294221036.dem,P03705,3,Budget Headshotter
003232327170038693891_1294221036.dem,P08003,3,Budget Headshotter
003232327170038693891_1294221036.dem,P00333,1,Heavy-Weapon Anchor
003232327170038693891_1294221036.dem,P07201,1,Heavy-Weapon Anchor
003232327170038693891_1294221036.dem,P04007,1,Heavy-Weapon Anchor
003232327170038693891_1294221036.dem,P07681,0,Utility Support
003232327170038693891_1294221036.dem,P05586,0,Utility Support
003232327921657970833_0660091942.dem,P08465,0,Utility Support
003232327921657970833_0660091942.dem,P04993,3,Budget Headshotter
003232327921657970833_0660091942.dem,P07189,0,Utility Support
003232327921657970833_0660091942.dem,P07804,1,Heavy-Weapon Anchor
003232327921657970833_0660091942.dem,P07966,0,Utility Support
003232327921657970833_0660091942.dem,P10587,3,Budget Headshotter
003232327921657970833_0660091942.dem,P10186,1,Heavy-Weapon Anchor
003232327921657970833_0660091942.dem,P07459,1,Heavy-Weapon Anchor
003232327921657970833_0660091942.dem,P02686,3,Budget Headshotter
003232327921657970833_0660091942.dem,P01482,1,Heavy-Weapon Anchor
003232327971050094675_1798043791.dem,P03983,3,Budget Headshotter
003232327971050094675_1798043791.dem,P03190,0,Utility Support
003232327971050094675_1798043791.dem,P09945,3,Budget Headshotter
003232327971050094675_1798043791.dem,P00664,2,Star Fragger
003232327971050094675_1798043791.dem,P08708,2,Star Fragger
003232327971050094675_1798043791.dem,P06530,3,Budget Headshotter
003232327971050094675_1798043791.dem,P07570,3,Budget Headshotter
003232327971050094675_1798043791.dem,P01514,3,Budget Headshotter
003232327971050094675_1798043791.dem,P10282,1,Heavy-Weapon Anchor
003232327971050094675_1798043791.dem,P10193,1,Heavy-Weapon Anchor
003232328351154700429_0844287010.dem,P04258,1,Heavy-Weapon Anchor
003232328351154700429_0844287010.dem,P00641,0,Utility Support
003232328351154700429_0844287010.dem,P00178,2,Star Fragger
003232328351154700429_0844287010.dem,P08501,1,Heavy-Weapon Anchor
003232328351154700429_0844287010.dem,P00837,1,Heavy-Weapon Anchor
003232328351154700429_0844287010.dem,P07729,1,Heavy-Weapon Anchor
003232328351154700429_0844287010.dem,P10492,1,Heavy-Weapon Anchor
003232328351154700429_0844287010.dem,P09923,3,Budget Headshotter
003232328351154700429_0844287010.dem,P07182,3,Budget Headshotter
003232328351154700429_0844287010.dem,P02754,2,Star Fragger
003232328368334569518_0111741328.dem,P10584,1,Heavy-Weapon Anchor
003232328368334569518_0111741328.dem,P00048,0,Utility Support
003232328368334569518_0111741328.dem,P00612,0,Utility Support
003232328368334569518_0111741328.dem,P00602,1,Heavy-Weapon Anchor
003232328368334569518_0111741328.dem,P04782,3,Budget Headshotter
003232328368334569518_0111741328.dem,P07629,1,Heavy-Weapon Anchor
003232328368334569518_0111741328.dem,P10423,2,Star Fragger
003232328368334569518_0111741328.dem,P07904,1,Heavy-Weapon Anchor
003232328368334569518_0111741328.dem,P05720,0,Utility Support
003232328368334569518_0111741328.dem,P01416,1,Heavy-Weapon Anchor
003232332871607779566_0189618628.dem,P04410,1,Heavy-Weapon Anchor
003232332871607779566_0189618628.dem,P04993,0,Utility Support
003232332871607779566_0189618628.dem,P00966,1,Heavy-Weapon Anchor
003232332871607779566_0189618628.dem,P03211,2,Star Fragger
003232332871607779566_0189618628.dem,P00148,3,Budget Headshotter
003232332871607779566_0189618628.dem,P07804,1,Heavy-Weapon Anchor
003232332871607779566_0189618628.dem,P00694,3,Budget Headshotter
003232332871607779566_0189618628.dem,P00400,0,Utility Support
003232332871607779566_0189618628.dem,P07459,1,Heavy-Weapon Anchor
003232332871607779566_0189618628.dem,P01482,2,Star Fragger
003232338437885395078_1360335257.dem,P09048,3,Budget Headshotter
003232338437885395078_1360335257.dem,P04993,2,Star Fragger
003232338437885395078_1360335257.dem,P05897,3,Budget Headshotter
003232338437885395078_1360335257.dem,P00966,0,Utility Support
003232338437885395078_1360335257.dem,P10699,1,Heavy-Weapon Anchor
003232338437885395078_1360335257.dem,P07804,0,Utility Support
003232338437885395078_1360335257.dem,P04422,0,Utility Support
003232338437885395078_1360335257.dem,P05419,3,Budget Headshotter
003232338437885395078_1360335257.dem,P07459,3,Budget Headshotter
003232338437885395078_1360335257.dem,P01482,1,Heavy-Weapon Anchor
003232343720695169154_0517835193.dem,P06709,0,Utility Support
003232343720695169154_0517835193.dem,P04993,1,Heavy-Weapon Anchor
003232343720695169154_0517835193.dem,P00966,1,Heavy-Weapon Anchor
003232343720695169154_0517835193.dem,P07552,3,Budget Headshotter
003232343720695169154_0517835193.dem,P06134,3,Budget Headshotter
003232343720695169154_0517835193.dem,P07804,1,Heavy-Weapon Anchor
003232343720695169154_0517835193.dem,P00887,3,Budget Headshotter
003232343720695169154_0517835193.dem,P01035,1,Heavy-Weapon Anchor
003232343720695169154_0517835193.dem,P10587,3,Budget Headshotter
003232343720695169154_0517835193.dem,P01482,2,Star Fragger
003232348984177590341_1197349371.dem,P06709,0,Utility Support
003232348984177590341_1197349371.dem,P00200,1,Heavy-Weapon Anchor
003232348984177590341_1197349371.dem,P04993,3,Budget Headshotter
003232348984177590341_1197349371.dem,P00966,1,Heavy-Weapon Anchor
003232348984177590341_1197349371.dem,P10499,2,Star Fragger
003232348984177590341_1197349371.dem,P05107,1,Heavy-Weapon Anchor
003232348984177590341_1197349371.dem,P06024,0,Utility Support
003232348984177590341_1197349371.dem,P10587,3,Budget Headshotter
003232348984177590341_1197349371.dem,P01938,2,Star Fragger
003232348984177590341_1197349371.dem,P01482,1,Heavy-Weapon Anchor
003232356755920912520_0660245209.dem,P06594,3,Budget Headshotter
003232356755920912520_0660245209.dem,P04993,2,Star Fragger
003232356755920912520_0660245209.dem,P02500,1,Heavy-Weapon Anchor
003232356755920912520_0660245209.dem,P07296,3,Budget Headshotter
003232356755920912520_0660245209.dem,P08357,1,Heavy-Weapon Anchor
003232356755920912520_0660245209.dem,P09176,3,Budget Headshotter
003232356755920912520_0660245209.dem,P06513,2,Star Fragger
003232356755920912520_0660245209.dem,P04100,3,Budget Headshotter
003232356755920912520_0660245209.dem,P06211,0,Utility Support
003232356755920912520_0660245209.dem,P01482,2,Star Fragger
003232363232731594825_1284318906.dem,P04993,0,Utility Support
003232363232731594825_1284318906.dem,P03599,1,Heavy-Weapon Anchor
003232363232731594825_1284318906.dem,P10432,1,Heavy-Weapon Anchor
003232363232731594825_1284318906.dem,P08357,3,Budget Headshotter
003232363232731594825_1284318906.dem,P00691,1,Heavy-Weapon Anchor
003232363232731594825_1284318906.dem,P06513,2,Star Fragger
003232363232731594825_1284318906.dem,P06211,0,Utility Support
003232363232731594825_1284318906.dem,P00482,0,Utility Support
003232363232731594825_1284318906.dem,P00922,3,Budget Headshotter
003232363232731594825_1284318906.dem,P01482,1,Heavy-Weapon Anchor
003232374726064078863_1610070341.dem,P05619,0,Utility Support
003232374726064078863_1610070341.dem,P03842,1,Heavy-Weapon Anchor
003232374726064078863_1610070341.dem,P04579,1,Heavy-Weapon Anchor
003232374726064078863_1610070341.dem,P00239,1,Heavy-Weapon Anchor
003232374726064078863_1610070341.dem,P01111,0,Utility Support
003232374726064078863_1610070341.dem,P01527,0,Utility Support
003232374726064078863_1610070341.dem,P03611,3,Budget Headshotter
003232374726064078863_1610070341.dem,P03133,2,Star Fragger
003232374726064078863_1610070341.dem,P07709,3,Budget Headshotter
003232374726064078863_1610070341.dem,P04714,3,Budget Headshotter
003232397371279147045_0695944919.dem,P00445,0,Utility Support
003232397371279147045_0695944919.dem,P00720,3,Budget Headshotter
003232397371279147045_0695944919.dem,P06636,0,Utility Support
003232397371279147045_0695944919.dem,P02645,0,Utility Support
003232397371279147045_0695944919.dem,P05363,0,Utility Support
003232397371279147045_0695944919.dem,P02741,0,Utility Support
003232397371279147045_0695944919.dem,P02120,2,Star Fragger
003232397371279147045_0695944919.dem,P06871,1,Heavy-Weapon Anchor
003232397371279147045_0695944919.dem,P06525,1,Heavy-Weapon Anchor
003232397371279147045_0695944919.dem,P10131,3,Budget Headshotter
003232411568293544047_1239972072.dem,P07799,2,Star Fragger
003232411568293544047_1239972072.dem,P01148,0,Utility Support
003232411568293544047_1239972072.dem,P04901,3,Budget Headshotter
003232411568293544047_1239972072.dem,P07336,0,Utility Support
003232411568293544047_1239972072.dem,P04749,1,Heavy-Weapon Anchor
003232411568293544047_1239972072.dem,P00855,1,Heavy-Weapon Anchor
003232411568293544047_1239972072.dem,P05895,2,Star Fragger
003232411568293544047_1239972072.dem,P05865,3,Budget Headshotter
003232411568293544047_1239972072.dem,P03356,1,Heavy-Weapon Anchor
003232411568293544047_1239972072.dem,P09937,1,Heavy-Weapon Anchor
003232442086183665864_1556477514.dem,P05531,3,Budget Headshotter
003232442086183665864_1556477514.dem,P02478,3,Budget Headshotter
003232442086183665864_1556477514.dem,P02029,3,Budget Headshotter
003232442086183665864_1556477514.dem,P03124,3,Budget Headshotter
003232442086183665864_1556477514.dem,P06868,0,Utility Support
003232442086183665864_1556477514.dem,P10397,2,Star Fragger
003232442086183665864_1556477514.dem,P08840,1,Heavy-Weapon Anchor
003232442086183665864_1556477514.dem,P02470,2,Star Fragger
003232442086183665864_1556477514.dem,P03755,3,Budget Headshotter
003232448109875298649_0148591688.dem,P05531,3,Budget Headshotter
003232448109875298649_0148591688.dem,P02478,3,Budget Headshotter
003232448109875298649_0148591688.dem,P01492,1,Heavy-Weapon Anchor
003232448109875298649_0148591688.dem,P02029,0,Utility Support
003232448109875298649_0148591688.dem,P03124,3,Budget Headshotter
003232448109875298649_0148591688.dem,P06868,0,Utility Support
003232448109875298649_0148591688.dem,P09931,1,Heavy-Weapon Anchor
003232448109875298649_0148591688.dem,P06012,2,Star Fragger
003232448109875298649_0148591688.dem,P01424,0,Utility Support
003232448109875298649_0148591688.dem,P02057,3,Budget Headshotter
003232452449939750920_1663244976.dem,P01222,0,Utility Support
003232452449939750920_1663244976.dem,P04551,3,Budget Headshotter
003232452449939750920_1663244976.dem,P10936,3,Budget Headshotter
003232452449939750920_1663244976.dem,P10839,3,Budget Headshotter
003232452449939750920_1663244976.dem,P05037,2,Star Fragger
003232452449939750920_1663244976.dem,P03071,1,Heavy-Weapon Anchor
003232452449939750920_1663244976.dem,P02423,3,Budget Headshotter
003232452449939750920_1663244976.dem,P08787,2,Star Fragger
003232452449939750920_1663244976.dem,P10841,3,Budget Headshotter
003232452449939750920_1663244976.dem,P10061,1,Heavy-Weapon Anchor
003232453190821609758_1301052867.dem,P06374,0,Utility Support
003232453190821609758_1301052867.dem,P06105,0,Utility Support
003232453190821609758_1301052867.dem,P02249,1,Heavy-Weapon Anchor
003232453190821609758_1301052867.dem,P10630,2,Star Fragger
003232453190821609758_1301052867.dem,P07738,1,Heavy-Weapon Anchor
003232453190821609758_1301052867.dem,P09800,3,Budget Headshotter
003232453190821609758_1301052867.dem,P02097,1,Heavy-Weapon Anchor
003232453190821609758_1301052867.dem,P02668,2,Star Fragger
003232453190821609758_1301052867.dem,P00212,1,Heavy-Weapon Anchor
003232453190821609758_1301052867.dem,P07230,1,Heavy-Weapon Anchor
003232460945385062709_1709479263.dem,P03085,2,Star Fragger
003232460945385062709_1709479263.dem,P00802,0,Utility Support
003232460945385062709_1709479263.dem,P08979,1,Heavy-Weapon Anchor
003232460945385062709_1709479263.dem,P04233,1,Heavy-Weapon Anchor
003232460945385062709_1709479263.dem,P06363,3,Budget Headshotter
003232460945385062709_1709479263.dem,P01863,0,Utility Support
003232460945385062709_1709479263.dem,P01618,0,Utility Support
003232460945385062709_1709479263.dem,P03302,0,Utility Support
003232460945385062709_1709479263.dem,P08212,0,Utility Support
003232460945385062709_1709479263.dem,P09900,1,Heavy-Weapon Anchor
003232462122206101751_1440854554.dem,P05775,3,Budget Headshotter
003232462122206101751_1440854554.dem,P03714,0,Utility Support
003232462122206101751_1440854554.dem,P02237,1,Heavy-Weapon Anchor
003232462122206101751_1440854554.dem,P07014,3,Budget Headshotter
003232462122206101751_1440854554.dem,P06534,3,Budget Headshotter
003232462122206101751_1440854554.dem,P09791,3,Budget Headshotter
003232462122206101751_1440854554.dem,P04719,2,Star Fragger
003232462122206101751_1440854554.dem,P09201,1,Heavy-Weapon Anchor
003232463015559299225_2101055590.dem,P03190,2,Star Fragger
003232463015559299225_2101055590.dem,P10833,3,Budget Headshotter
003232463015559299225_2101055590.dem,P07391,3,Budget Headshotter
003232463015559299225_2101055590.dem,P03234,3,Budget Headshotter
003232463015559299225_2101055590.dem,P02262,1,Heavy-Weapon Anchor
003232463015559299225_2101055590.dem,P01141,1,Heavy-Weapon Anchor
003232463015559299225_2101055590.dem,P07652,2,Star Fragger
003232463015559299225_2101055590.dem,P10193,2,Star Fragger
003232463015559299225_2101055590.dem,P08928,2,Star Fragger
003232463015559299225_2101055590.dem,P09617,1,Heavy-Weapon Anchor
003232466138000523316_1990386183.dem,P02451,2,Star Fragger
003232466138000523316_1990386183.dem,P10467,2,Star Fragger
003232466138000523316_1990386183.dem,P00890,1,Heavy-Weapon Anchor
003232466138000523316_1990386183.dem,P00146,3,Budget Headshotter
003232466138000523316_1990386183.dem,P07625,2,Star Fragger
003232466138000523316_1990386183.dem,P00633,3,Budget Headshotter
003232466138000523316_1990386183.dem,P02854,1,Heavy-Weapon Anchor
003232466138000523316_1990386183.dem,P01379,3,Budget Headshotter
003232466138000523316_1990386183.dem,P04926,3,Budget Headshotter
003232466138000523316_1990386183.dem,P05188,2,Star Fragger
003232468936171716917_1493293213.dem,P06028,1,Heavy-Weapon Anchor
003232468936171716917_1493293213.dem,P01623,2,Star Fragger
003232468936171716917_1493293213.dem,P07080,3,Budget Headshotter
003232468936171716917_1493293213.dem,P00435,1,Heavy-Weapon Anchor
003232468936171716917_1493293213.dem,P01500,0,Utility Support
003232468936171716917_1493293213.dem,P03736,1,Heavy-Weapon Anchor
003232468936171716917_1493293213.dem,P05940,1,Heavy-Weapon Anchor
003232469436535406617_2136361078.dem,P04110,3,Budget Headshotter
003232469436535406617_2136361078.dem,P08002,1,Heavy-Weapon Anchor
003232469436535406617_2136361078.dem,P05149,3,Budget Headshotter
003232469436535406617_2136361078.dem,P03121,1,Heavy-Weapon Anchor
003232469436535406617_2136361078.dem,P09853,1,Heavy-Weapon Anchor
003232469436535406617_2136361078.dem,P05604,0,Utility Support
003232469436535406617_2136361078.dem,P10534,3,Budget Headshotter
003232469436535406617_2136361078.dem,P00434,0,Utility Support
003232469436535406617_2136361078.dem,P01630,2,Star Fragger
003232469436535406617_2136361078.dem,P05986,2,Star Fragger
003232469700675895399_0697124731.dem,P08046,2,Star Fragger
003232469700675895399_0697124731.dem,P07648,1,Heavy-Weapon Anchor
003232469700675895399_0697124731.dem,P04464,0,Utility Support
003232469700675895399_0697124731.dem,P03190,0,Utility Support
003232469700675895399_0697124731.dem,P06926,1,Heavy-Weapon Anchor
003232469700675895399_0697124731.dem,P04973,2,Star Fragger
003232469700675895399_0697124731.dem,P01141,0,Utility Support
003232469700675895399_0697124731.dem,P06892,0,Utility Support
003232469700675895399_0697124731.dem,P10193,0,Utility Support
003232469700675895399_0697124731.dem,P10060,3,Budget Headshotter
003232476755159679022_0452680132.dem,P10467,1,Heavy-Weapon Anchor
003232476755159679022_0452680132.dem,P08737,3,Budget Headshotter
003232476755159679022_0452680132.dem,P09328,2,Star Fragger
003232476755159679022_0452680132.dem,P05433,3,Budget Headshotter
003232476755159679022_0452680132.dem,P02309,1,Heavy-Weapon Anchor
003232476755159679022_0452680132.dem,P10500,2,Star Fragger
003232476755159679022_0452680132.dem,P10524,0,Utility Support
003232476755159679022_0452680132.dem,P00638,1,Heavy-Weapon Anchor
003232476755159679022_0452680132.dem,P02074,1,Heavy-Weapon Anchor
003232476755159679022_0452680132.dem,P02909,3,Budget Headshotter
003232479441661722678_1558327819.dem,P01020,2,Star Fragger
003232479441661722678_1558327819.dem,P03190,3,Budget Headshotter
003232479441661722678_1558327819.dem,P09658,3,Budget Headshotter
003232479441661722678_1558327819.dem,P03264,3,Budget Headshotter
003232479441661722678_1558327819.dem,P05228,0,Utility Support
003232479441661722678_1558327819.dem,P03653,1,Heavy-Weapon Anchor
003232479441661722678_1558327819.dem,P07994,2,Star Fragger
003232479441661722678_1558327819.dem,P06191,1,Heavy-Weapon Anchor
003232479441661722678_1558327819.dem,P00976,0,Utility Support
003232479441661722678_1558327819.dem,P10193,0,Utility Support
003232481372249522487_1001877360.dem,P10467,1,Heavy-Weapon Anchor
003232481372249522487_1001877360.dem,P08717,3,Budget Headshotter
003232481372249522487_1001877360.dem,P09328,2,Star Fragger
003232481372249522487_1001877360.dem,P05433,2,Star Fragger
003232481372249522487_1001877360.dem,P10180,3,Budget Headshotter
003232481372249522487_1001877360.dem,P10500,2,Star Fragger
003232481372249522487_1001877360.dem,P01404,3,Budget Headshotter
003232481372249522487_1001877360.dem,P00638,1,Heavy-Weapon Anchor
003232481372249522487_1001877360.dem,P03489,1,Heavy-Weapon Anchor
003232481372249522487_1001877360.dem,P10151,1,Heavy-Weapon Anchor
003232482922732716248_0642540469.dem,P10882,0,Utility Support
003232482922732716248_0642540469.dem,P08517,0,Utility Support
003232482922732716248_0642540469.dem,P00659,2,Star Fragger
003232482922732716248_0642540469.dem,P03384,3,Budget Headshotter
003232482922732716248_0642540469.dem,P02792,0,Utility Support
003232482922732716248_0642540469.dem,P04026,3,Budget Headshotter
003232482922732716248_0642540469.dem,P10165,0,Utility Support
003232482922732716248_0642540469.dem,P05778,3,Budget Headshotter
003232482922732716248_0642540469.dem,P01293,1,Heavy-Weapon Anchor
003232482922732716248_0642540469.dem,P10184,3,Budget Headshotter
003232483105268826291_1242011154.dem,P00245,2,Star Fragger
003232483105268826291_1242011154.dem,P09710,3,Budget Headshotter
003232483105268826291_1242011154.dem,P04993,1,Heavy-Weapon Anchor
003232483105268826291_1242011154.dem,P00966,1,Heavy-Weapon Anchor
003232483105268826291_1242011154.dem,P03644,0,Utility Support
003232483105268826291_1242011154.dem,P08012,2,Star Fragger
003232483105268826291_1242011154.dem,P03074,2,Star Fragger
003232483105268826291_1242011154.dem,P10604,3,Budget Headshotter
003232483105268826291_1242011154.dem,P01557,3,Budget Headshotter
003232483105268826291_1242011154.dem,P00231,2,Star Fragger
003232486755991028087_1660843392.dem,P10467,2,Star Fragger
003232486755991028087_1660843392.dem,P04706,2,Star Fragger
003232486755991028087_1660843392.dem,P04250,2,Star Fragger
003232486755991028087_1660843392.dem,P02861,3,Budget Headshotter
003232486755991028087_1660843392.dem,P07066,0,Utility Support
003232486755991028087_1660843392.dem,P10537,3,Budget Headshotter
003232486755991028087_1660843392.dem,P10653,3,Budget Headshotter
003232486755991028087_1660843392.dem,P01916,1,Heavy-Weapon Anchor
003232486755991028087_1660843392.dem,P07811,3,Budget Headshotter
003232486755991028087_1660843392.dem,P00812,1,Heavy-Weapon Anchor
003232488673693925509_1193603500.dem,P04993,1,Heavy-Weapon Anchor
003232488673693925509_1193603500.dem,P06281,2,Star Fragger
003232488673693925509_1193603500.dem,P00966,1,Heavy-Weapon Anchor
003232488673693925509_1193603500.dem,P04066,2,Star Fragger
003232488673693925509_1193603500.dem,P05214,1,Heavy-Weapon Anchor
003232488673693925509_1193603500.dem,P06702,3,Budget Headshotter
003232488673693925509_1193603500.dem,P04073,1,Heavy-Weapon Anchor
003232488673693925509_1193603500.dem,P02910,0,Utility Support
003232488673693925509_1193603500.dem,P03798,1,Heavy-Weapon Anchor
003232488673693925509_1193603500.dem,P00038,0,Utility Support
003232488817575329924_2016176054.dem,P07846,2,Star Fragger
003232488817575329924_2016176054.dem,P01723,3,Budget Headshotter
003232488817575329924_2016176054.dem,P02642,3,Budget Headshotter
003232488817575329924_2016176054.dem,P07701,1,Heavy-Weapon Anchor
003232488817575329924_2016176054.dem,P05992,0,Utility Support
003232488817575329924_2016176054.dem,P04472,3,Budget Headshotter
003232488817575329924_2016176054.dem,P06989,1,Heavy-Weapon Anchor
003232488817575329924_2016176054.dem,P00133,1,Heavy-Weapon Anchor
003232488817575329924_2016176054.dem,P02917,2,Star Fragger
003232488817575329924_2016176054.dem,P01830,2,Star Fragger
003232490172637511756_0900628286.dem,P02004,3,Budget Headshotter
003232490172637511756_0900628286.dem,P05123,1,Heavy-Weapon Anchor
003232490172637511756_0900628286.dem,P01669,1,Heavy-Weapon Anchor
003232490172637511756_0900628286.dem,P04285,2,Star Fragger
003232490172637511756_0900628286.dem,P06708,3,Budget Headshotter
003232490172637511756_0900628286.dem,P06560,1,Heavy-Weapon Anchor
003232490172637511756_0900628286.dem,P03508,3,Budget Headshotter
003232490172637511756_0900628286.dem,P00882,1,Heavy-Weapon Anchor
003232490172637511756_0900628286.dem,P02280,2,Star Fragger
003232490172637511756_0900628286.dem,P08922,1,Heavy-Weapon Anchor
003232494411770233066_1301244840.dem,P10467,1,Heavy-Weapon Anchor
003232494411770233066_1301244840.dem,P04216,3,Budget Headshotter
003232494411770233066_1301244840.dem,P04076,1,Heavy-Weapon Anchor
003232494411770233066_1301244840.dem,P00791,1,Heavy-Weapon Anchor
003232494411770233066_1301244840.dem,P02493,3,Budget Headshotter
003232494411770233066_1301244840.dem,P05472,2,Star Fragger
003232494411770233066_1301244840.dem,P01263,0,Utility Support
003232494411770233066_1301244840.dem,P02653,3,Budget Headshotter
003232494411770233066_1301244840.dem,P03877,1,Heavy-Weapon Anchor
003232494411770233066_1301244840.dem,P01267,2,Star Fragger
003232497373150183722_0954408199.dem,P09751,1,Heavy-Weapon Anchor
003232497373150183722_0954408199.dem,P06464,0,Utility Support
003232497373150183722_0954408199.dem,P09555,0,Utility Support
003232497373150183722_0954408199.dem,P04547,0,Utility Support
003232497373150183722_0954408199.dem,P06517,2,Star Fragger
003232497373150183722_0954408199.dem,P10116,1,Heavy-Weapon Anchor
003232497373150183722_0954408199.dem,P01903,3,Budget Headshotter
003232497373150183722_0954408199.dem,P07271,0,Utility Support
003232497373150183722_0954408199.dem,P05633,0,Utility Support
003232497373150183722_0954408199.dem,P01027,0,Utility Support
003232498019542761550_2055650743.dem,P09731,3,Budget Headshotter
003232498019542761550_2055650743.dem,P02353,0,Utility Support
003232498019542761550_2055650743.dem,P08080,0,Utility Support
003232498019542761550_2055650743.dem,P04905,2,Star Fragger
003232498019542761550_2055650743.dem,P02192,0,Utility Support
003232498019542761550_2055650743.dem,P05720,0,Utility Support
003232498019542761550_2055650743.dem,P01048,1,Heavy-Weapon Anchor
003232498019542761550_2055650743.dem,P09952,3,Budget Headshotter
003232498019542761550_2055650743.dem,P08005,3,Budget Headshotter
003232498019542761550_2055650743.dem,P02094,0,Utility Support
003232501500613755025_0281955752.dem,P01041,1,Heavy-Weapon Anchor
003232501500613755025_0281955752.dem,P10467,1,Heavy-Weapon Anchor
003232501500613755025_0281955752.dem,P00729,1,Heavy-Weapon Anchor
003232501500613755025_0281955752.dem,P00177,1,Heavy-Weapon Anchor
003232501500613755025_0281955752.dem,P03782,0,Utility Support
003232501500613755025_0281955752.dem,P06901,2,Star Fragger
003232501500613755025_0281955752.dem,P02515,2,Star Fragger
003232501500613755025_0281955752.dem,P10214,0,Utility Support
003232501500613755025_0281955752.dem,P07800,3,Budget Headshotter
003232501500613755025_0281955752.dem,P10877,0,Utility Support
003232503345302208741_0726194196.dem,P06324,1,Heavy-Weapon Anchor
003232503345302208741_0726194196.dem,P03480,1,Heavy-Weapon Anchor
003232503345302208741_0726194196.dem,P10569,3,Budget Headshotter
003232503345302208741_0726194196.dem,P04072,3,Budget Headshotter
003232503345302208741_0726194196.dem,P07477,0,Utility Support
003232503345302208741_0726194196.dem,P07326,1,Heavy-Weapon Anchor
003232503345302208741_0726194196.dem,P02029,0,Utility Support
003232503345302208741_0726194196.dem,P04659,2,Star Fragger
003232503345302208741_0726194196.dem,P02259,3,Budget Headshotter
003232503345302208741_0726194196.dem,P03095,0,Utility Support
003232504247245340886_2096700840.dem,P02353,1,Heavy-Weapon Anchor
003232504247245340886_2096700840.dem,P07262,1,Heavy-Weapon Anchor
003232504247245340886_2096700840.dem,P01709,1,Heavy-Weapon Anchor
003232504247245340886_2096700840.dem,P08080,0,Utility Support
003232504247245340886_2096700840.dem,P06701,2,Star Fragger
003232504247245340886_2096700840.dem,P10885,1,Heavy-Weapon Anchor
003232504247245340886_2096700840.dem,P05801,0,Utility Support
003232504247245340886_2096700840.dem,P05720,0,Utility Support
003232504247245340886_2096700840.dem,P08952,1,Heavy-Weapon Anchor
003232504247245340886_2096700840.dem,P04256,1,Heavy-Weapon Anchor
003232507105546076201_1565955348.dem,P09333,1,Heavy-Weapon Anchor
003232507105546076201_1565955348.dem,P00299,1,Heavy-Weapon Anchor
003232507105546076201_1565955348.dem,P02179,3,Budget Headshotter
003232507105546076201_1565955348.dem,P09796,2,Star Fragger
003232507105546076201_1565955348.dem,P00232,1,Heavy-Weapon Anchor
003232507105546076201_1565955348.dem,P09879,3,Budget Headshotter
003232507105546076201_1565955348.dem,P04453,1,Heavy-Weapon Anchor
003232507105546076201_1565955348.dem,P05846,2,Star Fragger
003232507105546076201_1565955348.dem,P01651,0,Utility Support
003232507105546076201_1565955348.dem,P08677,1,Heavy-Weapon Anchor
003232507260164898834_2142717779.dem,P10467,1,Heavy-Weapon Anchor
003232507260164898834_2142717779.dem,P07026,2,Star Fragger
003232507260164898834_2142717779.dem,P06048,1,Heavy-Weapon Anchor
003232507260164898834_2142717779.dem,P02861,0,Utility Support
003232507260164898834_2142717779.dem,P02673,1,Heavy-Weapon Anchor
003232507260164898834_2142717779.dem,P09236,1,Heavy-Weapon Anchor
003232507260164898834_2142717779.dem,P07369,3,Budget Headshotter
003232507260164898834_2142717779.dem,P07277,1,Heavy-Weapon Anchor
003232507260164898834_2142717779.dem,P07078,3,Budget Headshotter
003232507260164898834_2142717779.dem,P09788,2,Star Fragger
003232508952382013521_1724932836.dem,P06324,1,Heavy-Weapon Anchor
003232508952382013521_1724932836.dem,P04072,1,Heavy-Weapon Anchor
003232508952382013521_1724932836.dem,P01895,1,Heavy-Weapon Anchor
003232508952382013521_1724932836.dem,P06055,1,Heavy-Weapon Anchor
003232508952382013521_1724932836.dem,P02029,2,Star Fragger
003232508952382013521_1724932836.dem,P08150,1,Heavy-Weapon Anchor
003232508952382013521_1724932836.dem,P03670,2,Star Fragger
003232508952382013521_1724932836.dem,P07861,3,Budget Headshotter
003232508952382013521_1724932836.dem,P02259,3,Budget Headshotter
003232508952382013521_1724932836.dem,P00735,2,Star Fragger
003232509313159266600_1384015722.dem,P04993,1,Heavy-Weapon Anchor
003232509313159266600_1384015722.dem,P04232,2,Star Fragger
003232509313159266600_1384015722.dem,P00966,3,Budget Headshotter
003232509313159266600_1384015722.dem,P05973,1,Heavy-Weapon Anchor
003232509313159266600_1384015722.dem,P04745,0,Utility Support
003232509313159266600_1384015722.dem,P10077,0,Utility Support
003232509313159266600_1384015722.dem,P09762,1,Heavy-Weapon Anchor
003232509313159266600_1384015722.dem,P00744,1,Heavy-Weapon Anchor
003232509313159266600_1384015722.dem,P06211,3,Budget Headshotter
003232509313159266600_1384015722.dem,P09151,3,Budget Headshotter
003232511688276181261_1825657478.dem,P05782,0,Utility Support
003232511688276181261_1825657478.dem,P08080,3,Budget Headshotter
003232511688276181261_1825657478.dem,P07153,0,Utility Support
003232511688276181261_1825657478.dem,P00420,3,Budget Headshotter
003232511688276181261_1825657478.dem,P08240,0,Utility Support
003232511688276181261_1825657478.dem,P05720,0,Utility Support
003232511688276181261_1825657478.dem,P04822,3,Budget Headshotter
003232511688276181261_1825657478.dem,P06337,0,Utility Support
003232511688276181261_1825657478.dem,P08644,2,Star Fragger
003232511688276181261_1825657478.dem,P10815,1,Heavy-Weapon Anchor
003232511845042487422_0503096936.dem,P03173,1,Heavy-Weapon Anchor
003232511845042487422_0503096936.dem,P10467,3,Budget Headshotter
003232511845042487422_0503096936.dem,P00523,2,Star Fragger
003232511845042487422_0503096936.dem,P05306,3,Budget Headshotter
003232511845042487422_0503096936.dem,P10576,2,Star Fragger
003232511845042487422_0503096936.dem,P02950,0,Utility Support
003232511845042487422_0503096936.dem,P05876,0,Utility Support
003232511845042487422_0503096936.dem,P09180,3,Budget Headshotter
003232511845042487422_0503096936.dem,P09215,1,Heavy-Weapon Anchor
003232511845042487422_0503096936.dem,P07105,2,Star Fragger
003232513346133557262_0822750632.dem,P03921,3,Budget Headshotter
003232513346133557262_0822750632.dem,P03729,0,Utility Support
003232513346133557262_0822750632.dem,P06055,3,Budget Headshotter
003232513346133557262_0822750632.dem,P02029,3,Budget Headshotter
003232513346133557262_0822750632.dem,P07606,2,Star Fragger
003232513346133557262_0822750632.dem,P09339,0,Utility Support
003232513346133557262_0822750632.dem,P07211,2,Star Fragger
003232513346133557262_0822750632.dem,P09228,3,Budget Headshotter
003232513346133557262_0822750632.dem,P02259,3,Budget Headshotter
003232513346133557262_0822750632.dem,P07730,2,Star Fragger
003232516807877197827_0465901697.dem,P00489,3,Budget Headshotter
003232516807877197827_0465901697.dem,P08358,2,Star Fragger
003232516807877197827_0465901697.dem,P00380,0,Utility Support
003232516807877197827_0465901697.dem,P01201,3,Budget Headshotter
003232516807877197827_0465901697.dem,P07301,3,Budget Headshotter
003232516807877197827_0465901697.dem,P01065,2,Star Fragger
003232516807877197827_0465901697.dem,P05073,3,Budget Headshotter
003232516807877197827_0465901697.dem,P01047,3,Budget Headshotter
003232516807877197827_0465901697.dem,P06074,1,Heavy-Weapon Anchor
003232516807877197827_0465901697.dem,P08945,1,Heavy-Weapon Anchor
003232517314683338812_1264328304.dem,P07319,1,Heavy-Weapon Anchor
003232517314683338812_1264328304.dem,P10467,1,Heavy-Weapon Anchor
003232517314683338812_1264328304.dem,P00386,3,Budget Headshotter
003232517314683338812_1264328304.dem,P03329,0,Utility Support
003232517314683338812_1264328304.dem,P08151,2,Star Fragger
003232517314683338812_1264328304.dem,P02125,0,Utility Support
003232517314683338812_1264328304.dem,P06967,0,Utility Support
003232517314683338812_1264328304.dem,P10761,3,Budget Headshotter
003232517314683338812_1264328304.dem,P03536,1,Heavy-Weapon Anchor
003232517314683338812_1264328304.dem,P02999,1,Heavy-Weapon Anchor
003232517731295166495_1591121024.dem,P03921,2,Star Fragger
003232517731295166495_1591121024.dem,P01944,1,Heavy-Weapon Anchor
003232517731295166495_1591121024.dem,P05266,3,Budget Headshotter
003232517731295166495_1591121024.dem,P02354,3,Budget Headshotter
003232517731295166495_1591121024.dem,P02287,3,Budget Headshotter
003232517731295166495_1591121024.dem,P04145,3,Budget Headshotter
003232517731295166495_1591121024.dem,P06055,2,Star Fragger
003232517731295166495_1591121024.dem,P02029,2,Star Fragger
003232517731295166495_1591121024.dem,P10366,3,Budget Headshotter
003232517731295166495_1591121024.dem,P02259,3,Budget Headshotter
003232522322615206041_0281928713.dem,P01598,2,Star Fragger
003232522322615206041_0281928713.dem,P04945,3,Budget Headshotter
003232522322615206041_0281928713.dem,P06635,3,Budget Headshotter
003232522322615206041_0281928713.dem,P09304,0,Utility Support
003232522322615206041_0281928713.dem,P02953,3,Budget Headshotter
003232522322615206041_0281928713.dem,P05896,0,Utility Support
003232522322615206041_0281928713.dem,P05751,1,Heavy-Weapon Anchor
003232522322615206041_0281928713.dem,P08682,2,Star Fragger
003232522322615206041_0281928713.dem,P08469,3,Budget Headshotter
003232522490118930599_0868735951.dem,P06724,3,Budget Headshotter
003232522490118930599_0868735951.dem,P04055,1,Heavy-Weapon Anchor
003232522490118930599_0868735951.dem,P09596,1,Heavy-Weapon Anchor
003232522490118930599_0868735951.dem,P04930,1,Heavy-Weapon Anchor
003232522490118930599_0868735951.dem,P07299,0,Utility Support
003232522490118930599_0868735951.dem,P09076,2,Star Fragger
003232522490118930599_0868735951.dem,P00727,2,Star Fragger
003232522490118930599_0868735951.dem,P07381,2,Star Fragger
003232522490118930599_0868735951.dem,P01121,1,Heavy-Weapon Anchor
003232522490118930599_0868735951.dem,P10840,3,Budget Headshotter
003232523731364479103_0101762408.dem,P05232,1,Heavy-Weapon Anchor
003232523731364479103_0101762408.dem,P09177,2,Star Fragger
003232523731364479103_0101762408.dem,P07528,3,Budget Headshotter
003232523731364479103_0101762408.dem,P09121,3,Budget Headshotter
003232523731364479103_0101762408.dem,P09956,0,Utility Support
003232523731364479103_0101762408.dem,P09797,0,Utility Support
003232523731364479103_0101762408.dem,P08817,3,Budget Headshotter
003232523731364479103_0101762408.dem,P03722,3,Budget Headshotter
003232523731364479103_0101762408.dem,P09563,0,Utility Support
003232523731364479103_0101762408.dem,P05609,1,Heavy-Weapon Anchor
003232524757861662880_1651074647.dem,P03921,1,Heavy-Weapon Anchor
003232524757861662880_1651074647.dem,P01944,0,Utility Support
003232524757861662880_1651074647.dem,P04885,3,Budget Headshotter
003232524757861662880_1651074647.dem,P00846,3,Budget Headshotter
003232524757861662880_1651074647.dem,P06055,2,Star Fragger
003232524757861662880_1651074647.dem,P02029,2,Star Fragger
003232524757861662880_1651074647.dem,P07756,3,Budget Headshotter
003232524757861662880_1651074647.dem,P06878,3,Budget Headshotter
003232524757861662880_1651074647.dem,P02259,3,Budget Headshotter
003232524757861662880_1651074647.dem,P03353,1,Heavy-Weapon Anchor
003232530852420255835_1108402081.dem,P10467,1,Heavy-Weapon Anchor
003232530852420255835_1108402081.dem,P00841,0,Utility Support
003232530852420255835_1108402081.dem,P10904,3,Budget Headshotter
003232530852420255835_1108402081.dem,P07928,2,Star Fragger
003232530852420255835_1108402081.dem,P05375,2,Star Fragger
003232530852420255835_1108402081.dem,P01042,2,Star Fragger
003232530852420255835_1108402081.dem,P06763,1,Heavy-Weapon Anchor
003232530852420255835_1108402081.dem,P00284,2,Star Fragger
003232530852420255835_1108402081.dem,P03497,0,Utility Support
003232530852420255835_1108402081.dem,P10036,3,Budget Headshotter
003232533096540668004_0812067014.dem,P01944,1,Heavy-Weapon Anchor
003232533096540668004_0812067014.dem,P10569,0,Utility Support
003232533096540668004_0812067014.dem,P01279,1,Heavy-Weapon Anchor
003232533096540668004_0812067014.dem,P02688,0,Utility Support
003232533096540668004_0812067014.dem,P02029,2,Star Fragger
003232533096540668004_0812067014.dem,P00375,1,Heavy-Weapon Anchor
003232533096540668004_0812067014.dem,P09999,0,Utility Support
003232533096540668004_0812067014.dem,P08579,3,Budget Headshotter
003232533096540668004_0812067014.dem,P02259,3,Budget Headshotter
003232533096540668004_0812067014.dem,P08136,3,Budget Headshotter
003232534537502195837_0654915811.dem,P05497,1,Heavy-Weapon Anchor
003232534537502195837_0654915811.dem,P00344,3,Budget Headshotter
003232534537502195837_0654915811.dem,P06678,2,Star Fragger
003232534537502195837_0654915811.dem,P07144,2,Star Fragger
003232534537502195837_0654915811.dem,P10467,1,Heavy-Weapon Anchor
003232534537502195837_0654915811.dem,P10185,2,Star Fragger
003232534537502195837_0654915811.dem,P01110,2,Star Fragger
003232534537502195837_0654915811.dem,P01725,3,Budget Headshotter
003232534537502195837_0654915811.dem,P01380,1,Heavy-Weapon Anchor
003232534537502195837_0654915811.dem,P06440,3,Budget Headshotter
003232539873999061041_1096279700.dem,P06056,1,Heavy-Weapon Anchor
003232539873999061041_1096279700.dem,P06171,3,Budget Headshotter
003232539873999061041_1096279700.dem,P10381,0,Utility Support
003232539873999061041_1096279700.dem,P05880,1,Heavy-Weapon Anchor
003232539873999061041_1096279700.dem,P00311,3,Budget Headshotter
003232539873999061041_1096279700.dem,P06492,3,Budget Headshotter
003232539873999061041_1096279700.dem,P10894,1,Heavy-Weapon Anchor
003232539873999061041_1096279700.dem,P02154,1,Heavy-Weapon Anchor
003232539873999061041_1096279700.dem,P02065,0,Utility Support
003232539873999061041_1096279700.dem,P00287,0,Utility Support
003232542886918619206_0766348047.dem,P02341,3,Budget Headshotter
003232542886918619206_0766348047.dem,P10467,1,Heavy-Weapon Anchor
003232542886918619206_0766348047.dem,P09332,3,Budget Headshotter
003232542886918619206_0766348047.dem,P02768,2,Star Fragger
003232542886918619206_0766348047.dem,P08423,2,Star Fragger
003232542886918619206_0766348047.dem,P04173,1,Heavy-Weapon Anchor
003232542886918619206_0766348047.dem,P03712,1,Heavy-Weapon Anchor
003232542886918619206_0766348047.dem,P06907,0,Utility Support
003232542886918619206_0766348047.dem,P06080,1,Heavy-Weapon Anchor
003232542886918619206_0766348047.dem,P01508,1,Heavy-Weapon Anchor
003232544821801386050_1503881409.dem,P10870,0,Utility Support
003232544821801386050_1503881409.dem,P07257,1,Heavy-Weapon Anchor
003232544821801386050_1503881409.dem,P06298,3,Budget Headshotter
003232544821801386050_1503881409.dem,P01388,2,Star Fragger
003232544821801386050_1503881409.dem,P00590,3,Budget Headshotter
003232544821801386050_1503881409.dem,P08568,1,Heavy-Weapon Anchor
003232544821801386050_1503881409.dem,P04845,2,Star Fragger
003232544821801386050_1503881409.dem,P04774,2,Star Fragger
003232544821801386050_1503881409.dem,P07374,0,Utility Support
003232544821801386050_1503881409.dem,P04855,3,Budget Headshotter
003232547196918300791_1442471391.dem,P10467,1,Heavy-Weapon Anchor
003232547196918300791_1442471391.dem,P05274,0,Utility Support
003232547196918300791_1442471391.dem,P04215,0,Utility Support
003232547196918300791_1442471391.dem,P02007,3,Budget Headshotter
003232547196918300791_1442471391.dem,P00689,2,Star Fragger
003232547196918300791_1442471391.dem,P03680,1,Heavy-Weapon Anchor
003232547196918300791_1442471391.dem,P09590,1,Heavy-Weapon Anchor
003232547196918300791_1442471391.dem,P05533,2,Star Fragger
003232547196918300791_1442471391.dem,P03175,2,Star Fragger
003232547196918300791_1442471391.dem,P05955,1,Heavy-Weapon Anchor
003232559998068326493_0760531276.dem,P10452,2,Star Fragger
003232559998068326493_0760531276.dem,P02443,2,Star Fragger
003232559998068326493_0760531276.dem,P02019,1,Heavy-Weapon Anchor
003232559998068326493_0760531276.dem,P01613,2,Star Fragger
003232559998068326493_0760531276.dem,P06099,3,Budget Headshotter
003232559998068326493_0760531276.dem,P03462,0,Utility Support
003232559998068326493_0760531276.dem,P10429,0,Utility Support
003232559998068326493_0760531276.dem,P02459,0,Utility Support
003232559998068326493_0760531276.dem,P02112,1,Heavy-Weapon Anchor
003232559998068326493_0760531276.dem,P04275,1,Heavy-Weapon Anchor
003232603849684418580_1086212913.dem,P01546,2,Star Fragger
003232603849684418580_1086212913.dem,P03713,3,Budget Headshotter
003232603849684418580_1086212913.dem,P01745,0,Utility Support
003232603849684418580_1086212913.dem,P08647,2,Star Fragger
003232603849684418580_1086212913.dem,P10544,1,Heavy-Weapon Anchor
003232603849684418580_1086212913.dem,P08698,0,Utility Support
003232603849684418580_1086212913.dem,P04401,3,Budget Headshotter
003232603849684418580_1086212913.dem,P05091,3,Budget Headshotter
003232603849684418580_1086212913.dem,P09238,0,Utility Support
003232603849684418580_1086212913.dem,P10103,1,Heavy-Weapon Anchor
003232624800534888640_1360095088.dem,P00200,1,Heavy-Weapon Anchor
003232624800534888640_1360095088.dem,P04993,3,Budget Headshotter
003232624800534888640_1360095088.dem,P02333,2,Star Fragger
003232624800534888640_1360095088.dem,P06852,0,Utility Support
003232624800534888640_1360095088.dem,P10351,3,Budget Headshotter
003232624800534888640_1360095088.dem,P05094,0,Utility Support
003232624800534888640_1360095088.dem,P00591,1,Heavy-Weapon Anchor
003232624800534888640_1360095088.dem,P05905,0,Utility Support
003232624800534888640_1360095088.dem,P07454,0,Utility Support
003232624800534888640_1360095088.dem,P07459,3,Budget Headshotter
003232628472731926685_1432371962.dem,P00155,2,Star Fragger
003232628472731926685_1432371962.dem,P06056,3,Budget Headshotter
003232628472731926685_1432371962.dem,P03060,1,Heavy-Weapon Anchor
003232628472731926685_1432371962.dem,P00895,1,Heavy-Weapon Anchor
003232628472731926685_1432371962.dem,P03366,3,Budget Headshotter
003232628472731926685_1432371962.dem,P03171,2,Star Fragger
003232628472731926685_1432371962.dem,P03375,3,Budget Headshotter
003232628472731926685_1432371962.dem,P06335,1,Heavy-Weapon Anchor
003232628472731926685_1432371962.dem,P09859,1,Heavy-Weapon Anchor
003232628472731926685_1432371962.dem,P10845,2,Star Fragger
003232633557973205325_2139955905.dem,P03096,1,Heavy-Weapon Anchor
003232633557973205325_2139955905.dem,P08522,0,Utility Support
003232633557973205325_2139955905.dem,P08616,3,Budget Headshotter
003232633557973205325_2139955905.dem,P09208,2,Star Fragger
003232633557973205325_2139955905.dem,P04269,1,Heavy-Weapon Anchor
003232633557973205325_2139955905.dem,P10232,1,Heavy-Weapon Anchor
003232633557973205325_2139955905.dem,P03243,3,Budget Headshotter
003232633557973205325_2139955905.dem,P06344,3,Budget Headshotter
003232633557973205325_2139955905.dem,P06942,3,Budget Headshotter
003232633557973205325_2139955905.dem,P10247,3,Budget Headshotter
003232636910195179817_1981362221.dem,P01423,1,Heavy-Weapon Anchor
003232636910195179817_1981362221.dem,P06187,1,Heavy-Weapon Anchor
003232636910195179817_1981362221.dem,P05182,2,Star Fragger
003232636910195179817_1981362221.dem,P03672,3,Budget Headshotter
003232636910195179817_1981362221.dem,P01804,3,Budget Headshotter
003232636910195179817_1981362221.dem,P08650,0,Utility Support
003232636910195179817_1981362221.dem,P00040,2,Star Fragger
003232636910195179817_1981362221.dem,P08920,0,Utility Support
003232636910195179817_1981362221.dem,P10150,0,Utility Support
003232636910195179817_1981362221.dem,P04157,1,Heavy-Weapon Anchor
003232642989721387344_0739104157.dem,P02874,1,Heavy-Weapon Anchor
003232642989721387344_0739104157.dem,P09594,1,Heavy-Weapon Anchor
003232642989721387344_0739104157.dem,P09365,2,Star Fragger
003232642989721387344_0739104157.dem,P10010,3,Budget Headshotter
003232642989721387344_0739104157.dem,P08141,1,Heavy-Weapon Anchor
003232642989721387344_0739104157.dem,P02816,1,Heavy-Weapon Anchor
003232642989721387344_0739104157.dem,P04226,3,Budget Headshotter
003232642989721387344_0739104157.dem,P00826,3,Budget Headshotter
003232642989721387344_0739104157.dem,P03616,2,Star Fragger
003232642989721387344_0739104157.dem,P01925,1,Heavy-Weapon Anchor
003232649195949129796_1726852476.dem,P03739,0,Utility Support
003232649195949129796_1726852476.dem,P10467,1,Heavy-Weapon Anchor
003232649195949129796_1726852476.dem,P05447,3,Budget Headshotter
003232649195949129796_1726852476.dem,P07887,2,Star Fragger
003232649195949129796_1726852476.dem,P01871,2,Star Fragger
003232649195949129796_1726852476.dem,P05310,3,Budget Headshotter
003232649195949129796_1726852476.dem,P00704,2,Star Fragger
003232649195949129796_1726852476.dem,P00839,1,Heavy-Weapon Anchor
003232649195949129796_1726852476.dem,P03090,3,Budget Headshotter
003232649195949129796_1726852476.dem,P09214,1,Heavy-Weapon Anchor
003232650499471704217_1135739685.dem,P02304,2,Star Fragger
003232650499471704217_1135739685.dem,P04993,3,Budget Headshotter
003232650499471704217_1135739685.dem,P06589,0,Utility Support
003232650499471704217_1135739685.dem,P03503,3,Budget Headshotter
003232650499471704217_1135739685.dem,P07728,1,Heavy-Weapon Anchor
003232650499471704217_1135739685.dem,P02114,1,Heavy-Weapon Anchor
003232650499471704217_1135739685.dem,P03411,3,Budget Headshotter
003232650499471704217_1135739685.dem,P03337,0,Utility Support
003232650499471704217_1135739685.dem,P09913,3,Budget Headshotter
003232650499471704217_1135739685.dem,P01482,1,Heavy-Weapon Anchor
003232653894643351796_1527055066.dem,P04503,2,Star Fragger
003232653894643351796_1527055066.dem,P10869,3,Budget Headshotter
003232653894643351796_1527055066.dem,P04809,3,Budget Headshotter
003232653894643351796_1527055066.dem,P06029,0,Utility Support
003232653894643351796_1527055066.dem,P05762,2,Star Fragger
003232653894643351796_1527055066.dem,P05844,3,Budget Headshotter
003232653894643351796_1527055066.dem,P07513,3,Budget Headshotter
003232653894643351796_1527055066.dem,P07834,3,Budget Headshotter
003232653894643351796_1527055066.dem,P06738,1,Heavy-Weapon Anchor
003232653894643351796_1527055066.dem,P02275,0,Utility Support
003232656941922648194_0271553229.dem,P10479,1,Heavy-Weapon Anchor
003232656941922648194_0271553229.dem,P10206,3,Budget Headshotter
003232656941922648194_0271553229.dem,P01030,2,Star Fragger
003232656941922648194_0271553229.dem,P05734,3,Budget Headshotter
003232656941922648194_0271553229.dem,P10608,0,Utility Support
003232656941922648194_0271553229.dem,P00768,3,Budget Headshotter
003232656941922648194_0271553229.dem,P09111,3,Budget Headshotter
003232656941922648194_0271553229.dem,P02308,2,Star Fragger
003232656941922648194_0271553229.dem,P05058,2,Star Fragger
003232656941922648194_0271553229.dem,P05010,1,Heavy-Weapon Anchor
003232663665693950342_1579921806.dem,P05469,3,Budget Headshotter
003232663665693950342_1579921806.dem,P01214,1,Heavy-Weapon Anchor
003232663665693950342_1579921806.dem,P10298,1,Heavy-Weapon Anchor
003232663665693950342_1579921806.dem,P01579,0,Utility Support
003232663665693950342_1579921806.dem,P09592,0,Utility Support
003232663665693950342_1579921806.dem,P01541,3,Budget Headshotter
003232663665693950342_1579921806.dem,P06791,3,Budget Headshotter
003232663665693950342_1579921806.dem,P00413,2,Star Fragger
003232663665693950342_1579921806.dem,P09470,0,Utility Support
003232663665693950342_1579921806.dem,P09771,0,Utility Support
003232665843242369053_0016108831.dem,P09142,2,Star Fragger
003232665843242369053_0016108831.dem,P03514,0,Utility Support
003232665843242369053_0016108831.dem,P04591,2,Star Fragger
003232665843242369053_0016108831.dem,P10547,1,Heavy-Weapon Anchor
003232665843242369053_0016108831.dem,P02675,1,Heavy-Weapon Anchor
003232665843242369053_0016108831.dem,P00142,1,Heavy-Weapon Anchor
003232665843242369053_0016108831.dem,P08860,3,Budget Headshotter
003232665843242369053_0016108831.dem,P05951,3,Budget Headshotter
003232665843242369053_0016108831.dem,P04936,0,Utility Support
003232667082340434249_1435329388.dem,P02497,3,Budget Headshotter
003232667082340434249_1435329388.dem,P04669,2,Star Fragger
003232667082340434249_1435329388.dem,P04672,2,Star Fragger
003232667082340434249_1435329388.dem,P05673,1,Heavy-Weapon Anchor
003232667082340434249_1435329388.dem,P10153,1,Heavy-Weapon Anchor
003232667082340434249_1435329388.dem,P05962,2,Star Fragger
003232667082340434249_1435329388.dem,P06626,1,Heavy-Weapon Anchor
003232667082340434249_1435329388.dem,P05958,3,Budget Headshotter
003232667082340434249_1435329388.dem,P08614,0,Utility Support
003232667082340434249_1435329388.dem,P06004,3,Budget Headshotter
003232669874069176830_1033315074.dem,P03789,3,Budget Headshotter
003232669874069176830_1033315074.dem,P09970,2,Star Fragger
003232669874069176830_1033315074.dem,P08339,3,Budget Headshotter
003232669874069176830_1033315074.dem,P06963,3,Budget Headshotter
003232669874069176830_1033315074.dem,P00183,0,Utility Support
003232669874069176830_1033315074.dem,P06830,0,Utility Support
003232669874069176830_1033315074.dem,P01560,2,Star Fragger
003232669874069176830_1033315074.dem,P05438,1,Heavy-Weapon Anchor
003232669874069176830_1033315074.dem,P04825,1,Heavy-Weapon Anchor
003232669874069176830_1033315074.dem,P09299,0,Utility Support
003232670752389988650_1784324791.dem,P00460,2,Star Fragger
003232670752389988650_1784324791.dem,P00686,0,Utility Support
003232670752389988650_1784324791.dem,P06166,0,Utility Support
003232670752389988650_1784324791.dem,P01586,0,Utility Support
003232670752389988650_1784324791.dem,P10312,0,Utility Support
003232670752389988650_1784324791.dem,P08570,3,Budget Headshotter
003232670752389988650_1784324791.dem,P08486,3,Budget Headshotter
003232670752389988650_1784324791.dem,P08509,1,Heavy-Weapon Anchor
003232670752389988650_1784324791.dem,P00207,0,Utility Support
003232670752389988650_1784324791.dem,P05106,1,Heavy-Weapon Anchor
003232671886261354835_0579868876.dem,P08390,1,Heavy-Weapon Anchor
003232671886261354835_0579868876.dem,P00411,3,Budget Headshotter
003232671886261354835_0579868876.dem,P10118,0,Utility Support
003232671886261354835_0579868876.dem,P03190,0,Utility Support
003232671886261354835_0579868876.dem,P06036,1,Heavy-Weapon Anchor
003232671886261354835_0579868876.dem,P04287,1,Heavy-Weapon Anchor
003232671886261354835_0579868876.dem,P05453,3,Budget Headshotter
003232671886261354835_0579868876.dem,P06030,2,Star Fragger
003232671886261354835_0579868876.dem,P08030,0,Utility Support
003232671886261354835_0579868876.dem,P02996,0,Utility Support
003232672345822855247_1222817766.dem,P03558,1,Heavy-Weapon Anchor
003232672345822855247_1222817766.dem,P02105,0,Utility Support
003232672345822855247_1222817766.dem,P09697,1,Heavy-Weapon Anchor
003232672345822855247_1222817766.dem,P07316,3,Budget Headshotter
003232672345822855247_1222817766.dem,P01773,2,Star Fragger
003232672345822855247_1222817766.dem,P10656,1,Heavy-Weapon Anchor
003232672345822855247_1222817766.dem,P08916,1,Heavy-Weapon Anchor
003232672345822855247_1222817766.dem,P06371,3,Budget Headshotter
003232672345822855247_1222817766.dem,P07670,1,Heavy-Weapon Anchor
003232672861218930720_0881247333.dem,P05127,3,Budget Headshotter
003232672861218930720_0881247333.dem,P00328,1,Heavy-Weapon Anchor
003232672861218930720_0881247333.dem,P06732,3,Budget Headshotter
003232672861218930720_0881247333.dem,P07835,0,Utility Support
003232672861218930720_0881247333.dem,P10535,0,Utility Support
003232672861218930720_0881247333.dem,P06911,3,Budget Headshotter
003232672861218930720_0881247333.dem,P09861,0,Utility Support
003232672861218930720_0881247333.dem,P02674,3,Budget Headshotter
003232672861218930720_0881247333.dem,P10919,2,Star Fragger
003232672861218930720_0881247333.dem,P01119,0,Utility Support
003232673776046965058_0413289153.dem,P10426,1,Heavy-Weapon Anchor
003232673776046965058_0413289153.dem,P04669,1,Heavy-Weapon Anchor
003232673776046965058_0413289153.dem,P04672,1,Heavy-Weapon Anchor
003232673776046965058_0413289153.dem,P09871,1,Heavy-Weapon Anchor
003232673776046965058_0413289153.dem,P05596,3,Budget Headshotter
003232673776046965058_0413289153.dem,P09474,2,Star Fragger
003232673776046965058_0413289153.dem,P05962,0,Utility Support
003232673776046965058_0413289153.dem,P06626,3,Budget Headshotter
003232673776046965058_0413289153.dem,P08614,3,Budget Headshotter
003232673776046965058_0413289153.dem,P08660,1,Heavy-Weapon Anchor
003232674276410654797_0503114681.dem,P09456,0,Utility Support
003232674276410654797_0503114681.dem,P07596,3,Budget Headshotter
003232674276410654797_0503114681.dem,P09203,3,Budget Headshotter
003232674276410654797_0503114681.dem,P09777,3,Budget Headshotter
003232674276410654797_0503114681.dem,P08114,1,Heavy-Weapon Anchor
003232674276410654797_0503114681.dem,P04458,0,Utility Support
003232674276410654797_0503114681.dem,P07157,2,Star Fragger
003232674276410654797_0503114681.dem,P00385,1,Heavy-Weapon Anchor
003232674276410654797_0503114681.dem,P10620,2,Star Fragger
003232674276410654797_0503114681.dem,P08315,3,Budget Headshotter
003232677196988416122_1242904224.dem,P07455,2,Star Fragger
003232677196988416122_1242904224.dem,P01785,1,Heavy-Weapon Anchor
003232677196988416122_1242904224.dem,P03317,0,Utility Support
003232677196988416122_1242904224.dem,P05158,0,Utility Support
003232677196988416122_1242904224.dem,P02955,0,Utility Support
003232677196988416122_1242904224.dem,P02043,2,Star Fragger
003232677196988416122_1242904224.dem,P02824,1,Heavy-Weapon Anchor
003232677196988416122_1242904224.dem,P03878,3,Budget Headshotter
003232677196988416122_1242904224.dem,P09197,1,Heavy-Weapon Anchor
003232677196988416122_1242904224.dem,P03349,1,Heavy-Weapon Anchor
003232678378104422548_2118247068.dem,P04993,2,Star Fragger
003232678378104422548_2118247068.dem,P08082,0,Utility Support
003232678378104422548_2118247068.dem,P02860,1,Heavy-Weapon Anchor
003232678378104422548_2118247068.dem,P06469,2,Star Fragger
003232678378104422548_2118247068.dem,P03798,3,Budget Headshotter
003232678378104422548_2118247068.dem,P07591,0,Utility Support
003232678378104422548_2118247068.dem,P09924,3,Budget Headshotter
003232678378104422548_2118247068.dem,P10587,3,Budget Headshotter
003232678378104422548_2118247068.dem,P00558,2,Star Fragger
003232678378104422548_2118247068.dem,P10201,1,Heavy-Weapon Anchor
003232681187013034267_0482105639.dem,P06286,0,Utility Support
003232681187013034267_0482105639.dem,P03976,3,Budget Headshotter
003232681187013034267_0482105639.dem,P03418,1,Heavy-Weapon Anchor
003232681187013034267_0482105639.dem,P04079,0,Utility Support
003232681187013034267_0482105639.dem,P04858,0,Utility Support
003232681187013034267_0482105639.dem,P00696,1,Heavy-Weapon Anchor
003232681187013034267_0482105639.dem,P02217,3,Budget Headshotter
003232681187013034267_0482105639.dem,P08731,0,Utility Support
003232681187013034267_0482105639.dem,P05677,1,Heavy-Weapon Anchor
003232681187013034267_0482105639.dem,P00960,2,Star Fragger
003232681852732965066_1456619064.dem,P09022,2,Star Fragger
003232681852732965066_1456619064.dem,P04191,3,Budget Headshotter
003232681852732965066_1456619064.dem,P09844,1,Heavy-Weapon Anchor
003232681852732965066_1456619064.dem,P08249,3,Budget Headshotter
003232681852732965066_1456619064.dem,P10266,0,Utility Support
003232681852732965066_1456619064.dem,P05278,1,Heavy-Weapon Anchor
003232681852732965066_1456619064.dem,P00811,3,Budget Headshotter
003232681852732965066_1456619064.dem,P07338,2,Star Fragger
003232681852732965066_1456619064.dem,P04217,1,Heavy-Weapon Anchor
003232681852732965066_1456619064.dem,P09854,2,Star Fragger
003232682842722926688_0135825962.dem,P07846,3,Budget Headshotter
003232682842722926688_0135825962.dem,P03569,3,Budget Headshotter
003232682842722926688_0135825962.dem,P04584,2,Star Fragger
003232682842722926688_0135825962.dem,P02164,3,Budget Headshotter
003232682842722926688_0135825962.dem,P08196,0,Utility Support
003232682842722926688_0135825962.dem,P07433,3,Budget Headshotter
003232682842722926688_0135825962.dem,P04797,1,Heavy-Weapon Anchor
003232682842722926688_0135825962.dem,P03723,0,Utility Support
003232682842722926688_0135825962.dem,P01161,2,Star Fragger
003232682842722926688_0135825962.dem,P07815,3,Budget Headshotter
003232683306579394632_1937431777.dem,P04552,0,Utility Support
003232683306579394632_1937431777.dem,P01067,3,Budget Headshotter
003232683306579394632_1937431777.dem,P00238,1,Heavy-Weapon Anchor
003232683306579394632_1937431777.dem,P00467,1,Heavy-Weapon Anchor
003232683306579394632_1937431777.dem,P08145,1,Heavy-Weapon Anchor
003232683306579394632_1937431777.dem,P05910,1,Heavy-Weapon Anchor
003232683306579394632_1937431777.dem,P03387,3,Budget Headshotter
003232683306579394632_1937431777.dem,P05109,3,Budget Headshotter
003232683306579394632_1937431777.dem,P08231,3,Budget Headshotter
003232683306579394632_1937431777.dem,P04844,2,Star Fragger
003232684519907655957_1117155498.dem,P10593,3,Budget Headshotter
003232684519907655957_1117155498.dem,P04993,1,Heavy-Weapon Anchor
003232684519907655957_1117155498.dem,P08576,1,Heavy-Weapon Anchor
003232684519907655957_1117155498.dem,P00149,1,Heavy-Weapon Anchor
003232684519907655957_1117155498.dem,P07538,0,Utility Support
003232684519907655957_1117155498.dem,P03203,0,Utility Support
003232684519907655957_1117155498.dem,P03798,1,Heavy-Weapon Anchor
003232684519907655957_1117155498.dem,P09924,2,Star Fragger
003232684519907655957_1117155498.dem,P10587,1,Heavy-Weapon Anchor
003232684519907655957_1117155498.dem,P01482,1,Heavy-Weapon Anchor
003232684988059091074_2097821637.dem,P09268,2,Star Fragger
003232684988059091074_2097821637.dem,P06111,0,Utility Support
003232684988059091074_2097821637.dem,P10505,1,Heavy-Weapon Anchor
003232684988059091074_2097821637.dem,P05022,3,Budget Headshotter
003232684988059091074_2097821637.dem,P06524,3,Budget Headshotter
003232684988059091074_2097821637.dem,P08822,3,Budget Headshotter
003232684988059091074_2097821637.dem,P05576,1,Heavy-Weapon Anchor
003232684988059091074_2097821637.dem,P09508,2,Star Fragger
003232684988059091074_2097821637.dem,P06087,1,Heavy-Weapon Anchor
003232688078288060436_1743689444.dem,P03913,3,Budget Headshotter
003232688078288060436_1743689444.dem,P01067,2,Star Fragger
003232688078288060436_1743689444.dem,P00238,1,Heavy-Weapon Anchor
003232688078288060436_1743689444.dem,P00467,0,Utility Support
003232688078288060436_1743689444.dem,P04887,3,Budget Headshotter
003232688078288060436_1743689444.dem,P05816,3,Budget Headshotter
003232688078288060436_1743689444.dem,P07100,3,Budget Headshotter
003232688078288060436_1743689444.dem,P05109,0,Utility Support
003232688078288060436_1743689444.dem,P08231,3,Budget Headshotter
003232688078288060436_1743689444.dem,P07232,3,Budget Headshotter
003232690803444809985_2019153987.dem,P05548,3,Budget Headshotter
003232690803444809985_2019153987.dem,P04993,3,Budget Headshotter
003232690803444809985_2019153987.dem,P00852,1,Heavy-Weapon Anchor
003232690803444809985_2019153987.dem,P05934,1,Heavy-Weapon Anchor
003232690803444809985_2019153987.dem,P09146,1,Heavy-Weapon Anchor
003232690803444809985_2019153987.dem,P01334,3,Budget Headshotter
003232690803444809985_2019153987.dem,P03798,1,Heavy-Weapon Anchor
003232690803444809985_2019153987.dem,P09924,0,Utility Support
003232690803444809985_2019153987.dem,P10587,1,Heavy-Weapon Anchor
003232690803444809985_2019153987.dem,P01482,1,Heavy-Weapon Anchor
003232691353200623725_1909161833.dem,P03266,0,Utility Support
003232691353200623725_1909161833.dem,P03730,1,Heavy-Weapon Anchor
003232691353200623725_1909161833.dem,P08119,3,Budget Headshotter
003232691353200623725_1909161833.dem,P09367,3,Budget Headshotter
003232691353200623725_1909161833.dem,P06788,2,Star Fragger
003232691353200623725_1909161833.dem,P05141,3,Budget Headshotter
003232691353200623725_1909161833.dem,P00465,1,Heavy-Weapon Anchor
003232691353200623725_1909161833.dem,P06929,2,Star Fragger
003232691353200623725_1909161833.dem,P02119,0,Utility Support
003232691353200623725_1909161833.dem,P03916,3,Budget Headshotter
003232693180709208199_0051068036.dem,P08603,1,Heavy-Weapon Anchor
003232693180709208199_0051068036.dem,P04108,3,Budget Headshotter
003232693180709208199_0051068036.dem,P10246,1,Heavy-Weapon Anchor
003232693180709208199_0051068036.dem,P04923,1,Heavy-Weapon Anchor
003232693180709208199_0051068036.dem,P04136,0,Utility Support
003232693180709208199_0051068036.dem,P08245,2,Star Fragger
003232693180709208199_0051068036.dem,P04455,1,Heavy-Weapon Anchor
003232693180709208199_0051068036.dem,P04600,3,Budget Headshotter
003232693180709208199_0051068036.dem,P04679,1,Heavy-Weapon Anchor
003232693180709208199_0051068036.dem,P03904,1,Heavy-Weapon Anchor
003232693582288650297_1471118158.dem,P03011,2,Star Fragger
003232693582288650297_1471118158.dem,P06039,0,Utility Support
003232693582288650297_1471118158.dem,P05092,2,Star Fragger
003232693582288650297_1471118158.dem,P04449,3,Budget Headshotter
003232693582288650297_1471118158.dem,P03753,0,Utility Support
003232693582288650297_1471118158.dem,P02420,1,Heavy-Weapon Anchor
003232693582288650297_1471118158.dem,P06159,3,Budget Headshotter
003232693582288650297_1471118158.dem,P03132,2,Star Fragger
003232693582288650297_1471118158.dem,P08370,1,Heavy-Weapon Anchor
003232693582288650297_1471118158.dem,P01715,1,Heavy-Weapon Anchor
003232693648860643493_1644470372.dem,P06614,0,Utility Support
003232693648860643493_1644470372.dem,P05564,3,Budget Headshotter
003232693648860643493_1644470372.dem,P05969,0,Utility Support
003232693648860643493_1644470372.dem,P00249,3,Budget Headshotter
003232693648860643493_1644470372.dem,P06590,3,Budget Headshotter
003232693648860643493_1644470372.dem,P09603,1,Heavy-Weapon Anchor
003232693648860643493_1644470372.dem,P06677,2,Star Fragger
003232693648860643493_1644470372.dem,P09962,0,Utility Support
003232693648860643493_1644470372.dem,P00257,2,Star Fragger
003232693648860643493_1644470372.dem,P05324,1,Heavy-Weapon Anchor
003232696921625723070_1451169701.dem,P06202,0,Utility Support
003232696921625723070_1451169701.dem,P05733,2,Star Fragger
003232696921625723070_1451169701.dem,P01866,2,Star Fragger
003232696921625723070_1451169701.dem,P03327,3,Budget Headshotter
003232696921625723070_1451169701.dem,P01572,3,Budget Headshotter
003232696921625723070_1451169701.dem,P04618,3,Budget Headshotter
003232696921625723070_1451169701.dem,P04711,3,Budget Headshotter
003232696921625723070_1451169701.dem,P02767,3,Budget Headshotter
003232696921625723070_1451169701.dem,P08814,3,Budget Headshotter
003232696921625723070_1451169701.dem,P00924,0,Utility Support
003232696998935134402_0954657123.dem,P04993,3,Budget Headshotter
003232696998935134402_0954657123.dem,P10659,3,Budget Headshotter
003232696998935134402_0954657123.dem,P08741,0,Utility Support
003232696998935134402_0954657123.dem,P08935,0,Utility Support
003232696998935134402_0954657123.dem,P00046,0,Utility Support
003232696998935134402_0954657123.dem,P10587,3,Budget Headshotter
003232696998935134402_0954657123.dem,P05623,0,Utility Support
003232696998935134402_0954657123.dem,P10928,1,Heavy-Weapon Anchor
003232696998935134402_0954657123.dem,P03845,1,Heavy-Weapon Anchor
003232696998935134402_0954657123.dem,P01482,1,Heavy-Weapon Anchor
003232697273813041223_1569509630.dem,P03266,0,Utility Support
003232697273813041223_1569509630.dem,P03730,2,Star Fragger
003232697273813041223_1569509630.dem,P08548,0,Utility Support
003232697273813041223_1569509630.dem,P06788,2,Star Fragger
003232697273813041223_1569509630.dem,P10639,0,Utility Support
003232697273813041223_1569509630.dem,P08051,0,Utility Support
003232697273813041223_1569509630.dem,P05141,1,Heavy-Weapon Anchor
003232697273813041223_1569509630.dem,P00465,1,Heavy-Weapon Anchor
003232697273813041223_1569509630.dem,P06929,1,Heavy-Weapon Anchor
003232697273813041223_1569509630.dem,P02119,0,Utility Support
003232700248077893786_0660091942.dem,P05484,0,Utility Support
003232700248077893786_0660091942.dem,P00268,1,Heavy-Weapon Anchor
003232700248077893786_0660091942.dem,P01642,2,Star Fragger
003232700248077893786_0660091942.dem,P02229,1,Heavy-Weapon Anchor
003232700248077893786_0660091942.dem,P04455,1,Heavy-Weapon Anchor
003232700248077893786_0660091942.dem,P05287,1,Heavy-Weapon Anchor
003232700248077893786_0660091942.dem,P06621,0,Utility Support
003232700248077893786_0660091942.dem,P06003,2,Star Fragger
003232700248077893786_0660091942.dem,P05687,0,Utility Support
003232700248077893786_0660091942.dem,P00020,1,Heavy-Weapon Anchor
003232701766348832899_1427103477.dem,P04993,2,Star Fragger
003232701766348832899_1427103477.dem,P05810,1,Heavy-Weapon Anchor
003232701766348832899_1427103477.dem,P04654,1,Heavy-Weapon Anchor
003232701766348832899_1427103477.dem,P07804,0,Utility Support
003232701766348832899_1427103477.dem,P04842,3,Budget Headshotter
003232701766348832899_1427103477.dem,P09465,0,Utility Support
003232701766348832899_1427103477.dem,P10587,1,Heavy-Weapon Anchor
003232701766348832899_1427103477.dem,P06211,0,Utility Support
003232701766348832899_1427103477.dem,P03504,1,Heavy-Weapon Anchor
003232701766348832899_1427103477.dem,P03845,1,Heavy-Weapon Anchor
003232711017708388418_0192953626.dem,P03730,1,Heavy-Weapon Anchor
003232711017708388418_0192953626.dem,P00873,0,Utility Support
003232711017708388418_0192953626.dem,P05002,0,Utility Support
003232711017708388418_0192953626.dem,P06236,3,Budget Headshotter
003232711017708388418_0192953626.dem,P06788,1,Heavy-Weapon Anchor
003232711017708388418_0192953626.dem,P08413,3,Budget Headshotter
003232711017708388418_0192953626.dem,P03646,2,Star Fragger
003232711017708388418_0192953626.dem,P06929,3,Budget Headshotter
003232711017708388418_0192953626.dem,P02119,3,Budget Headshotter
003232716483054272641_0660091942.dem,P09710,0,Utility Support
003232716483054272641_0660091942.dem,P04993,0,Utility Support
003232716483054272641_0660091942.dem,P05378,2,Star Fragger
003232716483054272641_0660091942.dem,P07804,3,Budget Headshotter
003232716483054272641_0660091942.dem,P00926,2,Star Fragger
003232716483054272641_0660091942.dem,P09781,1,Heavy-Weapon Anchor
003232716483054272641_0660091942.dem,P06885,0,Utility Support
003232716483054272641_0660091942.dem,P04444,1,Heavy-Weapon Anchor
003232716483054272641_0660091942.dem,P10587,1,Heavy-Weapon Anchor
003232716483054272641_0660091942.dem,P03187,0,Utility Support
003232719029969879145_0088035358.dem,P09199,3,Budget Headshotter
003232719029969879145_0088035358.dem,P06056,1,Heavy-Weapon Anchor
003232719029969879145_0088035358.dem,P06101,3,Budget Headshotter
003232719029969879145_0088035358.dem,P08393,3,Budget Headshotter
003232719029969879145_0088035358.dem,P05835,0,Utility Support
003232719029969879145_0088035358.dem,P06445,0,Utility Support
003232719029969879145_0088035358.dem,P08917,0,Utility Support
003232719029969879145_0088035358.dem,P05998,0,Utility Support
003232719029969879145_0088035358.dem,P00006,2,Star Fragger
003232719029969879145_0088035358.dem,P01962,1,Heavy-Weapon Anchor
003232723977772204149_0659177081.dem,P07443,3,Budget Headshotter
003232723977772204149_0659177081.dem,P04993,1,Heavy-Weapon Anchor
003232723977772204149_0659177081.dem,P00966,1,Heavy-Weapon Anchor
003232723977772204149_0659177081.dem,P06316,1,Heavy-Weapon Anchor
003232723977772204149_0659177081.dem,P01192,1,Heavy-Weapon Anchor
003232723977772204149_0659177081.dem,P02889,2,Star Fragger
003232723977772204149_0659177081.dem,P09702,2,Star Fragger
003232723977772204149_0659177081.dem,P09664,3,Budget Headshotter
003232723977772204149_0659177081.dem,P05495,3,Budget Headshotter
003232723977772204149_0659177081.dem,P01638,1,Heavy-Weapon Anchor
003232729174682632285_1260483700.dem,P00200,1,Heavy-Weapon Anchor
003232729174682632285_1260483700.dem,P04993,0,Utility Support
003232729174682632285_1260483700.dem,P00966,2,Star Fragger
003232729174682632285_1260483700.dem,P10509,1,Heavy-Weapon Anchor
003232729174682632285_1260483700.dem,P03091,1,Heavy-Weapon Anchor
003232729174682632285_1260483700.dem,P04033,3,Budget Headshotter
003232729174682632285_1260483700.dem,P08511,3,Budget Headshotter
003232729174682632285_1260483700.dem,P05630,3,Budget Headshotter
003232729174682632285_1260483700.dem,P01482,1,Heavy-Weapon Anchor
003232729174682632285_1260483700.dem,P01638,1,Heavy-Weapon Anchor
003232732619246403669_0232430236.dem,P05008,3,Budget Headshotter
003232732619246403669_0232430236.dem,P02728,3,Budget Headshotter
003232732619246403669_0232430236.dem,P09750,3,Budget Headshotter
003232732619246403669_0232430236.dem,P08703,1,Heavy-Weapon Anchor
003232732619246403669_0232430236.dem,P03945,3,Budget Headshotter
003232732619246403669_0232430236.dem,P03988,2,Star Fragger
003232732619246403669_0232430236.dem,P02140,3,Budget Headshotter
003232732619246403669_0232430236.dem,P04807,0,Utility Support
003232732619246403669_0232430236.dem,P00648,1,Heavy-Weapon Anchor
003232732619246403669_0232430236.dem,P08425,0,Utility Support
003232734283546230859_1018801805.dem,P00200,1,Heavy-Weapon Anchor
003232734283546230859_1018801805.dem,P04993,0,Utility Support
003232734283546230859_1018801805.dem,P09358,3,Budget Headshotter
003232734283546230859_1018801805.dem,P00966,2,Star Fragger
003232734283546230859_1018801805.dem,P07859,3,Budget Headshotter
003232734283546230859_1018801805.dem,P08707,1,Heavy-Weapon Anchor
003232734283546230859_1018801805.dem,P03216,3,Budget Headshotter
003232734283546230859_1018801805.dem,P03373,1,Heavy-Weapon Anchor
003232734283546230859_1018801805.dem,P01482,1,Heavy-Weapon Anchor
003232734283546230859_1018801805.dem,P01638,3,Budget Headshotter
003232740592853188670_0131312766.dem,P00200,1,Heavy-Weapon Anchor
003232740592853188670_0131312766.dem,P06417,1,Heavy-Weapon Anchor
003232740592853188670_0131312766.dem,P04993,2,Star Fragger
003232740592853188670_0131312766.dem,P00966,2,Star Fragger
003232740592853188670_0131312766.dem,P08538,1,Heavy-Weapon Anchor
003232740592853188670_0131312766.dem,P10480,3,Budget Headshotter
003232740592853188670_0131312766.dem,P03216,3,Budget Headshotter
003232740592853188670_0131312766.dem,P06930,1,Heavy-Weapon Anchor
003232740592853188670_0131312766.dem,P08115,0,Utility Support
003232740592853188670_0131312766.dem,P01638,3,Budget Headshotter
003232741621497856061_1697877070.dem,P00001,3,Budget Headshotter
003232741621497856061_1697877070.dem,P07706,2,Star Fragger
003232741621497856061_1697877070.dem,P09140,1,Heavy-Weapon Anchor
003232741621497856061_1697877070.dem,P05572,0,Utility Support
003232741621497856061_1697877070.dem,P00593,2,Star Fragger
003232741621497856061_1697877070.dem,P01278,3,Budget Headshotter
003232741621497856061_1697877070.dem,P03494,3,Budget Headshotter
003232741621497856061_1697877070.dem,P10446,1,Heavy-Weapon Anchor
003232741621497856061_1697877070.dem,P04154,2,Star Fragger
003232741621497856061_1697877070.dem,P06779,3,Budget Headshotter
003232762016150061154_0492566440.dem,P04993,2,Star Fragger
003232762016150061154_0492566440.dem,P00966,0,Utility Support
003232762016150061154_0492566440.dem,P02774,3,Budget Headshotter
003232762016150061154_0492566440.dem,P05386,0,Utility Support
003232762016150061154_0492566440.dem,P03226,1,Heavy-Weapon Anchor
003232762016150061154_0492566440.dem,P02132,3,Budget Headshotter
003232762016150061154_0492566440.dem,P06725,1,Heavy-Weapon Anchor
003232762016150061154_0492566440.dem,P10587,3,Budget Headshotter
003232762016150061154_0492566440.dem,P08452,0,Utility Support
003232762016150061154_0492566440.dem,P04263,1,Heavy-Weapon Anchor
003232767767111270453_0002668718.dem,P04993,0,Utility Support
003232767767111270453_0002668718.dem,P00966,1,Heavy-Weapon Anchor
003232767767111270453_0002668718.dem,P08183,1,Heavy-Weapon Anchor
003232767767111270453_0002668718.dem,P09635,0,Utility Support
003232767767111270453_0002668718.dem,P01317,1,Heavy-Weapon Anchor
003232767767111270453_0002668718.dem,P03798,1,Heavy-Weapon Anchor
003232767767111270453_0002668718.dem,P06725,1,Heavy-Weapon Anchor
003232767767111270453_0002668718.dem,P10587,3,Budget Headshotter
003232767767111270453_0002668718.dem,P07771,1,Heavy-Weapon Anchor
003232798557731815516_1214155146.dem,P04405,1,Heavy-Weapon Anchor
003232798557731815516_1214155146.dem,P07655,3,Budget Headshotter
003232798557731815516_1214155146.dem,P08792,3,Budget Headshotter
003232798557731815516_1214155146.dem,P04404,2,Star Fragger
003232798557731815516_1214155146.dem,P06994,2,Star Fragger
003232798557731815516_1214155146.dem,P06904,1,Heavy-Weapon Anchor
003232798557731815516_1214155146.dem,P08961,3,Budget Headshotter
003232798557731815516_1214155146.dem,P09174,3,Budget Headshotter
003232798557731815516_1214155146.dem,P05189,3,Budget Headshotter
003232798557731815516_1214155146.dem,P04474,0,Utility Support
003232804340905279656_1625959885.dem,P06056,3,Budget Headshotter
003232804340905279656_1625959885.dem,P00246,0,Utility Support
003232804340905279656_1625959885.dem,P08027,2,Star Fragger
003232804340905279656_1625959885.dem,P05129,2,Star Fragger
003232804340905279656_1625959885.dem,P07536,3,Budget Headshotter
003232804340905279656_1625959885.dem,P10679,2,Star Fragger
003232804340905279656_1625959885.dem,P07450,1,Heavy-Weapon Anchor
003232804340905279656_1625959885.dem,P01587,1,Heavy-Weapon Anchor
003232804340905279656_1625959885.dem,P00107,1,Heavy-Weapon Anchor
003232804340905279656_1625959885.dem,P09343,3,Budget Headshotter
003232830434979086644_2012796825.dem,P02866,2,Star Fragger
003232830434979086644_2012796825.dem,P04629,3,Budget Headshotter
003232830434979086644_2012796825.dem,P07649,1,Heavy-Weapon Anchor
003232830434979086644_2012796825.dem,P01215,3,Budget Headshotter
003232830434979086644_2012796825.dem,P09224,0,Utility Support
003232830434979086644_2012796825.dem,P07346,2,Star Fragger
003232830434979086644_2012796825.dem,P04670,1,Heavy-Weapon Anchor
003232830434979086644_2012796825.dem,P08089,2,Star Fragger
003232830434979086644_2012796825.dem,P08237,0,Utility Support
003232842012063433080_1614842268.dem,P03862,2,Star Fragger
003232842012063433080_1614842268.dem,P10292,1,Heavy-Weapon Anchor
003232842012063433080_1614842268.dem,P00152,2,Star Fragger
003232842012063433080_1614842268.dem,P02735,0,Utility Support
003232842012063433080_1614842268.dem,P05902,3,Budget Headshotter
003232842012063433080_1614842268.dem,P04791,1,Heavy-Weapon Anchor
003232842012063433080_1614842268.dem,P04530,1,Heavy-Weapon Anchor
003232842012063433080_1614842268.dem,P07108,1,Heavy-Weapon Anchor
003232842012063433080_1614842268.dem,P09580,1,Heavy-Weapon Anchor
003232842012063433080_1614842268.dem,P06948,1,Heavy-Weapon Anchor
003232842819517284508_0402619026.dem,P04586,0,Utility Support
003232842819517284508_0402619026.dem,P05697,2,Star Fragger
003232842819517284508_0402619026.dem,P02806,0,Utility Support
003232842819517284508_0402619026.dem,P00199,2,Star Fragger
003232842819517284508_0402619026.dem,P08010,1,Heavy-Weapon Anchor
003232842819517284508_0402619026.dem,P07001,0,Utility Support
003232842819517284508_0402619026.dem,P10595,1,Heavy-Weapon Anchor
003232842819517284508_0402619026.dem,P04345,2,Star Fragger
003232842819517284508_0402619026.dem,P08083,1,Heavy-Weapon Anchor
003232842819517284508_0402619026.dem,P05485,3,Budget Headshotter
003232844247593910313_0033291823.dem,P10358,3,Budget Headshotter
003232844247593910313_0033291823.dem,P03521,0,Utility Support
003232844247593910313_0033291823.dem,P01477,0,Utility Support
003232844247593910313_0033291823.dem,P03773,2,Star Fragger
003232844247593910313_0033291823.dem,P02957,1,Heavy-Weapon Anchor
003232844247593910313_0033291823.dem,P10850,0,Utility Support
003232844247593910313_0033291823.dem,P09579,1,Heavy-Weapon Anchor
003232844247593910313_0033291823.dem,P08194,0,Utility Support
003232844247593910313_0033291823.dem,P03350,1,Heavy-Weapon Anchor
003232844247593910313_0033291823.dem,P07445,0,Utility Support
003232846500304257060_0283212048.dem,P02765,3,Budget Headshotter
003232846500304257060_0283212048.dem,P02330,3,Budget Headshotter
003232846500304257060_0283212048.dem,P08148,0,Utility Support
003232846500304257060_0283212048.dem,P07942,0,Utility Support
003232846500304257060_0283212048.dem,P01690,0,Utility Support
003232846500304257060_0283212048.dem,P08328,1,Heavy-Weapon Anchor
003232846500304257060_0283212048.dem,P09497,2,Star Fragger
003232846500304257060_0283212048.dem,P02121,1,Heavy-Weapon Anchor
003232846500304257060_0283212048.dem,P06262,2,Star Fragger
003232846500304257060_0283212048.dem,P05766,3,Budget Headshotter
003232847468819382281_0512891179.dem,P06764,0,Utility Support
003232847468819382281_0512891179.dem,P07161,1,Heavy-Weapon Anchor
003232847468819382281_0512891179.dem,P09194,3,Budget Headshotter
003232847468819382281_0512891179.dem,P02146,2,Star Fragger
003232847468819382281_0512891179.dem,P04702,0,Utility Support
003232847468819382281_0512891179.dem,P04699,0,Utility Support
003232847468819382281_0512891179.dem,P10043,0,Utility Support
003232847468819382281_0512891179.dem,P05095,3,Budget Headshotter
003232847468819382281_0512891179.dem,P10219,0,Utility Support
003232847468819382281_0512891179.dem,P02214,3,Budget Headshotter
003232848785226858809_0406587923.dem,P00200,2,Star Fragger
003232848785226858809_0406587923.dem,P05857,2,Star Fragger
003232848785226858809_0406587923.dem,P01636,1,Heavy-Weapon Anchor
003232848785226858809_0406587923.dem,P04993,1,Heavy-Weapon Anchor
003232848785226858809_0406587923.dem,P00966,1,Heavy-Weapon Anchor
003232848785226858809_0406587923.dem,P10941,0,Utility Support
003232848785226858809_0406587923.dem,P09571,1,Heavy-Weapon Anchor
003232848785226858809_0406587923.dem,P04754,0,Utility Support
003232848785226858809_0406587923.dem,P01631,1,Heavy-Weapon Anchor
003232848785226858809_0406587923.dem,P03315,3,Budget Headshotter
003232850717962141706_0540753389.dem,P01383,2,Star Fragger
003232850717962141706_0540753389.dem,P10154,2,Star Fragger
003232850717962141706_0540753389.dem,P08944,0,Utility Support
003232850717962141706_0540753389.dem,P03674,1,Heavy-Weapon Anchor
003232850717962141706_0540753389.dem,P09095,1,Heavy-Weapon Anchor
003232850717962141706_0540753389.dem,P06658,3,Budget Headshotter
003232850717962141706_0540753389.dem,P06606,1,Heavy-Weapon Anchor
003232850717962141706_0540753389.dem,P08347,0,Utility Support
003232850717962141706_0540753389.dem,P09930,3,Budget Headshotter
003232850717962141706_0540753389.dem,P09693,3,Budget Headshotter
003232851448106582132_1957624087.dem,P05186,0,Utility Support
003232851448106582132_1957624087.dem,P08290,1,Heavy-Weapon Anchor
003232851448106582132_1957624087.dem,P00256,0,Utility Support
003232851448106582132_1957624087.dem,P04537,1,Heavy-Weapon Anchor
003232851448106582132_1957624087.dem,P07657,2,Star Fragger
003232851448106582132_1957624087.dem,P10520,2,Star Fragger
003232851448106582132_1957624087.dem,P07944,1,Heavy-Weapon Anchor
003232851448106582132_1957624087.dem,P05415,1,Heavy-Weapon Anchor
003232851448106582132_1957624087.dem,P06586,1,Heavy-Weapon Anchor
003232851448106582132_1957624087.dem,P04899,2,Star Fragger
003232853030802031011_0806409419.dem,P08059,1,Heavy-Weapon Anchor
003232853030802031011_0806409419.dem,P06056,1,Heavy-Weapon Anchor
003232853030802031011_0806409419.dem,P10443,0,Utility Support
003232853030802031011_0806409419.dem,P02763,0,Utility Support
003232853030802031011_0806409419.dem,P04602,0,Utility Support
003232853030802031011_0806409419.dem,P03768,2,Star Fragger
003232853030802031011_0806409419.dem,P05927,3,Budget Headshotter
003232853030802031011_0806409419.dem,P07281,3,Budget Headshotter
003232853030802031011_0806409419.dem,P03166,2,Star Fragger
003232853030802031011_0806409419.dem,P00597,1,Heavy-Weapon Anchor
003232855227677802599_1636535985.dem,P10066,1,Heavy-Weapon Anchor
003232855227677802599_1636535985.dem,P04012,0,Utility Support
003232855227677802599_1636535985.dem,P05204,0,Utility Support
003232855227677802599_1636535985.dem,P03324,1,Heavy-Weapon Anchor
003232855227677802599_1636535985.dem,P01815,2,Star Fragger
003232855227677802599_1636535985.dem,P07065,3,Budget Headshotter
003232855227677802599_1636535985.dem,P02372,2,Star Fragger
003232855227677802599_1636535985.dem,P02260,3,Budget Headshotter
003232855227677802599_1636535985.dem,P04941,0,Utility Support
003232855227677802599_1636535985.dem,P02877,3,Budget Headshotter
003232855347936886898_1932233241.dem,P00200,1,Heavy-Weapon Anchor
003232855347936886898_1932233241.dem,P04993,3,Budget Headshotter
003232855347936886898_1932233241.dem,P00966,2,Star Fragger
003232855347936886898_1932233241.dem,P09960,2,Star Fragger
003232855347936886898_1932233241.dem,P06088,2,Star Fragger
003232855347936886898_1932233241.dem,P02860,3,Budget Headshotter
003232855347936886898_1932233241.dem,P10587,1,Heavy-Weapon Anchor
003232855347936886898_1932233241.dem,P02379,3,Budget Headshotter
003232855347936886898_1932233241.dem,P01419,1,Heavy-Weapon Anchor
003232855347936886898_1932233241.dem,P08283,2,Star Fragger
003232860117498069210_1360095088.dem,P08788,0,Utility Support
003232860117498069210_1360095088.dem,P06056,3,Budget Headshotter
003232860117498069210_1360095088.dem,P07593,0,Utility Support
003232860117498069210_1360095088.dem,P04314,0,Utility Support
003232860117498069210_1360095088.dem,P10277,2,Star Fragger
003232860117498069210_1360095088.dem,P05927,0,Utility Support
003232860117498069210_1360095088.dem,P04411,2,Star Fragger
003232860117498069210_1360095088.dem,P04690,1,Heavy-Weapon Anchor
003232860117498069210_1360095088.dem,P04317,0,Utility Support
003232860117498069210_1360095088.dem,P09892,3,Budget Headshotter
003232861455380381854_1224845106.dem,P03377,1,Heavy-Weapon Anchor
003232861455380381854_1224845106.dem,P00483,3,Budget Headshotter
003232861455380381854_1224845106.dem,P06784,3,Budget Headshotter
003232861455380381854_1224845106.dem,P10419,0,Utility Support
003232861455380381854_1224845106.dem,P04210,3,Budget Headshotter
003232861455380381854_1224845106.dem,P08310,3,Budget Headshotter
003232861455380381854_1224845106.dem,P09300,1,Heavy-Weapon Anchor
003232861455380381854_1224845106.dem,P01732,1,Heavy-Weapon Anchor
003232861455380381854_1224845106.dem,P09586,1,Heavy-Weapon Anchor
003232861455380381854_1224845106.dem,P05297,2,Star Fragger
003232862857687204041_1414135043.dem,P01624,3,Budget Headshotter
003232862857687204041_1414135043.dem,P00412,3,Budget Headshotter
003232862857687204041_1414135043.dem,P10149,1,Heavy-Weapon Anchor
003232862857687204041_1414135043.dem,P01368,1,Heavy-Weapon Anchor
003232862857687204041_1414135043.dem,P01783,1,Heavy-Weapon Anchor
003232862857687204041_1414135043.dem,P03993,2,Star Fragger
003232862857687204041_1414135043.dem,P00383,0,Utility Support
003232862857687204041_1414135043.dem,P06922,2,Star Fragger
003232862857687204041_1414135043.dem,P05720,1,Heavy-Weapon Anchor
003232862857687204041_1414135043.dem,P04812,0,Utility Support
003232863220611940644_0229842886.dem,P08967,0,Utility Support
003232863220611940644_0229842886.dem,P10421,3,Budget Headshotter
003232863220611940644_0229842886.dem,P08442,1,Heavy-Weapon Anchor
003232863220611940644_0229842886.dem,P00945,3,Budget Headshotter
003232863220611940644_0229842886.dem,P04712,0,Utility Support
003232863220611940644_0229842886.dem,P01087,2,Star Fragger
003232863220611940644_0229842886.dem,P06195,3,Budget Headshotter
003232863220611940644_0229842886.dem,P03397,2,Star Fragger
003232863220611940644_0229842886.dem,P01386,0,Utility Support
003232863220611940644_0229842886.dem,P10460,3,Budget Headshotter
003232864234224222438_0937819330.dem,P04993,0,Utility Support
003232864234224222438_0937819330.dem,P01046,0,Utility Support
003232864234224222438_0937819330.dem,P01495,2,Star Fragger
003232864234224222438_0937819330.dem,P02293,3,Budget Headshotter
003232864234224222438_0937819330.dem,P05722,3,Budget Headshotter
003232864234224222438_0937819330.dem,P03798,2,Star Fragger
003232864234224222438_0937819330.dem,P08759,0,Utility Support
003232864234224222438_0937819330.dem,P10587,1,Heavy-Weapon Anchor
003232864234224222438_0937819330.dem,P02464,1,Heavy-Weapon Anchor
003232864234224222438_0937819330.dem,P07197,0,Utility Support
003232866117567381591_1577901268.dem,P01067,0,Utility Support
003232866117567381591_1577901268.dem,P01914,3,Budget Headshotter
003232866117567381591_1577901268.dem,P00467,1,Heavy-Weapon Anchor
003232866117567381591_1577901268.dem,P04649,3,Budget Headshotter
003232866117567381591_1577901268.dem,P05109,0,Utility Support
003232866117567381591_1577901268.dem,P08231,1,Heavy-Weapon Anchor
003232866117567381591_1577901268.dem,P03161,3,Budget Headshotter
003232866117567381591_1577901268.dem,P02924,0,Utility Support
003232866117567381591_1577901268.dem,P01633,2,Star Fragger
003232866117567381591_1577901268.dem,P08765,3,Budget Headshotter
003232869482674257989_1052549553.dem,P04747,0,Utility Support
003232869482674257989_1052549553.dem,P07003,1,Heavy-Weapon Anchor
003232869482674257989_1052549553.dem,P07880,3,Budget Headshotter
003232869482674257989_1052549553.dem,P01923,2,Star Fragger
003232869482674257989_1052549553.dem,P05720,0,Utility Support
003232869482674257989_1052549553.dem,P03553,0,Utility Support
003232869482674257989_1052549553.dem,P06819,3,Budget Headshotter
003232869482674257989_1052549553.dem,P02572,1,Heavy-Weapon Anchor
003232869482674257989_1052549553.dem,P10279,1,Heavy-Weapon Anchor
003232869482674257989_1052549553.dem,P05069,3,Budget Headshotter
003232869860631380246_0377455779.dem,P04993,0,Utility Support
003232869860631380246_0377455779.dem,P02293,3,Budget Headshotter
003232869860631380246_0377455779.dem,P07103,3,Budget Headshotter
003232869860631380246_0377455779.dem,P10931,0,Utility Support
003232869860631380246_0377455779.dem,P08218,0,Utility Support
003232869860631380246_0377455779.dem,P09099,0,Utility Support
003232869860631380246_0377455779.dem,P10587,3,Budget Headshotter
003232869860631380246_0377455779.dem,P05772,1,Heavy-Weapon Anchor
003232869860631380246_0377455779.dem,P05359,1,Heavy-Weapon Anchor
003232869860631380246_0377455779.dem,P05689,0,Utility Support
003232871834168852762_0431208397.dem,P01067,0,Utility Support
003232871834168852762_0431208397.dem,P01914,2,Star Fragger
003232871834168852762_0431208397.dem,P03075,3,Budget Headshotter
003232871834168852762_0431208397.dem,P00467,0,Utility Support
003232871834168852762_0431208397.dem,P05109,0,Utility Support
003232871834168852762_0431208397.dem,P08231,0,Utility Support
003232871834168852762_0431208397.dem,P06549,2,Star Fragger
003232871834168852762_0431208397.dem,P05837,3,Budget Headshotter
003232871834168852762_0431208397.dem,P00822,1,Heavy-Weapon Anchor
003232871834168852762_0431208397.dem,P08143,0,Utility Support
003232874147008741564_2103522374.dem,P09957,2,Star Fragger
003232874147008741564_2103522374.dem,P01052,1,Heavy-Weapon Anchor
003232874147008741564_2103522374.dem,P06444,3,Budget Headshotter
003232874147008741564_2103522374.dem,P10950,0,Utility Support
003232874147008741564_2103522374.dem,P05405,1,Heavy-Weapon Anchor
003232874147008741564_2103522374.dem,P08826,3,Budget Headshotter
003232874147008741564_2103522374.dem,P05449,2,Star Fragger
003232874147008741564_2103522374.dem,P07992,1,Heavy-Weapon Anchor
003232874147008741564_2103522374.dem,P07463,3,Budget Headshotter
003232874147008741564_2103522374.dem,P02602,2,Star Fragger
003232874739714228345_1860300686.dem,P05661,3,Budget Headshotter
003232874739714228345_1860300686.dem,P02827,2,Star Fragger
003232874739714228345_1860300686.dem,P00226,3,Budget Headshotter
003232874739714228345_1860300686.dem,P00941,1,Heavy-Weapon Anchor
003232874739714228345_1860300686.dem,P01120,3,Budget Headshotter
003232874739714228345_1860300686.dem,P04594,2,Star Fragger
003232874739714228345_1860300686.dem,P04103,3,Budget Headshotter
003232874739714228345_1860300686.dem,P07571,1,Heavy-Weapon Anchor
003232874739714228345_1860300686.dem,P05526,2,Star Fragger
003232874739714228345_1860300686.dem,P05720,1,Heavy-Weapon Anchor
003232875611592589392_0367741639.dem,P10909,1,Heavy-Weapon Anchor
003232875611592589392_0367741639.dem,P04881,1,Heavy-Weapon Anchor
003232875611592589392_0367741639.dem,P01062,1,Heavy-Weapon Anchor
003232875611592589392_0367741639.dem,P09998,1,Heavy-Weapon Anchor
003232875611592589392_0367741639.dem,P03311,2,Star Fragger
003232875611592589392_0367741639.dem,P03561,1,Heavy-Weapon Anchor
003232875611592589392_0367741639.dem,P00180,1,Heavy-Weapon Anchor
003232875611592589392_0367741639.dem,P07547,0,Utility Support
003232875611592589392_0367741639.dem,P06209,3,Budget Headshotter
003232875611592589392_0367741639.dem,P08953,1,Heavy-Weapon Anchor
003232878137033359449_1226456137.dem,P03791,0,Utility Support
003232878137033359449_1226456137.dem,P07355,0,Utility Support
003232878137033359449_1226456137.dem,P03030,0,Utility Support
003232878137033359449_1226456137.dem,P03858,3,Budget Headshotter
003232878137033359449_1226456137.dem,P06056,2,Star Fragger
003232878137033359449_1226456137.dem,P06999,1,Heavy-Weapon Anchor
003232878137033359449_1226456137.dem,P04596,0,Utility Support
003232878137033359449_1226456137.dem,P08802,0,Utility Support
003232878137033359449_1226456137.dem,P03819,0,Utility Support
003232878137033359449_1226456137.dem,P03460,0,Utility Support
003232880196470177805_1637480429.dem,P06662,1,Heavy-Weapon Anchor
003232880196470177805_1637480429.dem,P04780,0,Utility Support
003232880196470177805_1637480429.dem,P02967,3,Budget Headshotter
003232880196470177805_1637480429.dem,P07019,2,Star Fragger
003232880196470177805_1637480429.dem,P01446,2,Star Fragger
003232880196470177805_1637480429.dem,P09196,3,Budget Headshotter
003232880196470177805_1637480429.dem,P05720,3,Budget Headshotter
003232880196470177805_1637480429.dem,P08301,1,Heavy-Weapon Anchor
003232880196470177805_1637480429.dem,P07405,3,Budget Headshotter
003232880196470177805_1637480429.dem,P06792,1,Heavy-Weapon Anchor
003232885678995931144_0946388398.dem,P03521,2,Star Fragger
003232885678995931144_0946388398.dem,P09289,1,Heavy-Weapon Anchor
003232885678995931144_0946388398.dem,P10216,1,Heavy-Weapon Anchor
003232885678995931144_0946388398.dem,P08665,2,Star Fragger
003232885678995931144_0946388398.dem,P05745,3,Budget Headshotter
003232885678995931144_0946388398.dem,P10850,1,Heavy-Weapon Anchor
003232885678995931144_0946388398.dem,P09579,0,Utility Support
003232885678995931144_0946388398.dem,P00624,0,Utility Support
003232885678995931144_0946388398.dem,P10769,0,Utility Support
003232885678995931144_0946388398.dem,P01595,3,Budget Headshotter
003232887184381968478_0646171118.dem,P02543,1,Heavy-Weapon Anchor
003232887184381968478_0646171118.dem,P10609,3,Budget Headshotter
003232887184381968478_0646171118.dem,P06992,3,Budget Headshotter
003232887184381968478_0646171118.dem,P05062,0,Utility Support
003232887184381968478_0646171118.dem,P00863,2,Star Fragger
003232887184381968478_0646171118.dem,P03697,2,Star Fragger
003232887184381968478_0646171118.dem,P01187,1,Heavy-Weapon Anchor
003232887184381968478_0646171118.dem,P06395,1,Heavy-Weapon Anchor
003232887184381968478_0646171118.dem,P07234,1,Heavy-Weapon Anchor
003232887184381968478_0646171118.dem,P03498,1,Heavy-Weapon Anchor
003232887766350037019_0582764599.dem,P06251,3,Budget Headshotter
003232887766350037019_0582764599.dem,P09406,2,Star Fragger
003232887766350037019_0582764599.dem,P02187,3,Budget Headshotter
003232887766350037019_0582764599.dem,P09981,3,Budget Headshotter
003232887766350037019_0582764599.dem,P03420,1,Heavy-Weapon Anchor
003232887766350037019_0582764599.dem,P02362,1,Heavy-Weapon Anchor
003232887766350037019_0582764599.dem,P08762,3,Budget Headshotter
003232887766350037019_0582764599.dem,P06814,2,Star Fragger
003232887766350037019_0582764599.dem,P01137,3,Budget Headshotter
003232889817196920900_0526177207.dem,P04993,0,Utility Support
003232889817196920900_0526177207.dem,P00897,0,Utility Support
003232889817196920900_0526177207.dem,P02170,1,Heavy-Weapon Anchor
003232889817196920900_0526177207.dem,P00966,3,Budget Headshotter
003232889817196920900_0526177207.dem,P10208,0,Utility Support
003232889817196920900_0526177207.dem,P04956,3,Budget Headshotter
003232889817196920900_0526177207.dem,P03635,0,Utility Support
003232889817196920900_0526177207.dem,P04890,1,Heavy-Weapon Anchor
003232889817196920900_0526177207.dem,P10928,1,Heavy-Weapon Anchor
003232889817196920900_0526177207.dem,P01482,1,Heavy-Weapon Anchor
003232892269623246963_1079018028.dem,P08493,3,Budget Headshotter
003232892269623246963_1079018028.dem,P09041,1,Heavy-Weapon Anchor
003232892269623246963_1079018028.dem,P08179,0,Utility Support
003232892269623246963_1079018028.dem,P06992,2,Star Fragger
003232892269623246963_1079018028.dem,P05062,2,Star Fragger
003232892269623246963_1079018028.dem,P00863,2,Star Fragger
003232892269623246963_1079018028.dem,P03200,3,Budget Headshotter
003232892269623246963_1079018028.dem,P08180,3,Budget Headshotter
003232892269623246963_1079018028.dem,P04049,1,Heavy-Weapon Anchor
003232892269623246963_1079018028.dem,P03160,1,Heavy-Weapon Anchor
003232894853046075507_1200322980.dem,P03521,0,Utility Support
003232894853046075507_1200322980.dem,P04326,1,Heavy-Weapon Anchor
003232894853046075507_1200322980.dem,P10346,3,Budget Headshotter
003232894853046075507_1200322980.dem,P10850,0,Utility Support
003232894853046075507_1200322980.dem,P09579,2,Star Fragger
003232894853046075507_1200322980.dem,P08305,2,Star Fragger
003232894853046075507_1200322980.dem,P06650,1,Heavy-Weapon Anchor
003232894853046075507_1200322980.dem,P03312,0,Utility Support
003232894853046075507_1200322980.dem,P00690,0,Utility Support
003232897275407630452_0518485137.dem,P06476,3,Budget Headshotter
003232897275407630452_0518485137.dem,P03946,3,Budget Headshotter
003232897275407630452_0518485137.dem,P04993,0,Utility Support
003232897275407630452_0518485137.dem,P06368,3,Budget Headshotter
003232897275407630452_0518485137.dem,P00270,2,Star Fragger
003232897275407630452_0518485137.dem,P01673,1,Heavy-Weapon Anchor
003232897275407630452_0518485137.dem,P01497,0,Utility Support
003232897275407630452_0518485137.dem,P01482,2,Star Fragger
003232897275407630452_0518485137.dem,P09260,1,Heavy-Weapon Anchor
003232897275407630452_0518485137.dem,P05756,0,Utility Support
003232904538197327897_1276700100.dem,P01832,0,Utility Support
003232904538197327897_1276700100.dem,P04993,2,Star Fragger
003232904538197327897_1276700100.dem,P07987,1,Heavy-Weapon Anchor
003232904538197327897_1276700100.dem,P00818,3,Budget Headshotter
003232904538197327897_1276700100.dem,P07130,1,Heavy-Weapon Anchor
003232904538197327897_1276700100.dem,P08286,0,Utility Support
003232904538197327897_1276700100.dem,P03780,1,Heavy-Weapon Anchor
003232904538197327897_1276700100.dem,P01482,1,Heavy-Weapon Anchor
003232904538197327897_1276700100.dem,P05756,0,Utility Support
003232904538197327897_1276700100.dem,P02634,2,Star Fragger
003232909885431611562_0584975391.dem,P04993,0,Utility Support
003232909885431611562_0584975391.dem,P00966,1,Heavy-Weapon Anchor
003232909885431611562_0584975391.dem,P01730,1,Heavy-Weapon Anchor
003232909885431611562_0584975391.dem,P00109,1,Heavy-Weapon Anchor
003232909885431611562_0584975391.dem,P03183,0,Utility Support
003232909885431611562_0584975391.dem,P09105,1,Heavy-Weapon Anchor
003232909885431611562_0584975391.dem,P02321,0,Utility Support
003232909885431611562_0584975391.dem,P02505,2,Star Fragger
003232909885431611562_0584975391.dem,P01865,1,Heavy-Weapon Anchor
003232909885431611562_0584975391.dem,P01482,0,Utility Support
003232915649277722725_1155019767.dem,P04993,3,Budget Headshotter
003232915649277722725_1155019767.dem,P00114,1,Heavy-Weapon Anchor
003232915649277722725_1155019767.dem,P00966,1,Heavy-Weapon Anchor
003232915649277722725_1155019767.dem,P03158,1,Heavy-Weapon Anchor
003232915649277722725_1155019767.dem,P09544,3,Budget Headshotter
003232915649277722725_1155019767.dem,P00109,1,Heavy-Weapon Anchor
003232915649277722725_1155019767.dem,P10814,0,Utility Support
003232915649277722725_1155019767.dem,P02505,2,Star Fragger
003232915649277722725_1155019767.dem,P09501,3,Budget Headshotter
003232915649277722725_1155019767.dem,P01482,1,Heavy-Weapon Anchor
003232917908430520367_1826751484.dem,P00652,1,Heavy-Weapon Anchor
003232917908430520367_1826751484.dem,P04006,2,Star Fragger
003232917908430520367_1826751484.dem,P06665,1,Heavy-Weapon Anchor
003232917908430520367_1826751484.dem,P08593,3,Budget Headshotter
003232917908430520367_1826751484.dem,P03167,2,Star Fragger
003232917908430520367_1826751484.dem,P09362,2,Star Fragger
003232917908430520367_1826751484.dem,P07261,3,Budget Headshotter
003232917908430520367_1826751484.dem,P02504,0,Utility Support
003232917908430520367_1826751484.dem,P09618,2,Star Fragger
003232917908430520367_1826751484.dem,P09043,1,Heavy-Weapon Anchor
003232920672241975356_0901023567.dem,P03826,1,Heavy-Weapon Anchor
003232920672241975356_0901023567.dem,P04993,1,Heavy-Weapon Anchor
003232920672241975356_0901023567.dem,P00109,3,Budget Headshotter
003232920672241975356_0901023567.dem,P10552,2,Star Fragger
003232920672241975356_0901023567.dem,P04761,3,Budget Headshotter
003232920672241975356_0901023567.dem,P00549,0,Utility Support
003232920672241975356_0901023567.dem,P02505,2,Star Fragger
003232920672241975356_0901023567.dem,P05358,2,Star Fragger
003232920672241975356_0901023567.dem,P01482,1,Heavy-Weapon Anchor
003232924063118655490_1370744532.dem,P05830,2,Star Fragger
003232924063118655490_1370744532.dem,P04993,3,Budget Headshotter
003232924063118655490_1370744532.dem,P04673,3,Budget Headshotter
003232924063118655490_1370744532.dem,P10611,3,Budget Headshotter
003232924063118655490_1370744532.dem,P00109,1,Heavy-Weapon Anchor
003232924063118655490_1370744532.dem,P10208,0,Utility Support
003232924063118655490_1370744532.dem,P05020,2,Star Fragger
003232924063118655490_1370744532.dem,P03990,1,Heavy-Weapon Anchor
003232924836212768825_2130269265.dem,P05131,3,Budget Headshotter
003232924836212768825_2130269265.dem,P10099,3,Budget Headshotter
003232924836212768825_2130269265.dem,P10517,1,Heavy-Weapon Anchor
003232924836212768825_2130269265.dem,P10652,0,Utility Support
003232924836212768825_2130269265.dem,P09545,0,Utility Support
003232924836212768825_2130269265.dem,P06266,3,Budget Headshotter
003232924836212768825_2130269265.dem,P07746,0,Utility Support
003232924836212768825_2130269265.dem,P05598,2,Star Fragger
003232924836212768825_2130269265.dem,P09123,3,Budget Headshotter
003232924836212768825_2130269265.dem,P07399,1,Heavy-Weapon Anchor
003232925128270544964_0124933565.dem,P05777,1,Heavy-Weapon Anchor
003232925128270544964_0124933565.dem,P01663,0,Utility Support
003232925128270544964_0124933565.dem,P04325,1,Heavy-Weapon Anchor
003232925128270544964_0124933565.dem,P03167,1,Heavy-Weapon Anchor
003232925128270544964_0124933565.dem,P08873,0,Utility Support
003232925128270544964_0124933565.dem,P04729,1,Heavy-Weapon Anchor
003232925128270544964_0124933565.dem,P09362,1,Heavy-Weapon Anchor
003232925128270544964_0124933565.dem,P07261,3,Budget Headshotter
003232925128270544964_0124933565.dem,P10812,0,Utility Support
003232925128270544964_0124933565.dem,P10353,2,Star Fragger
003232929068903039066_0538853467.dem,P04993,3,Budget Headshotter
003232929068903039066_0538853467.dem,P04673,3,Budget Headshotter
003232929068903039066_0538853467.dem,P01196,3,Budget Headshotter
003232929068903039066_0538853467.dem,P09495,0,Utility Support
003232929068903039066_0538853467.dem,P00109,1,Heavy-Weapon Anchor
003232929068903039066_0538853467.dem,P10208,0,Utility Support
003232929068903039066_0538853467.dem,P01522,0,Utility Support
003232929068903039066_0538853467.dem,P00273,0,Utility Support
003232929068903039066_0538853467.dem,P05617,2,Star Fragger
003232929068903039066_0538853467.dem,P10716,0,Utility Support
003232931130487341089_1780551340.dem,P06821,0,Utility Support
003232931130487341089_1780551340.dem,P01591,3,Budget Headshotter
003232931130487341089_1780551340.dem,P02773,0,Utility Support
003232931130487341089_1780551340.dem,P10343,0,Utility Support
003232931130487341089_1780551340.dem,P00423,1,Heavy-Weapon Anchor
003232931130487341089_1780551340.dem,P08308,1,Heavy-Weapon Anchor
003232931130487341089_1780551340.dem,P01901,3,Budget Headshotter
003232931130487341089_1780551340.dem,P10652,1,Heavy-Weapon Anchor
003232931130487341089_1780551340.dem,P06940,1,Heavy-Weapon Anchor
003232931130487341089_1780551340.dem,P08248,1,Heavy-Weapon Anchor
003232937529988612198_0366560422.dem,P06821,1,Heavy-Weapon Anchor
003232937529988612198_0366560422.dem,P07534,2,Star Fragger
003232937529988612198_0366560422.dem,P00544,3,Budget Headshotter
003232937529988612198_0366560422.dem,P02446,2,Star Fragger
003232937529988612198_0366560422.dem,P05269,0,Utility Support
003232937529988612198_0366560422.dem,P10577,1,Heavy-Weapon Anchor
003232937529988612198_0366560422.dem,P09152,3,Budget Headshotter
003232937529988612198_0366560422.dem,P10652,3,Budget Headshotter
003232937529988612198_0366560422.dem,P07115,3,Budget Headshotter
003232937529988612198_0366560422.dem,P07246,3,Budget Headshotter
003232965400031395918_0712060679.dem,P03521,0,Utility Support
003232965400031395918_0712060679.dem,P01666,1,Heavy-Weapon Anchor
003232965400031395918_0712060679.dem,P10089,2,Star Fragger
003232965400031395918_0712060679.dem,P03684,1,Heavy-Weapon Anchor
003232965400031395918_0712060679.dem,P00656,2,Star Fragger
003232965400031395918_0712060679.dem,P10850,0,Utility Support
003232965400031395918_0712060679.dem,P09579,3,Budget Headshotter
003232965400031395918_0712060679.dem,P09195,3,Budget Headshotter
003232965400031395918_0712060679.dem,P06888,2,Star Fragger
003232965400031395918_0712060679.dem,P10387,3,Budget Headshotter
003232973070842986614_0621435854.dem,P02660,1,Heavy-Weapon Anchor
003232973070842986614_0621435854.dem,P03521,0,Utility Support
003232973070842986614_0621435854.dem,P07435,1,Heavy-Weapon Anchor
003232973070842986614_0621435854.dem,P01351,0,Utility Support
003232973070842986614_0621435854.dem,P10747,0,Utility Support
003232973070842986614_0621435854.dem,P00091,1,Heavy-Weapon Anchor
003232973070842986614_0621435854.dem,P10850,0,Utility Support
003232973070842986614_0621435854.dem,P05452,3,Budget Headshotter
003232973070842986614_0621435854.dem,P09579,1,Heavy-Weapon Anchor
003232981798216532135_1121581183.dem,P03521,0,Utility Support
003232981798216532135_1121581183.dem,P05387,3,Budget Headshotter
003232981798216532135_1121581183.dem,P10129,2,Star Fragger
003232981798216532135_1121581183.dem,P00825,1,Heavy-Weapon Anchor
003232981798216532135_1121581183.dem,P01259,1,Heavy-Weapon Anchor
003232981798216532135_1121581183.dem,P08019,0,Utility Support
003232981798216532135_1121581183.dem,P10130,1,Heavy-Weapon Anchor
003232981798216532135_1121581183.dem,P01538,0,Utility Support
003232981798216532135_1121581183.dem,P01886,0,Utility Support
003232981798216532135_1121581183.dem,P10850,0,Utility Support
003233020259648668013_1596338643.dem,P07436,3,Budget Headshotter
003233020259648668013_1596338643.dem,P05016,3,Budget Headshotter
003233020259648668013_1596338643.dem,P03641,0,Utility Support
003233020259648668013_1596338643.dem,P05658,1,Heavy-Weapon Anchor
003233020259648668013_1596338643.dem,P00715,2,Star Fragger
003233020259648668013_1596338643.dem,P04046,3,Budget Headshotter
003233020259648668013_1596338643.dem,P00564,0,Utility Support
003233020259648668013_1596338643.dem,P07225,0,Utility Support
003233020259648668013_1596338643.dem,P09307,1,Heavy-Weapon Anchor
003233020259648668013_1596338643.dem,P10069,0,Utility Support
003233021348422877507_0323481139.dem,P03033,3,Budget Headshotter
003233021348422877507_0323481139.dem,P09022,2,Star Fragger
003233021348422877507_0323481139.dem,P06311,1,Heavy-Weapon Anchor
003233021348422877507_0323481139.dem,P00757,2,Star Fragger
003233021348422877507_0323481139.dem,P08128,2,Star Fragger
003233021348422877507_0323481139.dem,P09572,1,Heavy-Weapon Anchor
003233021348422877507_0323481139.dem,P02011,0,Utility Support
003233021348422877507_0323481139.dem,P03342,0,Utility Support
003233021348422877507_0323481139.dem,P08629,3,Budget Headshotter
003233021348422877507_0323481139.dem,P08527,3,Budget Headshotter
003233027174546014265_0267229836.dem,P03663,0,Utility Support
003233027174546014265_0267229836.dem,P01881,2,Star Fragger
003233027174546014265_0267229836.dem,P01453,1,Heavy-Weapon Anchor
003233027174546014265_0267229836.dem,P05466,1,Heavy-Weapon Anchor
003233027174546014265_0267229836.dem,P02510,0,Utility Support
003233027174546014265_0267229836.dem,P02189,0,Utility Support
003233027174546014265_0267229836.dem,P02447,1,Heavy-Weapon Anchor
003233027174546014265_0267229836.dem,P06521,3,Budget Headshotter
003233027174546014265_0267229836.dem,P02484,3,Budget Headshotter
003233027174546014265_0267229836.dem,P08853,0,Utility Support
003233034712213618812_0467713073.dem,P01169,3,Budget Headshotter
003233034712213618812_0467713073.dem,P01447,3,Budget Headshotter
003233034712213618812_0467713073.dem,P01699,0,Utility Support
003233034712213618812_0467713073.dem,P03576,2,Star Fragger
003233034712213618812_0467713073.dem,P01934,1,Heavy-Weapon Anchor
003233034712213618812_0467713073.dem,P05289,2,Star Fragger
003233034712213618812_0467713073.dem,P04433,3,Budget Headshotter
003233034712213618812_0467713073.dem,P05099,1,Heavy-Weapon Anchor
003233034712213618812_0467713073.dem,P02939,1,Heavy-Weapon Anchor
003233034712213618812_0467713073.dem,P02461,0,Utility Support
003233035126677962938_0585476645.dem,P04993,2,Star Fragger
003233035126677962938_0585476645.dem,P03473,0,Utility Support
003233035126677962938_0585476645.dem,P00109,2,Star Fragger
003233035126677962938_0585476645.dem,P04266,0,Utility Support
003233035126677962938_0585476645.dem,P00477,0,Utility Support
003233035126677962938_0585476645.dem,P01261,0,Utility Support
003233035126677962938_0585476645.dem,P04842,1,Heavy-Weapon Anchor
003233035126677962938_0585476645.dem,P10210,1,Heavy-Weapon Anchor
003233035126677962938_0585476645.dem,P03711,3,Budget Headshotter
003233035126677962938_0585476645.dem,P06857,0,Utility Support
003233038466015035579_1722025183.dem,P03596,1,Heavy-Weapon Anchor
003233038466015035579_1722025183.dem,P09031,1,Heavy-Weapon Anchor
003233038466015035579_1722025183.dem,P05464,3,Budget Headshotter
003233038466015035579_1722025183.dem,P06748,3,Budget Headshotter
003233038466015035579_1722025183.dem,P07726,3,Budget Headshotter
003233038466015035579_1722025183.dem,P03458,1,Heavy-Weapon Anchor
003233038466015035579_1722025183.dem,P01878,0,Utility Support
003233038466015035579_1722025183.dem,P10811,3,Budget Headshotter
003233038466015035579_1722025183.dem,P06548,0,Utility Support
003233038466015035579_1722025183.dem,P10652,3,Budget Headshotter
003233040110987509849_0946812856.dem,P04993,0,Utility Support
003233040110987509849_0946812856.dem,P00966,2,Star Fragger
003233040110987509849_0946812856.dem,P02096,1,Heavy-Weapon Anchor
003233040110987509849_0946812856.dem,P07437,1,Heavy-Weapon Anchor
003233040110987509849_0946812856.dem,P00109,2,Star Fragger
003233040110987509849_0946812856.dem,P03882,1,Heavy-Weapon Anchor
003233040110987509849_0946812856.dem,P00263,2,Star Fragger
003233040110987509849_0946812856.dem,P07408,0,Utility Support
003233040110987509849_0946812856.dem,P02177,1,Heavy-Weapon Anchor
003233047996547465289_0647920940.dem,P02487,0,Utility Support
003233047996547465289_0647920940.dem,P04993,1,Heavy-Weapon Anchor
003233047996547465289_0647920940.dem,P00109,2,Star Fragger
003233047996547465289_0647920940.dem,P03307,2,Star Fragger
003233047996547465289_0647920940.dem,P01189,3,Budget Headshotter
003233047996547465289_0647920940.dem,P09973,0,Utility Support
003233047996547465289_0647920940.dem,P07408,0,Utility Support
003233047996547465289_0647920940.dem,P05965,1,Heavy-Weapon Anchor
003233047996547465289_0647920940.dem,P02177,1,Heavy-Weapon Anchor
003233047996547465289_0647920940.dem,P10173,3,Budget Headshotter
003233052899252633887_2016176054.dem,P04632,0,Utility Support
003233052899252633887_2016176054.dem,P10031,3,Budget Headshotter
003233052899252633887_2016176054.dem,P02005,2,Star Fragger
003233052899252633887_2016176054.dem,P01809,2,Star Fragger
003233052899252633887_2016176054.dem,P09247,3,Budget Headshotter
003233052899252633887_2016176054.dem,P10684,3,Budget Headshotter
003233052899252633887_2016176054.dem,P03657,1,Heavy-Weapon Anchor
003233052899252633887_2016176054.dem,P06555,1,Heavy-Weapon Anchor
003233052899252633887_2016176054.dem,P09748,1,Heavy-Weapon Anchor
003233052899252633887_2016176054.dem,P02386,1,Heavy-Weapon Anchor
003233053734623773010_0510511712.dem,P07878,1,Heavy-Weapon Anchor
003233053734623773010_0510511712.dem,P07745,0,Utility Support
003233053734623773010_0510511712.dem,P06293,1,Heavy-Weapon Anchor
003233053734623773010_0510511712.dem,P10412,1,Heavy-Weapon Anchor
003233053734623773010_0510511712.dem,P01848,1,Heavy-Weapon Anchor
003233053734623773010_0510511712.dem,P08989,2,Star Fragger
003233053734623773010_0510511712.dem,P05866,2,Star Fragger
003233053734623773010_0510511712.dem,P05132,1,Heavy-Weapon Anchor
003233053734623773010_0510511712.dem,P00913,1,Heavy-Weapon Anchor
003233053734623773010_0510511712.dem,P02186,1,Heavy-Weapon Anchor
003233053784015896845_0401903689.dem,P04993,3,Budget Headshotter
003233053784015896845_0401903689.dem,P02501,3,Budget Headshotter
003233053784015896845_0401903689.dem,P00109,3,Budget Headshotter
003233053784015896845_0401903689.dem,P03860,0,Utility Support
003233053784015896845_0401903689.dem,P07408,0,Utility Support
003233053784015896845_0401903689.dem,P01997,3,Budget Headshotter
003233053784015896845_0401903689.dem,P00824,1,Heavy-Weapon Anchor
003233053784015896845_0401903689.dem,P02505,2,Star Fragger
003233053784015896845_0401903689.dem,P03984,1,Heavy-Weapon Anchor
003233053784015896845_0401903689.dem,P00506,0,Utility Support
003233056421125816592_0719027287.dem,P10342,0,Utility Support
003233056421125816592_0719027287.dem,P08657,0,Utility Support
003233056421125816592_0719027287.dem,P05015,2,Star Fragger
003233056421125816592_0719027287.dem,P09190,1,Heavy-Weapon Anchor
003233056421125816592_0719027287.dem,P05108,3,Budget Headshotter
003233056421125816592_0719027287.dem,P02236,1,Heavy-Weapon Anchor
003233056421125816592_0719027287.dem,P03148,0,Utility Support
003233056421125816592_0719027287.dem,P04777,1,Heavy-Weapon Anchor
003233056421125816592_0719027287.dem,P06676,0,Utility Support
003233056421125816592_0719027287.dem,P05606,1,Heavy-Weapon Anchor
003233059532829622631_0626146200.dem,P04993,1,Heavy-Weapon Anchor
003233059532829622631_0626146200.dem,P00109,1,Heavy-Weapon Anchor
003233059532829622631_0626146200.dem,P06720,0,Utility Support
003233059532829622631_0626146200.dem,P01408,3,Budget Headshotter
003233059532829622631_0626146200.dem,P09864,2,Star Fragger
003233059532829622631_0626146200.dem,P08931,1,Heavy-Weapon Anchor
003233059532829622631_0626146200.dem,P07408,0,Utility Support
003233059532829622631_0626146200.dem,P02264,0,Utility Support
003233059532829622631_0626146200.dem,P00824,1,Heavy-Weapon Anchor
003233059532829622631_0626146200.dem,P02505,2,Star Fragger
003233061864996864285_1792317649.dem,P07423,2,Star Fragger
003233061864996864285_1792317649.dem,P09466,1,Heavy-Weapon Anchor
003233061864996864285_1792317649.dem,P02205,1,Heavy-Weapon Anchor
003233061864996864285_1792317649.dem,P08611,3,Budget Headshotter
003233061864996864285_1792317649.dem,P06770,1,Heavy-Weapon Anchor
003233061864996864285_1792317649.dem,P08835,2,Star Fragger
003233061864996864285_1792317649.dem,P03433,1,Heavy-Weapon Anchor
003233061864996864285_1792317649.dem,P03702,1,Heavy-Weapon Anchor
003233061864996864285_1792317649.dem,P04120,2,Star Fragger
003233061864996864285_1792317649.dem,P00373,3,Budget Headshotter
003233064892948807883_0574526537.dem,P07878,2,Star Fragger
003233064892948807883_0574526537.dem,P07745,1,Heavy-Weapon Anchor
003233064892948807883_0574526537.dem,P07696,3,Budget Headshotter
003233064892948807883_0574526537.dem,P00348,1,Heavy-Weapon Anchor
003233064892948807883_0574526537.dem,P10506,0,Utility Support
003233064892948807883_0574526537.dem,P07204,3,Budget Headshotter
003233064892948807883_0574526537.dem,P08295,1,Heavy-Weapon Anchor
003233064892948807883_0574526537.dem,P05262,2,Star Fragger
003233064892948807883_0574526537.dem,P07698,3,Budget Headshotter
003233064892948807883_0574526537.dem,P04020,0,Utility Support
003233067480666603527_0581561641.dem,P01948,0,Utility Support
003233067480666603527_0581561641.dem,P02685,0,Utility Support
003233067480666603527_0581561641.dem,P10200,2,Star Fragger
003233067480666603527_0581561641.dem,P01771,0,Utility Support
003233067480666603527_0581561641.dem,P03249,2,Star Fragger
003233067480666603527_0581561641.dem,P02435,2,Star Fragger
003233067480666603527_0581561641.dem,P01833,3,Budget Headshotter
003233067480666603527_0581561641.dem,P07037,2,Star Fragger
003233067480666603527_0581561641.dem,P08733,3,Budget Headshotter
003233068114174279823_0932573543.dem,P09583,3,Budget Headshotter
003233068114174279823_0932573543.dem,P05036,0,Utility Support
003233068114174279823_0932573543.dem,P03719,2,Star Fragger
003233068114174279823_0932573543.dem,P07809,1,Heavy-Weapon Anchor
003233068114174279823_0932573543.dem,P08553,3,Budget Headshotter
003233068114174279823_0932573543.dem,P03453,3,Budget Headshotter
003233068114174279823_0932573543.dem,P04981,3,Budget Headshotter
003233068114174279823_0932573543.dem,P04997,0,Utility Support
003233068114174279823_0932573543.dem,P09535,1,Heavy-Weapon Anchor
003233068114174279823_0932573543.dem,P05936,2,Star Fragger
003233079697701077031_2063636213.dem,P02360,3,Budget Headshotter
003233079697701077031_2063636213.dem,P03760,1,Heavy-Weapon Anchor
003233079697701077031_2063636213.dem,P07279,1,Heavy-Weapon Anchor
003233079697701077031_2063636213.dem,P10771,2,Star Fragger
003233079697701077031_2063636213.dem,P03181,2,Star Fragger
003233079697701077031_2063636213.dem,P07582,2,Star Fragger
003233079697701077031_2063636213.dem,P08244,1,Heavy-Weapon Anchor
003233079697701077031_2063636213.dem,P02742,1,Heavy-Weapon Anchor
003233079697701077031_2063636213.dem,P05458,3,Budget Headshotter
003233085661263167695_1070057074.dem,P04276,3,Budget Headshotter
003233085661263167695_1070057074.dem,P08165,1,Heavy-Weapon Anchor
003233085661263167695_1070057074.dem,P07006,3,Budget Headshotter
003233085661263167695_1070057074.dem,P02949,2,Star Fragger
003233085661263167695_1070057074.dem,P07279,3,Budget Headshotter
003233085661263167695_1070057074.dem,P03181,3,Budget Headshotter
003233085661263167695_1070057074.dem,P07582,2,Star Fragger
003233085661263167695_1070057074.dem,P03297,0,Utility Support
003233085661263167695_1070057074.dem,P04013,1,Heavy-Weapon Anchor
003233085661263167695_1070057074.dem,P01750,0,Utility Support
003233091777296597096_1599398378.dem,P00027,3,Budget Headshotter
003233091777296597096_1599398378.dem,P05655,1,Heavy-Weapon Anchor
003233091777296597096_1599398378.dem,P02433,0,Utility Support
003233091777296597096_1599398378.dem,P01303,0,Utility Support
003233091777296597096_1599398378.dem,P07146,0,Utility Support
003233091777296597096_1599398378.dem,P00478,3,Budget Headshotter
003233091777296597096_1599398378.dem,P08446,2,Star Fragger
003233091777296597096_1599398378.dem,P07783,0,Utility Support
003233091777296597096_1599398378.dem,P04412,1,Heavy-Weapon Anchor
003233091777296597096_1599398378.dem,P08332,0,Utility Support
003233093355697078341_1788800468.dem,P08389,3,Budget Headshotter
003233093355697078341_1788800468.dem,P02818,2,Star Fragger
003233093355697078341_1788800468.dem,P05197,1,Heavy-Weapon Anchor
003233093355697078341_1788800468.dem,P08110,1,Heavy-Weapon Anchor
003233093355697078341_1788800468.dem,P08064,2,Star Fragger
003233093355697078341_1788800468.dem,P06945,1,Heavy-Weapon Anchor
003233093355697078341_1788800468.dem,P05413,3,Budget Headshotter
003233093355697078341_1788800468.dem,P09537,2,Star Fragger
003233093355697078341_1788800468.dem,P00349,0,Utility Support
003233093355697078341_1788800468.dem,P09847,3,Budget Headshotter
003233107876981506173_1890414625.dem,P09710,1,Heavy-Weapon Anchor
003233107876981506173_1890414625.dem,P04993,3,Budget Headshotter
003233107876981506173_1890414625.dem,P00109,2,Star Fragger
003233107876981506173_1890414625.dem,P01356,2,Star Fragger
003233107876981506173_1890414625.dem,P09052,0,Utility Support
003233107876981506173_1890414625.dem,P06923,0,Utility Support
003233107876981506173_1890414625.dem,P00536,1,Heavy-Weapon Anchor
003233107876981506173_1890414625.dem,P06747,0,Utility Support
003233107876981506173_1890414625.dem,P09065,0,Utility Support
003233107876981506173_1890414625.dem,P07459,3,Budget Headshotter
003233112799014027325_1892003861.dem,P08798,0,Utility Support
003233112799014027325_1892003861.dem,P09710,1,Heavy-Weapon Anchor
003233112799014027325_1892003861.dem,P04993,0,Utility Support
003233112799014027325_1892003861.dem,P01185,1,Heavy-Weapon Anchor
003233112799014027325_1892003861.dem,P01847,3,Budget Headshotter
003233112799014027325_1892003861.dem,P00109,2,Star Fragger
003233112799014027325_1892003861.dem,P04772,2,Star Fragger
003233112799014027325_1892003861.dem,P01135,0,Utility Support
003233112799014027325_1892003861.dem,P00294,3,Budget Headshotter
003233112799014027325_1892003861.dem,P01559,3,Budget Headshotter
003233117912172593201_2046268261.dem,P01887,0,Utility Support
003233117912172593201_2046268261.dem,P06915,1,Heavy-Weapon Anchor
003233117912172593201_2046268261.dem,P01736,2,Star Fragger
003233117912172593201_2046268261.dem,P06970,0,Utility Support
003233117912172593201_2046268261.dem,P10326,1,Heavy-Weapon Anchor
003233117912172593201_2046268261.dem,P01437,0,Utility Support
003233117912172593201_2046268261.dem,P04984,3,Budget Headshotter
003233117912172593201_2046268261.dem,P01592,1,Heavy-Weapon Anchor
003233117912172593201_2046268261.dem,P02230,0,Utility Support
003233117912172593201_2046268261.dem,P00651,3,Budget Headshotter
003233119647339380899_1455370227.dem,P04993,3,Budget Headshotter
003233119647339380899_1455370227.dem,P07236,2,Star Fragger
003233119647339380899_1455370227.dem,P00109,3,Budget Headshotter
003233119647339380899_1455370227.dem,P10208,0,Utility Support
003233119647339380899_1455370227.dem,P02531,1,Heavy-Weapon Anchor
003233119647339380899_1455370227.dem,P08744,0,Utility Support
003233119647339380899_1455370227.dem,P09996,0,Utility Support
003233119647339380899_1455370227.dem,P10587,3,Budget Headshotter
003233119647339380899_1455370227.dem,P05444,0,Utility Support
003233119647339380899_1455370227.dem,P01482,2,Star Fragger
003233125443397746784_0282790117.dem,P04993,0,Utility Support
003233125443397746784_0282790117.dem,P00034,3,Budget Headshotter
003233125443397746784_0282790117.dem,P07876,0,Utility Support
003233125443397746784_0282790117.dem,P00109,1,Heavy-Weapon Anchor
003233125443397746784_0282790117.dem,P01739,1,Heavy-Weapon Anchor
003233125443397746784_0282790117.dem,P00982,1,Heavy-Weapon Anchor
003233125443397746784_0282790117.dem,P09631,1,Heavy-Weapon Anchor
003233125443397746784_0282790117.dem,P10587,0,Utility Support
003233125443397746784_0282790117.dem,P05153,3,Budget Headshotter
003233125443397746784_0282790117.dem,P01482,0,Utility Support
003233132040467513442_1652815775.dem,P04993,2,Star Fragger
003233132040467513442_1652815775.dem,P00033,0,Utility Support
003233132040467513442_1652815775.dem,P03587,0,Utility Support
003233132040467513442_1652815775.dem,P07206,1,Heavy-Weapon Anchor
003233132040467513442_1652815775.dem,P00109,2,Star Fragger
003233132040467513442_1652815775.dem,P10825,1,Heavy-Weapon Anchor
003233132040467513442_1652815775.dem,P01726,3,Budget Headshotter
003233132040467513442_1652815775.dem,P10587,3,Budget Headshotter
003233132040467513442_1652815775.dem,P06481,1,Heavy-Weapon Anchor
003233132040467513442_1652815775.dem,P01523,3,Budget Headshotter
003233140361966649561_0201801837.dem,P04993,1,Heavy-Weapon Anchor
003233140361966649561_0201801837.dem,P03587,1,Heavy-Weapon Anchor
003233140361966649561_0201801837.dem,P06875,3,Budget Headshotter
003233140361966649561_0201801837.dem,P00109,2,Star Fragger
003233140361966649561_0201801837.dem,P10926,2,Star Fragger
003233140361966649561_0201801837.dem,P10448,3,Budget Headshotter
003233140361966649561_0201801837.dem,P05284,3,Budget Headshotter
003233140361966649561_0201801837.dem,P09522,1,Heavy-Weapon Anchor
003233140361966649561_0201801837.dem,P10587,3,Budget Headshotter
003233140361966649561_0201801837.dem,P10035,3,Budget Headshotter
003233170072402919648_1284336705.dem,P08001,3,Budget Headshotter
003233170072402919648_1284336705.dem,P03567,1,Heavy-Weapon Anchor
003233170072402919648_1284336705.dem,P03181,2,Star Fragger
003233170072402919648_1284336705.dem,P07731,3,Budget Headshotter
003233170072402919648_1284336705.dem,P03721,0,Utility Support
003233170072402919648_1284336705.dem,P03889,1,Heavy-Weapon Anchor
003233170072402919648_1284336705.dem,P03618,0,Utility Support
003233170072402919648_1284336705.dem,P00094,2,Star Fragger
003233170072402919648_1284336705.dem,P05179,1,Heavy-Weapon Anchor
003233170072402919648_1284336705.dem,P04069,3,Budget Headshotter
003233174167654236380_1169928603.dem,P03767,0,Utility Support
003233174167654236380_1169928603.dem,P04243,1,Heavy-Weapon Anchor
003233174167654236380_1169928603.dem,P00635,3,Budget Headshotter
003233174167654236380_1169928603.dem,P04833,0,Utility Support
003233174167654236380_1169928603.dem,P02176,3,Budget Headshotter
003233174167654236380_1169928603.dem,P06005,0,Utility Support
003233174167654236380_1169928603.dem,P07692,2,Star Fragger
003233174167654236380_1169928603.dem,P01535,3,Budget Headshotter
003233174167654236380_1169928603.dem,P03566,1,Heavy-Weapon Anchor
003233174167654236380_1169928603.dem,P05523,3,Budget Headshotter
003233176059587330310_1819177345.dem,P02821,2,Star Fragger
003233176059587330310_1819177345.dem,P02513,2,Star Fragger
003233176059587330310_1819177345.dem,P05513,3,Budget Headshotter
003233176059587330310_1819177345.dem,P04627,0,Utility Support
003233176059587330310_1819177345.dem,P10574,3,Budget Headshotter
003233176059587330310_1819177345.dem,P09316,2,Star Fragger
003233176059587330310_1819177345.dem,P03181,0,Utility Support
003233176059587330310_1819177345.dem,P03721,3,Budget Headshotter
003233176059587330310_1819177345.dem,P00094,3,Budget Headshotter
003233176059587330310_1819177345.dem,P05391,1,Heavy-Weapon Anchor
003233181342397104152_1162383263.dem,P05180,2,Star Fragger
003233181342397104152_1162383263.dem,P01002,3,Budget Headshotter
003233181342397104152_1162383263.dem,P08415,3,Budget Headshotter
003233181342397104152_1162383263.dem,P01683,3,Budget Headshotter
003233181342397104152_1162383263.dem,P03181,2,Star Fragger
003233181342397104152_1162383263.dem,P00573,2,Star Fragger
003233181342397104152_1162383263.dem,P07700,3,Budget Headshotter
003233181342397104152_1162383263.dem,P08129,3,Budget Headshotter
003233181342397104152_1162383263.dem,P07407,2,Star Fragger
003233181342397104152_1162383263.dem,P02938,3,Budget Headshotter
003233186919412138436_1895811654.dem,P06381,0,Utility Support
003233186919412138436_1895811654.dem,P05180,0,Utility Support
003233186919412138436_1895811654.dem,P01520,0,Utility Support
003233186919412138436_1895811654.dem,P05889,3,Budget Headshotter
003233186919412138436_1895811654.dem,P03181,2,Star Fragger
003233186919412138436_1895811654.dem,P08747,3,Budget Headshotter
003233186919412138436_1895811654.dem,P08129,2,Star Fragger
003233186919412138436_1895811654.dem,P07634,3,Budget Headshotter
003233186919412138436_1895811654.dem,P07407,3,Budget Headshotter
003233186919412138436_1895811654.dem,P00454,3,Budget Headshotter
003233187965236674575_0420690632.dem,P02156,1,Heavy-Weapon Anchor
003233187965236674575_0420690632.dem,P02537,0,Utility Support
003233187965236674575_0420690632.dem,P10709,2,Star Fragger
003233187965236674575_0420690632.dem,P07468,3,Budget Headshotter
003233187965236674575_0420690632.dem,P01803,1,Heavy-Weapon Anchor
003233187965236674575_0420690632.dem,P00958,0,Utility Support
003233187965236674575_0420690632.dem,P10240,3,Budget Headshotter
003233187965236674575_0420690632.dem,P10911,1,Heavy-Weapon Anchor
003233187965236674575_0420690632.dem,P02078,1,Heavy-Weapon Anchor
003233194970328334588_1981362221.dem,P10594,3,Budget Headshotter
003233194970328334588_1981362221.dem,P05180,0,Utility Support
003233194970328334588_1981362221.dem,P05662,3,Budget Headshotter
003233194970328334588_1981362221.dem,P09546,1,Heavy-Weapon Anchor
003233194970328334588_1981362221.dem,P03181,2,Star Fragger
003233194970328334588_1981362221.dem,P06267,2,Star Fragger
003233194970328334588_1981362221.dem,P02820,3,Budget Headshotter
003233194970328334588_1981362221.dem,P06988,3,Budget Headshotter
003233194970328334588_1981362221.dem,P05917,1,Heavy-Weapon Anchor
003233194970328334588_1981362221.dem,P10671,0,Utility Support
003233196789246984222_2024642071.dem,P01964,0,Utility Support
003233196789246984222_2024642071.dem,P02536,1,Heavy-Weapon Anchor
003233196789246984222_2024642071.dem,P08263,1,Heavy-Weapon Anchor
003233196789246984222_2024642071.dem,P10681,0,Utility Support
003233196789246984222_2024642071.dem,P04343,2,Star Fragger
003233196789246984222_2024642071.dem,P03110,2,Star Fragger
003233196789246984222_2024642071.dem,P05340,0,Utility Support
003233196789246984222_2024642071.dem,P02365,3,Budget Headshotter
003233196789246984222_2024642071.dem,P03262,3,Budget Headshotter
003233196789246984222_2024642071.dem,P04764,3,Budget Headshotter
003233200768534184270_1072893226.dem,P09315,2,Star Fragger
003233200768534184270_1072893226.dem,P05504,3,Budget Headshotter
003233200768534184270_1072893226.dem,P07663,1,Heavy-Weapon Anchor
003233200768534184270_1072893226.dem,P10445,3,Budget Headshotter
003233200768534184270_1072893226.dem,P08430,2,Star Fragger
003233200768534184270_1072893226.dem,P06349,1,Heavy-Weapon Anchor
003233200768534184270_1072893226.dem,P06061,1,Heavy-Weapon Anchor
003233200768534184270_1072893226.dem,P07377,1,Heavy-Weapon Anchor
003233200768534184270_1072893226.dem,P08496,2,Star Fragger
003233200768534184270_1072893226.dem,P10817,1,Heavy-Weapon Anchor
003233200901678170604_0010377541.dem,P10259,1,Heavy-Weapon Anchor
003233200901678170604_0010377541.dem,P03169,2,Star Fragger
003233200901678170604_0010377541.dem,P03179,1,Heavy-Weapon Anchor
003233200901678170604_0010377541.dem,P04493,0,Utility Support
003233200901678170604_0010377541.dem,P05707,3,Budget Headshotter
003233200901678170604_0010377541.dem,P09897,0,Utility Support
003233200901678170604_0010377541.dem,P05587,2,Star Fragger
003233200901678170604_0010377541.dem,P06356,1,Heavy-Weapon Anchor
003233200901678170604_0010377541.dem,P04223,2,Star Fragger
003233200901678170604_0010377541.dem,P06599,1,Heavy-Weapon Anchor
003233201056296993126_1500441746.dem,P04369,3,Budget Headshotter
003233201056296993126_1500441746.dem,P00184,1,Heavy-Weapon Anchor
003233201056296993126_1500441746.dem,P09564,2,Star Fragger
003233201056296993126_1500441746.dem,P02970,1,Heavy-Weapon Anchor
003233201056296993126_1500441746.dem,P07860,3,Budget Headshotter
003233201056296993126_1500441746.dem,P07833,3,Budget Headshotter
003233201056296993126_1500441746.dem,P10730,1,Heavy-Weapon Anchor
003233201056296993126_1500441746.dem,P09346,1,Heavy-Weapon Anchor
003233201056296993126_1500441746.dem,P02789,2,Star Fragger
003233201056296993126_1500441746.dem,P02250,1,Heavy-Weapon Anchor
003233201406336827772_0383922884.dem,P10594,3,Budget Headshotter
003233201406336827772_0383922884.dem,P05180,0,Utility Support
003233201406336827772_0383922884.dem,P03181,2,Star Fragger
003233201406336827772_0383922884.dem,P10858,1,Heavy-Weapon Anchor
003233201406336827772_0383922884.dem,P07030,0,Utility Support
003233201406336827772_0383922884.dem,P03572,2,Star Fragger
003233201406336827772_0383922884.dem,P06988,0,Utility Support
003233201406336827772_0383922884.dem,P10671,0,Utility Support
003233201406336827772_0383922884.dem,P03623,3,Budget Headshotter
003233201406336827772_0383922884.dem,P09622,1,Heavy-Weapon Anchor
003233202437128978913_0201284879.dem,P04741,2,Star Fragger
003233202437128978913_0201284879.dem,P03348,3,Budget Headshotter
003233202437128978913_0201284879.dem,P02289,1,Heavy-Weapon Anchor
003233202437128978913_0201284879.dem,P10687,3,Budget Headshotter
003233202437128978913_0201284879.dem,P01978,3,Budget Headshotter
003233202437128978913_0201284879.dem,P03947,3,Budget Headshotter
003233202437128978913_0201284879.dem,P09884,1,Heavy-Weapon Anchor
003233202437128978913_0201284879.dem,P03405,0,Utility Support
003233202437128978913_0201284879.dem,P06846,2,Star Fragger
003233202437128978913_0201284879.dem,P03772,1,Heavy-Weapon Anchor
003233210211019784520_1708600506.dem,P10772,0,Utility Support
003233210211019784520_1708600506.dem,P03428,0,Utility Support
003233210211019784520_1708600506.dem,P00460,2,Star Fragger
003233210211019784520_1708600506.dem,P00778,1,Heavy-Weapon Anchor
003233210211019784520_1708600506.dem,P02272,2,Star Fragger
003233210211019784520_1708600506.dem,P04559,3,Budget Headshotter
003233210211019784520_1708600506.dem,P07915,3,Budget Headshotter
003233210211019784520_1708600506.dem,P01578,3,Budget Headshotter
003233210211019784520_1708600506.dem,P08041,3,Budget Headshotter
003233210211019784520_1708600506.dem,P03978,2,Star Fragger
003233211218189615480_2016176054.dem,P04993,0,Utility Support
003233211218189615480_2016176054.dem,P10278,0,Utility Support
003233211218189615480_2016176054.dem,P02600,2,Star Fragger
003233211218189615480_2016176054.dem,P03677,3,Budget Headshotter
003233211218189615480_2016176054.dem,P01167,1,Heavy-Weapon Anchor
003233211218189615480_2016176054.dem,P04081,2,Star Fragger
003233211218189615480_2016176054.dem,P10587,3,Budget Headshotter
003233211218189615480_2016176054.dem,P07459,3,Budget Headshotter
003233211218189615480_2016176054.dem,P07023,3,Budget Headshotter
003233211218189615480_2016176054.dem,P01482,1,Heavy-Weapon Anchor
003233216314168311892_1360249331.dem,P10772,3,Budget Headshotter
003233216314168311892_1360249331.dem,P03428,0,Utility Support
003233216314168311892_1360249331.dem,P00460,2,Star Fragger
003233216314168311892_1360249331.dem,P08476,1,Heavy-Weapon Anchor
003233216314168311892_1360249331.dem,P00087,0,Utility Support
003233216314168311892_1360249331.dem,P05128,0,Utility Support
003233216314168311892_1360249331.dem,P00996,1,Heavy-Weapon Anchor
003233216314168311892_1360249331.dem,P02552,3,Budget Headshotter
003233216314168311892_1360249331.dem,P08993,1,Heavy-Weapon Anchor
003233216314168311892_1360249331.dem,P10398,2,Star Fragger
003233216503146873282_1078208663.dem,P00192,2,Star Fragger
003233216503146873282_1078208663.dem,P04993,1,Heavy-Weapon Anchor
003233216503146873282_1078208663.dem,P04963,1,Heavy-Weapon Anchor
003233216503146873282_1078208663.dem,P07424,1,Heavy-Weapon Anchor
003233216503146873282_1078208663.dem,P06538,0,Utility Support
003233216503146873282_1078208663.dem,P03139,0,Utility Support
003233216503146873282_1078208663.dem,P06328,1,Heavy-Weapon Anchor
003233216503146873282_1078208663.dem,P07459,3,Budget Headshotter
003233216503146873282_1078208663.dem,P07023,1,Heavy-Weapon Anchor
003233216503146873282_1078208663.dem,P01482,3,Budget Headshotter
003233218079399870836_0397143280.dem,P08039,2,Star Fragger
003233218079399870836_0397143280.dem,P09833,1,Heavy-Weapon Anchor
003233218079399870836_0397143280.dem,P08388,3,Budget Headshotter
003233218079399870836_0397143280.dem,P07215,2,Star Fragger
003233218079399870836_0397143280.dem,P00898,1,Heavy-Weapon Anchor
003233218079399870836_0397143280.dem,P01702,0,Utility Support
003233218079399870836_0397143280.dem,P04838,1,Heavy-Weapon Anchor
003233218079399870836_0397143280.dem,P05360,1,Heavy-Weapon Anchor
003233218079399870836_0397143280.dem,P09254,0,Utility Support
003233218079399870836_0397143280.dem,P08955,1,Heavy-Weapon Anchor
003233223254835462591_1328320497.dem,P07620,3,Budget Headshotter
003233223254835462591_1328320497.dem,P08039,2,Star Fragger
003233223254835462591_1328320497.dem,P03442,0,Utility Support
003233223254835462591_1328320497.dem,P09833,1,Heavy-Weapon Anchor
003233223254835462591_1328320497.dem,P08736,0,Utility Support
003233223254835462591_1328320497.dem,P05624,3,Budget Headshotter
003233223254835462591_1328320497.dem,P09581,1,Heavy-Weapon Anchor
003233223254835462591_1328320497.dem,P10868,3,Budget Headshotter
003233223254835462591_1328320497.dem,P08032,1,Heavy-Weapon Anchor
003233223254835462591_1328320497.dem,P06261,3,Budget Headshotter
003233230498297807054_1671860284.dem,P05547,2,Star Fragger
003233230498297807054_1671860284.dem,P07406,1,Heavy-Weapon Anchor
003233230498297807054_1671860284.dem,P05205,3,Budget Headshotter
003233230498297807054_1671860284.dem,P09345,3,Budget Headshotter
003233230498297807054_1671860284.dem,P00623,3,Budget Headshotter
003233230498297807054_1671860284.dem,P04631,0,Utility Support
003233230498297807054_1671860284.dem,P06768,2,Star Fragger
003233230498297807054_1671860284.dem,P02196,3,Budget Headshotter
003233230498297807054_1671860284.dem,P09171,3,Budget Headshotter
003233230498297807054_1671860284.dem,P01617,3,Budget Headshotter
003233231009398915145_1896291660.dem,P00566,3,Budget Headshotter
003233231009398915145_1896291660.dem,P08657,0,Utility Support
003233231009398915145_1896291660.dem,P05684,2,Star Fragger
003233231009398915145_1896291660.dem,P07943,3,Budget Headshotter
003233231009398915145_1896291660.dem,P05015,1,Heavy-Weapon Anchor
003233231009398915145_1896291660.dem,P03731,1,Heavy-Weapon Anchor
003233231009398915145_1896291660.dem,P03917,3,Budget Headshotter
003233231009398915145_1896291660.dem,P09190,2,Star Fragger
003233231009398915145_1896291660.dem,P02236,1,Heavy-Weapon Anchor
003233231009398915145_1896291660.dem,P03447,3,Budget Headshotter
003233231859802440104_2021805676.dem,P04993,0,Utility Support
003233231859802440104_2021805676.dem,P10832,3,Budget Headshotter
003233231859802440104_2021805676.dem,P00966,0,Utility Support
003233231859802440104_2021805676.dem,P01971,1,Heavy-Weapon Anchor
003233231859802440104_2021805676.dem,P02516,0,Utility Support
003233231859802440104_2021805676.dem,P07804,1,Heavy-Weapon Anchor
003233231859802440104_2021805676.dem,P08957,1,Heavy-Weapon Anchor
003233231859802440104_2021805676.dem,P03798,1,Heavy-Weapon Anchor
003233231859802440104_2021805676.dem,P06982,0,Utility Support
003233231859802440104_2021805676.dem,P10601,1,Heavy-Weapon Anchor
003233235978676076725_1111341679.dem,P10660,2,Star Fragger
003233235978676076725_1111341679.dem,P01045,0,Utility Support
003233235978676076725_1111341679.dem,P05878,1,Heavy-Weapon Anchor
003233235978676076725_1111341679.dem,P09337,3,Budget Headshotter
003233235978676076725_1111341679.dem,P03294,1,Heavy-Weapon Anchor
003233235978676076725_1111341679.dem,P02490,1,Heavy-Weapon Anchor
003233235978676076725_1111341679.dem,P08344,0,Utility Support
003233235978676076725_1111341679.dem,P07791,1,Heavy-Weapon Anchor
003233235978676076725_1111341679.dem,P01569,1,Heavy-Weapon Anchor
003233235978676076725_1111341679.dem,P03231,0,Utility Support
003233237103957508113_1798556507.dem,P04993,1,Heavy-Weapon Anchor
003233237103957508113_1798556507.dem,P00966,1,Heavy-Weapon Anchor
003233237103957508113_1798556507.dem,P06434,3,Budget Headshotter
003233237103957508113_1798556507.dem,P04781,1,Heavy-Weapon Anchor
003233237103957508113_1798556507.dem,P08208,3,Budget Headshotter
003233237103957508113_1798556507.dem,P03798,1,Heavy-Weapon Anchor
003233237103957508113_1798556507.dem,P05915,1,Heavy-Weapon Anchor
003233237103957508113_1798556507.dem,P00499,2,Star Fragger
003233237103957508113_1798556507.dem,P00517,3,Budget Headshotter
003233237103957508113_1798556507.dem,P02177,3,Budget Headshotter
003233237700957962632_1177268916.dem,P08657,1,Heavy-Weapon Anchor
003233237700957962632_1177268916.dem,P02952,0,Utility Support
003233237700957962632_1177268916.dem,P05015,3,Budget Headshotter
003233237700957962632_1177268916.dem,P09190,3,Budget Headshotter
003233237700957962632_1177268916.dem,P02236,1,Heavy-Weapon Anchor
003233237700957962632_1177268916.dem,P02340,0,Utility Support
003233237700957962632_1177268916.dem,P01156,0,Utility Support
003233237700957962632_1177268916.dem,P02103,0,Utility Support
003233237700957962632_1177268916.dem,P04050,2,Star Fragger
003233237700957962632_1177268916.dem,P06673,3,Budget Headshotter
003233238164814430514_1878323718.dem,P01577,3,Budget Headshotter
003233238164814430514_1878323718.dem,P00238,1,Heavy-Weapon Anchor
003233238164814430514_1878323718.dem,P04999,0,Utility Support
003233238164814430514_1878323718.dem,P03941,0,Utility Support
003233238164814430514_1878323718.dem,P08231,2,Star Fragger
003233238164814430514_1878323718.dem,P09645,3,Budget Headshotter
003233238164814430514_1878323718.dem,P02499,2,Star Fragger
003233238164814430514_1878323718.dem,P07548,0,Utility Support
003233238164814430514_1878323718.dem,P07770,1,Heavy-Weapon Anchor
003233238164814430514_1878323718.dem,P08588,3,Budget Headshotter
003233243237170806915_0720877994.dem,P01757,0,Utility Support
003233243237170806915_0720877994.dem,P09321,0,Utility Support
003233243237170806915_0720877994.dem,P08254,0,Utility Support
003233243237170806915_0720877994.dem,P07508,1,Heavy-Weapon Anchor
003233243237170806915_0720877994.dem,P09467,3,Budget Headshotter
003233243237170806915_0720877994.dem,P08084,0,Utility Support
003233243237170806915_0720877994.dem,P02403,3,Budget Headshotter
003233243237170806915_0720877994.dem,P09137,0,Utility Support
003233243237170806915_0720877994.dem,P08078,0,Utility Support
003233243237170806915_0720877994.dem,P01420,2,Star Fragger
003233245041057071142_1961700262.dem,P02241,3,Budget Headshotter
003233245041057071142_1961700262.dem,P03673,2,Star Fragger
003233245041057071142_1961700262.dem,P05539,1,Heavy-Weapon Anchor
003233245041057071142_1961700262.dem,P04330,3,Budget Headshotter
003233245041057071142_1961700262.dem,P03626,2,Star Fragger
003233245041057071142_1961700262.dem,P06760,3,Budget Headshotter
003233245041057071142_1961700262.dem,P01671,1,Heavy-Weapon Anchor
003233245041057071142_1961700262.dem,P07034,3,Budget Headshotter
003233245041057071142_1961700262.dem,P01979,1,Heavy-Weapon Anchor
003233245041057071142_1961700262.dem,P09249,2,Star Fragger
003233251238694879271_1784938214.dem,P06106,0,Utility Support
003233251238694879271_1784938214.dem,P00134,2,Star Fragger
003233251238694879271_1784938214.dem,P05355,0,Utility Support
003233251238694879271_1784938214.dem,P03884,0,Utility Support
003233251238694879271_1784938214.dem,P04676,2,Star Fragger
003233251238694879271_1784938214.dem,P02453,1,Heavy-Weapon Anchor
003233251238694879271_1784938214.dem,P10451,0,Utility Support
003233251238694879271_1784938214.dem,P09505,1,Heavy-Weapon Anchor
003233251238694879271_1784938214.dem,P08408,0,Utility Support
003233251238694879271_1784938214.dem,P10349,3,Budget Headshotter
003233263689805070439_0999356117.dem,P01088,0,Utility Support
003233263689805070439_0999356117.dem,P07921,0,Utility Support
003233263689805070439_0999356117.dem,P08699,3,Budget Headshotter
003233263689805070439_0999356117.dem,P03332,3,Budget Headshotter
003233263689805070439_0999356117.dem,P06491,2,Star Fragger
003233263689805070439_0999356117.dem,P00195,1,Heavy-Weapon Anchor
003233263689805070439_0999356117.dem,P10501,3,Budget Headshotter
003233263689805070439_0999356117.dem,P00693,2,Star Fragger
003233263689805070439_0999356117.dem,P02561,0,Utility Support
003233263689805070439_0999356117.dem,P04439,0,Utility Support
003233265624687837309_0194964103.dem,P04648,2,Star Fragger
003233265624687837309_0194964103.dem,P04581,0,Utility Support
003233265624687837309_0194964103.dem,P01674,1,Heavy-Weapon Anchor
003233265624687837309_0194964103.dem,P04181,2,Star Fragger
003233265624687837309_0194964103.dem,P06703,1,Heavy-Weapon Anchor
003233265624687837309_0194964103.dem,P00468,3,Budget Headshotter
003233265624687837309_0194964103.dem,P05522,1,Heavy-Weapon Anchor
003233265624687837309_0194964103.dem,P03537,3,Budget Headshotter
003233265624687837309_0194964103.dem,P01445,1,Heavy-Weapon Anchor
003233265624687837309_0194964103.dem,P03231,2,Star Fragger
003233267971887464615_1959377431.dem,P00993,2,Star Fragger
003233267971887464615_1959377431.dem,P01752,0,Utility Support
003233267971887464615_1959377431.dem,P02417,0,Utility Support
003233267971887464615_1959377431.dem,P03807,2,Star Fragger
003233267971887464615_1959377431.dem,P08067,0,Utility Support
003233267971887464615_1959377431.dem,P09110,1,Heavy-Weapon Anchor
003233267971887464615_1959377431.dem,P00156,3,Budget Headshotter
003233267971887464615_1959377431.dem,P02637,3,Budget Headshotter
003233267971887464615_1959377431.dem,P06953,0,Utility Support
003233267971887464615_1959377431.dem,P07793,1,Heavy-Weapon Anchor
003233272580387373132_0020921873.dem,P01045,3,Budget Headshotter
003233272580387373132_0020921873.dem,P02993,1,Heavy-Weapon Anchor
003233272580387373132_0020921873.dem,P02082,2,Star Fragger
003233272580387373132_0020921873.dem,P02705,3,Budget Headshotter
003233272580387373132_0020921873.dem,P07790,3,Budget Headshotter
003233272580387373132_0020921873.dem,P04156,0,Utility Support
003233272580387373132_0020921873.dem,P03537,1,Heavy-Weapon Anchor
003233272580387373132_0020921873.dem,P05335,2,Star Fragger
003233272580387373132_0020921873.dem,P01240,0,Utility Support
003233272580387373132_0020921873.dem,P03231,0,Utility Support
003233275949789216926_0098727824.dem,P01469,3,Budget Headshotter
003233275949789216926_0098727824.dem,P09941,0,Utility Support
003233275949789216926_0098727824.dem,P04803,0,Utility Support
003233275949789216926_0098727824.dem,P07996,1,Heavy-Weapon Anchor
003233275949789216926_0098727824.dem,P00098,0,Utility Support
003233275949789216926_0098727824.dem,P09758,1,Heavy-Weapon Anchor
003233275949789216926_0098727824.dem,P07609,3,Budget Headshotter
003233275949789216926_0098727824.dem,P05604,0,Utility Support
003233275949789216926_0098727824.dem,P05332,3,Budget Headshotter
003233275949789216926_0098727824.dem,P02352,0,Utility Support
003233277616236527753_0360540597.dem,P01045,1,Heavy-Weapon Anchor
003233277616236527753_0360540597.dem,P01039,0,Utility Support
003233277616236527753_0360540597.dem,P00353,3,Budget Headshotter
003233277616236527753_0360540597.dem,P03724,3,Budget Headshotter
003233277616236527753_0360540597.dem,P02931,3,Budget Headshotter
003233277616236527753_0360540597.dem,P03537,2,Star Fragger
003233277616236527753_0360540597.dem,P01573,1,Heavy-Weapon Anchor
003233277616236527753_0360540597.dem,P02184,2,Star Fragger
003233277616236527753_0360540597.dem,P09624,3,Budget Headshotter
003233277616236527753_0360540597.dem,P03231,0,Utility Support
003233283405852442680_1651134092.dem,P02231,0,Utility Support
003233283405852442680_1651134092.dem,P03182,1,Heavy-Weapon Anchor
003233283405852442680_1651134092.dem,P06699,1,Heavy-Weapon Anchor
003233283405852442680_1651134092.dem,P07299,2,Star Fragger
003233283405852442680_1651134092.dem,P09076,0,Utility Support
003233283405852442680_1651134092.dem,P00727,1,Heavy-Weapon Anchor
003233283405852442680_1651134092.dem,P09050,3,Budget Headshotter
003233283405852442680_1651134092.dem,P08350,1,Heavy-Weapon Anchor
003233283405852442680_1651134092.dem,P05098,2,Star Fragger
003233283405852442680_1651134092.dem,P04506,1,Heavy-Weapon Anchor
003233289942792667226_1563990910.dem,P10050,3,Budget Headshotter
003233289942792667226_1563990910.dem,P06374,2,Star Fragger
003233289942792667226_1563990910.dem,P08131,1,Heavy-Weapon Anchor
003233289942792667226_1563990910.dem,P10095,3,Budget Headshotter
003233289942792667226_1563990910.dem,P02703,0,Utility Support
003233289942792667226_1563990910.dem,P07903,3,Budget Headshotter
003233289942792667226_1563990910.dem,P10391,3,Budget Headshotter
003233289942792667226_1563990910.dem,P01084,0,Utility Support
003233289942792667226_1563990910.dem,P02902,3,Budget Headshotter
003233289942792667226_1563990910.dem,P10239,1,Heavy-Weapon Anchor
003233291214102986913_0315584961.dem,P05641,1,Heavy-Weapon Anchor
003233291214102986913_0315584961.dem,P02175,1,Heavy-Weapon Anchor
003233291214102986913_0315584961.dem,P04689,1,Heavy-Weapon Anchor
003233291214102986913_0315584961.dem,P09486,0,Utility Support
003233291214102986913_0315584961.dem,P05124,3,Budget Headshotter
003233291214102986913_0315584961.dem,P01882,1,Heavy-Weapon Anchor
003233291214102986913_0315584961.dem,P00675,0,Utility Support
003233291214102986913_0315584961.dem,P07632,2,Star Fragger
003233291214102986913_0315584961.dem,P08622,1,Heavy-Weapon Anchor
003233320456387821595_1090779880.dem,P09647,3,Budget Headshotter
003233320456387821595_1090779880.dem,P07033,3,Budget Headshotter
003233320456387821595_1090779880.dem,P03130,2,Star Fragger
003233320456387821595_1090779880.dem,P05215,2,Star Fragger
003233320456387821595_1090779880.dem,P09648,1,Heavy-Weapon Anchor
003233320456387821595_1090779880.dem,P10205,1,Heavy-Weapon Anchor
003233320456387821595_1090779880.dem,P01796,1,Heavy-Weapon Anchor
003233320456387821595_1090779880.dem,P04135,3,Budget Headshotter
003233320456387821595_1090779880.dem,P01418,0,Utility Support
003233320456387821595_1090779880.dem,P07940,3,Budget Headshotter
003233321190827229225_1603291716.dem,P04576,2,Star Fragger
003233321190827229225_1603291716.dem,P10920,2,Star Fragger
003233321190827229225_1603291716.dem,P10360,3,Budget Headshotter
003233321190827229225_1603291716.dem,P08712,2,Star Fragger
003233321190827229225_1603291716.dem,P00291,3,Budget Headshotter
003233321190827229225_1603291716.dem,P02346,3,Budget Headshotter
003233321190827229225_1603291716.dem,P00337,1,Heavy-Weapon Anchor
003233321190827229225_1603291716.dem,P00025,3,Budget Headshotter
003233321190827229225_1603291716.dem,P10895,3,Budget Headshotter
003233321190827229225_1603291716.dem,P09353,3,Budget Headshotter
003233330229585903931_1583627243.dem,P06114,1,Heavy-Weapon Anchor
003233330229585903931_1583627243.dem,P08229,1,Heavy-Weapon Anchor
003233330229585903931_1583627243.dem,P03265,0,Utility Support
003233330229585903931_1583627243.dem,P04557,3,Budget Headshotter
003233330229585903931_1583627243.dem,P05814,0,Utility Support
003233330229585903931_1583627243.dem,P10182,1,Heavy-Weapon Anchor
003233330229585903931_1583627243.dem,P08013,3,Budget Headshotter
003233330229585903931_1583627243.dem,P08597,2,Star Fragger
003233330229585903931_1583627243.dem,P01713,1,Heavy-Weapon Anchor
003233330229585903931_1583627243.dem,P07926,0,Utility Support
003233331986227527891_0232173615.dem,P01729,1,Heavy-Weapon Anchor
003233331986227527891_0232173615.dem,P00900,0,Utility Support
003233331986227527891_0232173615.dem,P01498,3,Budget Headshotter
003233331986227527891_0232173615.dem,P09910,0,Utility Support
003233331986227527891_0232173615.dem,P00313,3,Budget Headshotter
003233331986227527891_0232173615.dem,P08067,2,Star Fragger
003233331986227527891_0232173615.dem,P10364,3,Budget Headshotter
003233331986227527891_0232173615.dem,P07268,0,Utility Support
003233331986227527891_0232173615.dem,P10628,0,Utility Support
003233331986227527891_0232173615.dem,P07642,0,Utility Support
003233364767565414404_1112433237.dem,P03541,1,Heavy-Weapon Anchor
003233364767565414404_1112433237.dem,P03445,3,Budget Headshotter
003233364767565414404_1112433237.dem,P06260,0,Utility Support
003233364767565414404_1112433237.dem,P05731,1,Heavy-Weapon Anchor
003233364767565414404_1112433237.dem,P09081,1,Heavy-Weapon Anchor
003233364767565414404_1112433237.dem,P05532,1,Heavy-Weapon Anchor
003233364767565414404_1112433237.dem,P06047,0,Utility Support
003233364767565414404_1112433237.dem,P02142,3,Budget Headshotter
003233364767565414404_1112433237.dem,P07668,1,Heavy-Weapon Anchor
003233364767565414404_1112433237.dem,P10471,3,Budget Headshotter
003233366446897627371_1448678444.dem,P06007,2,Star Fragger
003233366446897627371_1448678444.dem,P07894,1,Heavy-Weapon Anchor
003233366446897627371_1448678444.dem,P02844,2,Star Fragger
003233366446897627371_1448678444.dem,P03358,3,Budget Headshotter
003233366446897627371_1448678444.dem,P07087,2,Star Fragger
003233366446897627371_1448678444.dem,P04389,0,Utility Support
003233366446897627371_1448678444.dem,P05686,1,Heavy-Weapon Anchor
003233366446897627371_1448678444.dem,P08567,1,Heavy-Weapon Anchor
003233366446897627371_1448678444.dem,P00676,1,Heavy-Weapon Anchor
003233377648172335287_2130579911.dem,P07212,3,Budget Headshotter
003233377648172335287_2130579911.dem,P06903,1,Heavy-Weapon Anchor
003233377648172335287_2130579911.dem,P03290,2,Star Fragger
003233377648172335287_2130579911.dem,P01753,3,Budget Headshotter
003233377648172335287_2130579911.dem,P06654,0,Utility Support
003233377648172335287_2130579911.dem,P06894,2,Star Fragger
003233377648172335287_2130579911.dem,P01740,2,Star Fragger
003233377648172335287_2130579911.dem,P08572,1,Heavy-Weapon Anchor
003233377648172335287_2130579911.dem,P08812,1,Heavy-Weapon Anchor
003233377648172335287_2130579911.dem,P07340,3,Budget Headshotter
003233378988202131944_1255542826.dem,P08378,1,Heavy-Weapon Anchor
003233378988202131944_1255542826.dem,P03771,0,Utility Support
003233378988202131944_1255542826.dem,P00516,3,Budget Headshotter
003233378988202131944_1255542826.dem,P00917,1,Heavy-Weapon Anchor
003233378988202131944_1255542826.dem,P09554,2,Star Fragger
003233378988202131944_1255542826.dem,P05642,1,Heavy-Weapon Anchor
003233378988202131944_1255542826.dem,P09004,3,Budget Headshotter
003233378988202131944_1255542826.dem,P00261,1,Heavy-Weapon Anchor
003233378988202131944_1255542826.dem,P03812,3,Budget Headshotter
003233378988202131944_1255542826.dem,P04568,2,Star Fragger
003233382948161978838_2097493371.dem,P02208,2,Star Fragger
003233382948161978838_2097493371.dem,P00740,1,Heavy-Weapon Anchor
003233382948161978838_2097493371.dem,P08783,3,Budget Headshotter
003233382948161978838_2097493371.dem,P05408,3,Budget Headshotter
003233382948161978838_2097493371.dem,P09880,1,Heavy-Weapon Anchor
003233382948161978838_2097493371.dem,P03145,2,Star Fragger
003233382948161978838_2097493371.dem,P06564,3,Budget Headshotter
003233382948161978838_2097493371.dem,P04231,3,Budget Headshotter
003233382948161978838_2097493371.dem,P05119,1,Heavy-Weapon Anchor
003233382948161978838_2097493371.dem,P05874,3,Budget Headshotter
003233391946118463764_0651659022.dem,P01112,1,Heavy-Weapon Anchor
003233391946118463764_0651659022.dem,P08445,3,Budget Headshotter
003233391946118463764_0651659022.dem,P05831,2,Star Fragger
003233391946118463764_0651659022.dem,P05645,0,Utility Support
003233391946118463764_0651659022.dem,P10612,1,Heavy-Weapon Anchor
003233391946118463764_0651659022.dem,P02942,0,Utility Support
003233391946118463764_0651659022.dem,P08207,3,Budget Headshotter
003233391946118463764_0651659022.dem,P08076,1,Heavy-Weapon Anchor
003233391946118463764_0651659022.dem,P02185,0,Utility Support
003233391946118463764_0651659022.dem,P10683,1,Heavy-Weapon Anchor
003233399445131362693_0029373238.dem,P10715,0,Utility Support
003233399445131362693_0029373238.dem,P08613,0,Utility Support
003233399445131362693_0029373238.dem,P09963,0,Utility Support
003233399445131362693_0029373238.dem,P06291,3,Budget Headshotter
003233399445131362693_0029373238.dem,P02028,1,Heavy-Weapon Anchor
003233399445131362693_0029373238.dem,P08865,0,Utility Support
003233399445131362693_0029373238.dem,P02533,1,Heavy-Weapon Anchor
003233399445131362693_0029373238.dem,P04829,2,Star Fragger
003233399445131362693_0029373238.dem,P04347,3,Budget Headshotter
003233399445131362693_0029373238.dem,P06957,3,Budget Headshotter
003233404036451402071_1599284223.dem,P00708,3,Budget Headshotter
003233404036451402071_1599284223.dem,P05341,0,Utility Support
003233404036451402071_1599284223.dem,P07493,3,Budget Headshotter
003233404036451402071_1599284223.dem,P01348,1,Heavy-Weapon Anchor
003233404036451402071_1599284223.dem,P01695,1,Heavy-Weapon Anchor
003233404036451402071_1599284223.dem,P09431,3,Budget Headshotter
003233404036451402071_1599284223.dem,P01532,2,Star Fragger
003233404036451402071_1599284223.dem,P10784,0,Utility Support
003233404036451402071_1599284223.dem,P04254,3,Budget Headshotter
003233404036451402071_1599284223.dem,P07380,3,Budget Headshotter
003233407315658932465_1549463913.dem,P06212,0,Utility Support
003233407315658932465_1549463913.dem,P07677,1,Heavy-Weapon Anchor
003233407315658932465_1549463913.dem,P03960,1,Heavy-Weapon Anchor
003233407315658932465_1549463913.dem,P02361,3,Budget Headshotter
003233407315658932465_1549463913.dem,P06877,1,Heavy-Weapon Anchor
003233407315658932465_1549463913.dem,P04925,0,Utility Support
003233407315658932465_1549463913.dem,P06243,3,Budget Headshotter
003233407315658932465_1549463913.dem,P06399,0,Utility Support
003233407315658932465_1549463913.dem,P01590,1,Heavy-Weapon Anchor
003233407315658932465_1549463913.dem,P03597,0,Utility Support
003233411161802146101_0875133982.dem,P08039,2,Star Fragger
003233411161802146101_0875133982.dem,P06559,0,Utility Support
003233411161802146101_0875133982.dem,P07094,3,Budget Headshotter
003233411161802146101_0875133982.dem,P09833,3,Budget Headshotter
003233411161802146101_0875133982.dem,P00289,3,Budget Headshotter
003233411161802146101_0875133982.dem,P01157,3,Budget Headshotter
003233411161802146101_0875133982.dem,P08309,2,Star Fragger
003233411161802146101_0875133982.dem,P00737,1,Heavy-Weapon Anchor
003233411161802146101_0875133982.dem,P10915,0,Utility Support
003233411161802146101_0875133982.dem,P00346,3,Budget Headshotter
003233417522648711450_0054960543.dem,P08039,2,Star Fragger
003233417522648711450_0054960543.dem,P05796,1,Heavy-Weapon Anchor
003233417522648711450_0054960543.dem,P02014,3,Budget Headshotter
003233417522648711450_0054960543.dem,P05243,3,Budget Headshotter
003233417522648711450_0054960543.dem,P09509,1,Heavy-Weapon Anchor
003233417522648711450_0054960543.dem,P09833,3,Budget Headshotter
003233417522648711450_0054960543.dem,P00665,1,Heavy-Weapon Anchor
003233417522648711450_0054960543.dem,P08236,0,Utility Support
003233417522648711450_0054960543.dem,P10617,3,Budget Headshotter
003233417522648711450_0054960543.dem,P09506,1,Heavy-Weapon Anchor
003233421718831759456_1498856991.dem,P07878,3,Budget Headshotter
003233421718831759456_1498856991.dem,P02884,3,Budget Headshotter
003233421718831759456_1498856991.dem,P07745,1,Heavy-Weapon Anchor
003233421718831759456_1498856991.dem,P00885,2,Star Fragger
003233421718831759456_1498856991.dem,P05339,1,Heavy-Weapon Anchor
003233421718831759456_1498856991.dem,P06154,1,Heavy-Weapon Anchor
003233421718831759456_1498856991.dem,P05770,2,Star Fragger
003233421718831759456_1498856991.dem,P06755,0,Utility Support
003233421718831759456_1498856991.dem,P05262,2,Star Fragger
003233421718831759456_1498856991.dem,P03564,1,Heavy-Weapon Anchor
003233423419638808760_1222817766.dem,P02288,1,Heavy-Weapon Anchor
003233423419638808760_1222817766.dem,P10874,0,Utility Support
003233423419638808760_1222817766.dem,P07882,1,Heavy-Weapon Anchor
003233423419638808760_1222817766.dem,P04165,1,Heavy-Weapon Anchor
003233423419638808760_1222817766.dem,P00486,3,Budget Headshotter
003233423419638808760_1222817766.dem,P06332,2,Star Fragger
003233423419638808760_1222817766.dem,P02780,2,Star Fragger
003233423419638808760_1222817766.dem,P05488,2,Star Fragger
003233423419638808760_1222817766.dem,P07126,3,Budget Headshotter
003233423419638808760_1222817766.dem,P09053,3,Budget Headshotter
003233423514128089108_0008581734.dem,P05368,3,Budget Headshotter
003233423514128089108_0008581734.dem,P01221,0,Utility Support
003233423514128089108_0008581734.dem,P08107,0,Utility Support
003233423514128089108_0008581734.dem,P08612,3,Budget Headshotter
003233423514128089108_0008581734.dem,P06992,3,Budget Headshotter
003233423514128089108_0008581734.dem,P10465,0,Utility Support
003233423514128089108_0008581734.dem,P00157,2,Star Fragger
003233423514128089108_0008581734.dem,P00756,1,Heavy-Weapon Anchor
003233423514128089108_0008581734.dem,P05786,1,Heavy-Weapon Anchor
003233423514128089108_0008581734.dem,P07228,3,Budget Headshotter
003233424746783703061_0765472037.dem,P06411,3,Budget Headshotter
003233424746783703061_0765472037.dem,P03233,3,Budget Headshotter
003233424746783703061_0765472037.dem,P10572,1,Heavy-Weapon Anchor
003233424746783703061_0765472037.dem,P03065,2,Star Fragger
003233424746783703061_0765472037.dem,P05445,2,Star Fragger
003233424746783703061_0765472037.dem,P09881,1,Heavy-Weapon Anchor
003233424746783703061_0765472037.dem,P05709,1,Heavy-Weapon Anchor
003233424746783703061_0765472037.dem,P06427,0,Utility Support
003233424746783703061_0765472037.dem,P04709,1,Heavy-Weapon Anchor
003233424746783703061_0765472037.dem,P06121,1,Heavy-Weapon Anchor
003233425915014807734_0339271970.dem,P07878,1,Heavy-Weapon Anchor
003233425915014807734_0339271970.dem,P02884,3,Budget Headshotter
003233425915014807734_0339271970.dem,P09108,2,Star Fragger
003233425915014807734_0339271970.dem,P07745,1,Heavy-Weapon Anchor
003233425915014807734_0339271970.dem,P10383,1,Heavy-Weapon Anchor
003233425915014807734_0339271970.dem,P03094,2,Star Fragger
003233425915014807734_0339271970.dem,P05634,1,Heavy-Weapon Anchor
003233425915014807734_0339271970.dem,P03202,1,Heavy-Weapon Anchor
003233425915014807734_0339271970.dem,P05262,3,Budget Headshotter
003233425915014807734_0339271970.dem,P08268,1,Heavy-Weapon Anchor
003233426277939544278_1223835677.dem,P01183,0,Utility Support
003233426277939544278_1223835677.dem,P01067,2,Star Fragger
003233426277939544278_1223835677.dem,P00238,3,Budget Headshotter
003233426277939544278_1223835677.dem,P00663,3,Budget Headshotter
003233426277939544278_1223835677.dem,P08231,1,Heavy-Weapon Anchor
003233426277939544278_1223835677.dem,P04292,0,Utility Support
003233426277939544278_1223835677.dem,P00314,3,Budget Headshotter
003233426277939544278_1223835677.dem,P10516,1,Heavy-Weapon Anchor
003233426277939544278_1223835677.dem,P00511,0,Utility Support
003233426277939544278_1223835677.dem,P04296,0,Utility Support
003233427220684865721_0715834116.dem,P04993,1,Heavy-Weapon Anchor
003233427220684865721_0715834116.dem,P00109,1,Heavy-Weapon Anchor
003233427220684865721_0715834116.dem,P05578,0,Utility Support
003233427220684865721_0715834116.dem,P03306,1,Heavy-Weapon Anchor
003233427220684865721_0715834116.dem,P05202,2,Star Fragger
003233427220684865721_0715834116.dem,P04535,1,Heavy-Weapon Anchor
003233427220684865721_0715834116.dem,P03412,0,Utility Support
003233427220684865721_0715834116.dem,P00321,1,Heavy-Weapon Anchor
003233427220684865721_0715834116.dem,P05666,3,Budget Headshotter
003233427220684865721_0715834116.dem,P10444,3,Budget Headshotter
003233434232218976454_1951633927.dem,P04993,2,Star Fragger
003233434232218976454_1951633927.dem,P00109,1,Heavy-Weapon Anchor
003233434232218976454_1951633927.dem,P10680,3,Budget Headshotter
003233434232218976454_1951633927.dem,P07727,1,Heavy-Weapon Anchor
003233434232218976454_1951633927.dem,P08723,2,Star Fragger
003233434232218976454_1951633927.dem,P07009,0,Utility Support
003233434232218976454_1951633927.dem,P00321,3,Budget Headshotter
003233434232218976454_1951633927.dem,P03845,1,Heavy-Weapon Anchor
003233434232218976454_1951633927.dem,P01482,0,Utility Support
003233434232218976454_1951633927.dem,P08963,1,Heavy-Weapon Anchor
003233437449149481114_1085494782.dem,P02586,3,Budget Headshotter
003233437449149481114_1085494782.dem,P10115,3,Budget Headshotter
003233437449149481114_1085494782.dem,P06038,3,Budget Headshotter
003233437449149481114_1085494782.dem,P10270,3,Budget Headshotter
003233437449149481114_1085494782.dem,P03252,2,Star Fragger
003233437449149481114_1085494782.dem,P00844,0,Utility Support
003233437449149481114_1085494782.dem,P10307,1,Heavy-Weapon Anchor
003233437449149481114_1085494782.dem,P07595,0,Utility Support
003233437449149481114_1085494782.dem,P05957,2,Star Fragger
003233437449149481114_1085494782.dem,P03134,2,Star Fragger
003233441780623999151_0065735443.dem,P04993,2,Star Fragger
003233441780623999151_0065735443.dem,P00109,1,Heavy-Weapon Anchor
003233441780623999151_0065735443.dem,P01131,0,Utility Support
003233441780623999151_0065735443.dem,P05060,0,Utility Support
003233441780623999151_0065735443.dem,P01565,0,Utility Support
003233441780623999151_0065735443.dem,P05366,1,Heavy-Weapon Anchor
003233441780623999151_0065735443.dem,P07258,3,Budget Headshotter
003233441780623999151_0065735443.dem,P10587,3,Budget Headshotter
003233441780623999151_0065735443.dem,P03845,1,Heavy-Weapon Anchor
003233441780623999151_0065735443.dem,P01482,0,Utility Support
003233443734834118858_1550703194.dem,P05563,0,Utility Support
003233443734834118858_1550703194.dem,P10115,2,Star Fragger
003233443734834118858_1550703194.dem,P10263,1,Heavy-Weapon Anchor
003233443734834118858_1550703194.dem,P10307,1,Heavy-Weapon Anchor
003233443734834118858_1550703194.dem,P02607,0,Utility Support
003233443734834118858_1550703194.dem,P00806,0,Utility Support
003233443734834118858_1550703194.dem,P08184,3,Budget Headshotter
003233443734834118858_1550703194.dem,P09670,0,Utility Support
003233443734834118858_1550703194.dem,P08895,1,Heavy-Weapon Anchor
003233443734834118858_1550703194.dem,P07016,1,Heavy-Weapon Anchor
003233447022631583762_1291633331.dem,P04993,2,Star Fragger
003233447022631583762_1291633331.dem,P00109,1,Heavy-Weapon Anchor
003233447022631583762_1291633331.dem,P00086,3,Budget Headshotter
003233447022631583762_1291633331.dem,P07804,1,Heavy-Weapon Anchor
003233447022631583762_1291633331.dem,P07152,3,Budget Headshotter
003233447022631583762_1291633331.dem,P10587,3,Budget Headshotter
003233447022631583762_1291633331.dem,P06490,1,Heavy-Weapon Anchor
003233447022631583762_1291633331.dem,P10827,3,Budget Headshotter
003233447022631583762_1291633331.dem,P08506,0,Utility Support
003233447022631583762_1291633331.dem,P01482,2,Star Fragger
003233451751390576715_1161379664.dem,P04993,3,Budget Headshotter
003233451751390576715_1161379664.dem,P00109,1,Heavy-Weapon Anchor
003233451751390576715_1161379664.dem,P04183,0,Utility Support
003233451751390576715_1161379664.dem,P09566,3,Budget Headshotter
003233451751390576715_1161379664.dem,P05346,2,Star Fragger
003233451751390576715_1161379664.dem,P04894,3,Budget Headshotter
003233451751390576715_1161379664.dem,P10587,3,Budget Headshotter
003233451751390576715_1161379664.dem,P10756,2,Star Fragger
003233451751390576715_1161379664.dem,P10928,2,Star Fragger
003233451751390576715_1161379664.dem,P01482,3,Budget Headshotter
003233453776467656736_0936892723.dem,P04451,2,Star Fragger
003233453776467656736_0936892723.dem,P09632,3,Budget Headshotter
003233453776467656736_0936892723.dem,P01841,1,Heavy-Weapon Anchor
003233453776467656736_0936892723.dem,P01843,3,Budget Headshotter
003233453776467656736_0936892723.dem,P03059,0,Utility Support
003233453776467656736_0936892723.dem,P04537,3,Budget Headshotter
003233453776467656736_0936892723.dem,P04438,1,Heavy-Weapon Anchor
003233453776467656736_0936892723.dem,P07779,1,Heavy-Weapon Anchor
003233453776467656736_0936892723.dem,P05420,2,Star Fragger
003233453776467656736_0936892723.dem,P04467,1,Heavy-Weapon Anchor
003233457081444991046_1082551523.dem,P04993,1,Heavy-Weapon Anchor
003233457081444991046_1082551523.dem,P08720,2,Star Fragger
003233457081444991046_1082551523.dem,P04077,3,Budget Headshotter
003233457081444991046_1082551523.dem,P00109,1,Heavy-Weapon Anchor
003233457081444991046_1082551523.dem,P10208,0,Utility Support
003233457081444991046_1082551523.dem,P06736,1,Heavy-Weapon Anchor
003233457081444991046_1082551523.dem,P01172,0,Utility Support
003233457081444991046_1082551523.dem,P02129,1,Heavy-Weapon Anchor
003233457081444991046_1082551523.dem,P10587,3,Budget Headshotter
003233457081444991046_1082551523.dem,P01482,3,Budget Headshotter
003233458934723379209_0754363883.dem,P07843,0,Utility Support
003233458934723379209_0754363883.dem,P04548,0,Utility Support
003233458934723379209_0754363883.dem,P07892,3,Budget Headshotter
003233458934723379209_0754363883.dem,P02723,1,Heavy-Weapon Anchor
003233458934723379209_0754363883.dem,P05102,0,Utility Support
003233458934723379209_0754363883.dem,P10000,1,Heavy-Weapon Anchor
003233458934723379209_0754363883.dem,P05565,3,Budget Headshotter
003233458934723379209_0754363883.dem,P10362,2,Star Fragger
003233458934723379209_0754363883.dem,P09245,1,Heavy-Weapon Anchor
003233458934723379209_0754363883.dem,P03402,1,Heavy-Weapon Anchor
003233467412988821616_1965791873.dem,P04733,3,Budget Headshotter
003233467412988821616_1965791873.dem,P06858,3,Budget Headshotter
003233467412988821616_1965791873.dem,P03185,3,Budget Headshotter
003233467412988821616_1965791873.dem,P05836,2,Star Fragger
003233467412988821616_1965791873.dem,P10401,2,Star Fragger
003233467412988821616_1965791873.dem,P06463,3,Budget Headshotter
003233467412988821616_1965791873.dem,P05690,2,Star Fragger
003233467412988821616_1965791873.dem,P00330,0,Utility Support
003233467412988821616_1965791873.dem,P00438,1,Heavy-Weapon Anchor
003233467412988821616_1965791873.dem,P05935,3,Budget Headshotter
003233491329514209327_0650248629.dem,P03298,0,Utility Support
003233491329514209327_0650248629.dem,P01425,2,Star Fragger
003233491329514209327_0650248629.dem,P09443,1,Heavy-Weapon Anchor
003233491329514209327_0650248629.dem,P08679,2,Star Fragger
003233491329514209327_0650248629.dem,P02136,1,Heavy-Weapon Anchor
003233491329514209327_0650248629.dem,P01276,0,Utility Support
003233491329514209327_0650248629.dem,P06093,0,Utility Support
003233491329514209327_0650248629.dem,P02919,3,Budget Headshotter
003233491329514209327_0650248629.dem,P02883,3,Budget Headshotter
003233491329514209327_0650248629.dem,P01258,3,Budget Headshotter
003233509684056948812_1840533512.dem,P02544,2,Star Fragger
003233509684056948812_1840533512.dem,P00607,0,Utility Support
003233509684056948812_1840533512.dem,P03359,1,Heavy-Weapon Anchor
003233509684056948812_1840533512.dem,P06778,2,Star Fragger
003233509684056948812_1840533512.dem,P08234,0,Utility Support
003233509684056948812_1840533512.dem,P04137,3,Budget Headshotter
003233509684056948812_1840533512.dem,P07797,1,Heavy-Weapon Anchor
003233509684056948812_1840533512.dem,P04853,0,Utility Support
003233509684056948812_1840533512.dem,P02914,3,Budget Headshotter
003233514006941532280_0825526669.dem,P10430,1,Heavy-Weapon Anchor
003233514006941532280_0825526669.dem,P09983,0,Utility Support
003233514006941532280_0825526669.dem,P10542,0,Utility Support
003233514006941532280_0825526669.dem,P07954,0,Utility Support
003233514006941532280_0825526669.dem,P08831,2,Star Fragger
003233514006941532280_0825526669.dem,P08810,1,Heavy-Weapon Anchor
003233514006941532280_0825526669.dem,P04332,1,Heavy-Weapon Anchor
003233514006941532280_0825526669.dem,P07852,0,Utility Support
003233514006941532280_0825526669.dem,P01414,1,Heavy-Weapon Anchor
003233514006941532280_0825526669.dem,P06276,1,Heavy-Weapon Anchor
003233549732479500593_0218716146.dem,P04400,1,Heavy-Weapon Anchor
003233549732479500593_0218716146.dem,P06244,1,Heavy-Weapon Anchor
003233549732479500593_0218716146.dem,P06992,3,Budget Headshotter
003233549732479500593_0218716146.dem,P05062,2,Star Fragger
003233549732479500593_0218716146.dem,P04114,3,Budget Headshotter
003233549732479500593_0218716146.dem,P10365,3,Budget Headshotter
003233549732479500593_0218716146.dem,P03829,1,Heavy-Weapon Anchor
003233549732479500593_0218716146.dem,P01091,3,Budget Headshotter
003233549732479500593_0218716146.dem,P00047,0,Utility Support
003233549732479500593_0218716146.dem,P01434,2,Star Fragger
003233563109155144021_1663790674.dem,P05423,1,Heavy-Weapon Anchor
003233563109155144021_1663790674.dem,P07750,1,Heavy-Weapon Anchor
003233563109155144021_1663790674.dem,P05218,1,Heavy-Weapon Anchor
003233563109155144021_1663790674.dem,P07675,0,Utility Support
003233563109155144021_1663790674.dem,P02347,2,Star Fragger
003233563109155144021_1663790674.dem,P00462,3,Budget Headshotter
003233563109155144021_1663790674.dem,P05811,3,Budget Headshotter
003233563109155144021_1663790674.dem,P09347,3,Budget Headshotter
003233563109155144021_1663790674.dem,P04184,3,Budget Headshotter
003233563109155144021_1663790674.dem,P02023,2,Star Fragger
003233572345482314061_1114822382.dem,P05115,1,Heavy-Weapon Anchor
003233572345482314061_1114822382.dem,P00202,0,Utility Support
003233572345482314061_1114822382.dem,P04423,1,Heavy-Weapon Anchor
003233572345482314061_1114822382.dem,P07549,1,Heavy-Weapon Anchor
003233572345482314061_1114822382.dem,P02636,1,Heavy-Weapon Anchor
003233572345482314061_1114822382.dem,P03486,2,Star Fragger
003233572345482314061_1114822382.dem,P10745,2,Star Fragger
003233572345482314061_1114822382.dem,P04628,1,Heavy-Weapon Anchor
003233572345482314061_1114822382.dem,P02383,0,Utility Support
003233572345482314061_1114822382.dem,P01755,1,Heavy-Weapon Anchor
003233574179433349133_1323376924.dem,P09874,0,Utility Support
003233574179433349133_1323376924.dem,P01681,2,Star Fragger
003233574179433349133_1323376924.dem,P05185,3,Budget Headshotter
003233574179433349133_1323376924.dem,P07469,3,Budget Headshotter
003233574179433349133_1323376924.dem,P10477,3,Budget Headshotter
003233574179433349133_1323376924.dem,P02683,1,Heavy-Weapon Anchor
003233574179433349133_1323376924.dem,P07217,0,Utility Support
003233574179433349133_1323376924.dem,P10450,3,Budget Headshotter
003233574179433349133_1323376924.dem,P10207,0,Utility Support
003233574179433349133_1323376924.dem,P05920,1,Heavy-Weapon Anchor
003233594159621210405_0093216870.dem,P04695,1,Heavy-Weapon Anchor
003233594159621210405_0093216870.dem,P05549,0,Utility Support
003233594159621210405_0093216870.dem,P07932,0,Utility Support
003233594159621210405_0093216870.dem,P00253,0,Utility Support
003233594159621210405_0093216870.dem,P00848,3,Budget Headshotter
003233594159621210405_0093216870.dem,P06161,1,Heavy-Weapon Anchor
003233594159621210405_0093216870.dem,P09548,3,Budget Headshotter
003233594159621210405_0093216870.dem,P08692,1,Heavy-Weapon Anchor
003233594159621210405_0093216870.dem,P06468,1,Heavy-Weapon Anchor
003233594159621210405_0093216870.dem,P10352,2,Star Fragger
003233595804593684845_0718885624.dem,P00303,2,Star Fragger
003233595804593684845_0718885624.dem,P09389,3,Budget Headshotter
003233595804593684845_0718885624.dem,P10900,3,Budget Headshotter
003233595804593684845_0718885624.dem,P07245,0,Utility Support
003233595804593684845_0718885624.dem,P04207,0,Utility Support
003233595804593684845_0718885624.dem,P02008,3,Budget Headshotter
003233595804593684845_0718885624.dem,P01367,0,Utility Support
003233595804593684845_0718885624.dem,P05884,3,Budget Headshotter
003233595804593684845_0718885624.dem,P04224,3,Budget Headshotter
003233595804593684845_0718885624.dem,P04907,0,Utility Support
003233599401628795068_1455376040.dem,P07854,0,Utility Support
003233599401628795068_1455376040.dem,P03009,0,Utility Support
003233599401628795068_1455376040.dem,P02586,0,Utility Support
003233599401628795068_1455376040.dem,P05012,0,Utility Support
003233599401628795068_1455376040.dem,P10115,2,Star Fragger
003233599401628795068_1455376040.dem,P01547,1,Heavy-Weapon Anchor
003233599401628795068_1455376040.dem,P00198,1,Heavy-Weapon Anchor
003233599401628795068_1455376040.dem,P01603,3,Budget Headshotter
003233599401628795068_1455376040.dem,P10757,0,Utility Support
003233599401628795068_1455376040.dem,P02749,1,Heavy-Weapon Anchor
003233602004378976542_0412262017.dem,P09168,1,Heavy-Weapon Anchor
003233602004378976542_0412262017.dem,P07724,1,Heavy-Weapon Anchor
003233602004378976542_0412262017.dem,P04588,1,Heavy-Weapon Anchor
003233602004378976542_0412262017.dem,P06693,3,Budget Headshotter
003233602004378976542_0412262017.dem,P01610,3,Budget Headshotter
003233602004378976542_0412262017.dem,P10313,1,Heavy-Weapon Anchor
003233602004378976542_0412262017.dem,P00450,0,Utility Support
003233602004378976542_0412262017.dem,P08549,2,Star Fragger
003233602004378976542_0412262017.dem,P07962,3,Budget Headshotter
003233602004378976542_0412262017.dem,P04242,1,Heavy-Weapon Anchor
003233604106765467970_0299170173.dem,P02207,2,Star Fragger
003233604106765467970_0299170173.dem,P01067,2,Star Fragger
003233604106765467970_0299170173.dem,P00238,1,Heavy-Weapon Anchor
003233604106765467970_0299170173.dem,P01895,3,Budget Headshotter
003233604106765467970_0299170173.dem,P05109,0,Utility Support
003233604106765467970_0299170173.dem,P08231,0,Utility Support
003233604106765467970_0299170173.dem,P07723,0,Utility Support
003233604106765467970_0299170173.dem,P06361,3,Budget Headshotter
003233604106765467970_0299170173.dem,P01407,1,Heavy-Weapon Anchor
003233604216287133904_0140488734.dem,P09642,0,Utility Support
003233604216287133904_0140488734.dem,P00505,3,Budget Headshotter
003233604216287133904_0140488734.dem,P01831,2,Star Fragger
003233604216287133904_0140488734.dem,P08530,1,Heavy-Weapon Anchor
003233604216287133904_0140488734.dem,P03831,1,Heavy-Weapon Anchor
003233604216287133904_0140488734.dem,P10198,3,Budget Headshotter
003233604216287133904_0140488734.dem,P05312,2,Star Fragger
003233604216287133904_0140488734.dem,P04681,2,Star Fragger
003233604216287133904_0140488734.dem,P02149,1,Heavy-Weapon Anchor
003233605167622390102_1225004552.dem,P02813,0,Utility Support
003233605167622390102_1225004552.dem,P02586,1,Heavy-Weapon Anchor
003233605167622390102_1225004552.dem,P10115,0,Utility Support
003233605167622390102_1225004552.dem,P08882,2,Star Fragger
003233605167622390102_1225004552.dem,P07535,3,Budget Headshotter
003233605167622390102_1225004552.dem,P09500,1,Heavy-Weapon Anchor
003233605167622390102_1225004552.dem,P10189,2,Star Fragger
003233605167622390102_1225004552.dem,P00808,3,Budget Headshotter
003233605167622390102_1225004552.dem,P07251,2,Star Fragger
003233605167622390102_1225004552.dem,P09714,3,Budget Headshotter
003233606243511697553_0404272204.dem,P10908,1,Heavy-Weapon Anchor
003233606243511697553_0404272204.dem,P07916,0,Utility Support
003233606243511697553_0404272204.dem,P06706,2,Star Fragger
003233606243511697553_0404272204.dem,P00728,1,Heavy-Weapon Anchor
003233606243511697553_0404272204.dem,P05473,3,Budget Headshotter
003233606243511697553_0404272204.dem,P06727,3,Budget Headshotter
003233606243511697553_0404272204.dem,P02942,0,Utility Support
003233606243511697553_0404272204.dem,P10008,0,Utility Support
003233606243511697553_0404272204.dem,P03551,0,Utility Support
003233606243511697553_0404272204.dem,P02081,1,Heavy-Weapon Anchor
003233610005903048845_0141801503.dem,P07878,0,Utility Support
003233610005903048845_0141801503.dem,P02884,3,Budget Headshotter
003233610005903048845_0141801503.dem,P08155,3,Budget Headshotter
003233610005903048845_0141801503.dem,P07745,3,Budget Headshotter
003233610005903048845_0141801503.dem,P00681,1,Heavy-Weapon Anchor
003233610005903048845_0141801503.dem,P07208,2,Star Fragger
003233610005903048845_0141801503.dem,P01204,1,Heavy-Weapon Anchor
003233610005903048845_0141801503.dem,P09772,2,Star Fragger
003233610005903048845_0141801503.dem,P05262,1,Heavy-Weapon Anchor
003233610093949878579_1265928667.dem,P10115,2,Star Fragger
003233610093949878579_1265928667.dem,P08106,3,Budget Headshotter
003233610093949878579_1265928667.dem,P10864,3,Budget Headshotter
003233610093949878579_1265928667.dem,P00064,2,Star Fragger
003233610093949878579_1265928667.dem,P02364,3,Budget Headshotter
003233610093949878579_1265928667.dem,P10307,0,Utility Support
003233610093949878579_1265928667.dem,P02406,1,Heavy-Weapon Anchor
003233610093949878579_1265928667.dem,P05071,2,Star Fragger
003233610093949878579_1265928667.dem,P10754,2,Star Fragger
003233610093949878579_1265928667.dem,P07557,3,Budget Headshotter
003233610398892556530_1090004292.dem,P01067,0,Utility Support
003233610398892556530_1090004292.dem,P00238,0,Utility Support
003233610398892556530_1090004292.dem,P05109,0,Utility Support
003233610398892556530_1090004292.dem,P08231,1,Heavy-Weapon Anchor
003233610398892556530_1090004292.dem,P07723,2,Star Fragger
003233610398892556530_1090004292.dem,P09634,1,Heavy-Weapon Anchor
003233610398892556530_1090004292.dem,P00722,1,Heavy-Weapon Anchor
003233610398892556530_1090004292.dem,P02766,0,Utility Support
003233610398892556530_1090004292.dem,P08063,0,Utility Support
003233610398892556530_1090004292.dem,P00587,0,Utility Support
003233612945808163141_1945971715.dem,P00303,2,Star Fragger
003233612945808163141_1945971715.dem,P06826,3,Budget Headshotter
003233612945808163141_1945971715.dem,P02551,3,Budget Headshotter
003233612945808163141_1945971715.dem,P10380,2,Star Fragger
003233612945808163141_1945971715.dem,P00906,3,Budget Headshotter
003233612945808163141_1945971715.dem,P06574,3,Budget Headshotter
003233612945808163141_1945971715.dem,P10022,1,Heavy-Weapon Anchor
003233612945808163141_1945971715.dem,P02195,3,Budget Headshotter
003233612945808163141_1945971715.dem,P06950,3,Budget Headshotter
003233612945808163141_1945971715.dem,P05657,2,Star Fragger
003233614992360079556_1769580391.dem,P10540,2,Star Fragger
003233614992360079556_1769580391.dem,P01067,2,Star Fragger
003233614992360079556_1769580391.dem,P06855,3,Budget Headshotter
003233614992360079556_1769580391.dem,P05109,0,Utility Support
003233614992360079556_1769580391.dem,P08231,2,Star Fragger
003233614992360079556_1769580391.dem,P07972,2,Star Fragger
003233614992360079556_1769580391.dem,P05723,3,Budget Headshotter
003233614992360079556_1769580391.dem,P07723,2,Star Fragger
003233614992360079556_1769580391.dem,P01993,3,Budget Headshotter
003233614992360079556_1769580391.dem,P05009,3,Budget Headshotter
003233616972340002863_0739314933.dem,P02586,3,Budget Headshotter
003233616972340002863_0739314933.dem,P10115,3,Budget Headshotter
003233616972340002863_0739314933.dem,P02880,2,Star Fragger
003233616972340002863_0739314933.dem,P01738,0,Utility Support
003233616972340002863_0739314933.dem,P10307,3,Budget Headshotter
003233616972340002863_0739314933.dem,P10404,3,Budget Headshotter
003233616972340002863_0739314933.dem,P08341,3,Budget Headshotter
003233616972340002863_0739314933.dem,P00741,1,Heavy-Weapon Anchor
003233616972340002863_0739314933.dem,P10438,3,Budget Headshotter
003233616972340002863_0739314933.dem,P00971,1,Heavy-Weapon Anchor
003233618552887967792_1538714967.dem,P07185,1,Heavy-Weapon Anchor
003233618552887967792_1538714967.dem,P03818,3,Budget Headshotter
003233618552887967792_1538714967.dem,P08819,0,Utility Support
003233618552887967792_1538714967.dem,P06240,1,Heavy-Weapon Anchor
003233618552887967792_1538714967.dem,P00774,3,Budget Headshotter
003233618552887967792_1538714967.dem,P09070,2,Star Fragger
003233618552887967792_1538714967.dem,P04003,3,Budget Headshotter
003233618552887967792_1538714967.dem,P04634,0,Utility Support
003233618552887967792_1538714967.dem,P10017,2,Star Fragger
003233618552887967792_1538714967.dem,P09073,0,Utility Support
003233618670999568564_0529784718.dem,P10696,0,Utility Support
003233618670999568564_0529784718.dem,P07039,0,Utility Support
003233618670999568564_0529784718.dem,P06869,0,Utility Support
003233618670999568564_0529784718.dem,P02458,3,Budget Headshotter
003233618670999568564_0529784718.dem,P01615,2,Star Fragger
003233618670999568564_0529784718.dem,P01897,0,Utility Support
003233618670999568564_0529784718.dem,P05949,2,Star Fragger
003233618670999568564_0529784718.dem,P01090,3,Budget Headshotter
003233618670999568564_0529784718.dem,P02815,3,Budget Headshotter
003233618670999568564_0529784718.dem,P10410,3,Budget Headshotter
003233619164920807591_1405677603.dem,P00489,0,Utility Support
003233619164920807591_1405677603.dem,P00572,0,Utility Support
003233619164920807591_1405677603.dem,P05225,2,Star Fragger
003233619164920807591_1405677603.dem,P06163,1,Heavy-Weapon Anchor
003233619164920807591_1405677603.dem,P02548,3,Budget Headshotter
003233619164920807591_1405677603.dem,P08197,1,Heavy-Weapon Anchor
003233619164920807591_1405677603.dem,P01685,0,Utility Support
003233619164920807591_1405677603.dem,P07287,3,Budget Headshotter
003233619164920807591_1405677603.dem,P03152,2,Star Fragger
003233619164920807591_1405677603.dem,P06288,1,Heavy-Weapon Anchor
003233622201462685831_0678639679.dem,P07305,3,Budget Headshotter
003233622201462685831_0678639679.dem,P06246,0,Utility Support
003233622201462685831_0678639679.dem,P03704,3,Budget Headshotter
003233622201462685831_0678639679.dem,P00429,0,Utility Support
003233622201462685831_0678639679.dem,P06992,1,Heavy-Weapon Anchor
003233622201462685831_0678639679.dem,P10465,0,Utility Support
003233622201462685831_0678639679.dem,P00756,0,Utility Support
003233622201462685831_0678639679.dem,P05691,3,Budget Headshotter
003233622201462685831_0678639679.dem,P01943,0,Utility Support
003233622201462685831_0678639679.dem,P10311,0,Utility Support
003233623962399277242_0929127256.dem,P03839,3,Budget Headshotter
003233623962399277242_0929127256.dem,P09878,0,Utility Support
003233623962399277242_0929127256.dem,P10115,2,Star Fragger
003233623962399277242_0929127256.dem,P01958,1,Heavy-Weapon Anchor
003233623962399277242_0929127256.dem,P10307,1,Heavy-Weapon Anchor
003233623962399277242_0929127256.dem,P02587,1,Heavy-Weapon Anchor
003233623962399277242_0929127256.dem,P00026,3,Budget Headshotter
003233623962399277242_0929127256.dem,P03854,0,Utility Support
003233623962399277242_0929127256.dem,P03043,0,Utility Support
003233623962399277242_0929127256.dem,P05056,1,Heavy-Weapon Anchor
003233627278114029656_0818544242.dem,P03573,1,Heavy-Weapon Anchor
003233627278114029656_0818544242.dem,P05971,2,Star Fragger
003233627278114029656_0818544242.dem,P00628,3,Budget Headshotter
003233627278114029656_0818544242.dem,P00965,1,Heavy-Weapon Anchor
003233627278114029656_0818544242.dem,P00384,3,Budget Headshotter
003233627278114029656_0818544242.dem,P06172,2,Star Fragger
003233627278114029656_0818544242.dem,P05196,3,Budget Headshotter
003233627278114029656_0818544242.dem,P01574,2,Star Fragger
003233627278114029656_0818544242.dem,P10418,3,Budget Headshotter
003233627278114029656_0818544242.dem,P05945,3,Budget Headshotter
003233639160141053991_1338768674.dem,P08888,0,Utility Support
003233639160141053991_1338768674.dem,P02627,1,Heavy-Weapon Anchor
003233639160141053991_1338768674.dem,P06351,0,Utility Support
003233639160141053991_1338768674.dem,P09038,0,Utility Support
003233639160141053991_1338768674.dem,P10703,0,Utility Support
003233639160141053991_1338768674.dem,P05604,0,Utility Support
003233639160141053991_1338768674.dem,P04700,0,Utility Support
003233639160141053991_1338768674.dem,P06448,2,Star Fragger
003233639160141053991_1338768674.dem,P09980,1,Heavy-Weapon Anchor
003233639160141053991_1338768674.dem,P01784,3,Budget Headshotter
003233640051346768006_1723656844.dem,P04993,1,Heavy-Weapon Anchor
003233640051346768006_1723656844.dem,P04921,1,Heavy-Weapon Anchor
003233640051346768006_1723656844.dem,P07586,1,Heavy-Weapon Anchor
003233640051346768006_1723656844.dem,P00966,1,Heavy-Weapon Anchor
003233640051346768006_1723656844.dem,P09403,1,Heavy-Weapon Anchor
003233640051346768006_1723656844.dem,P05399,2,Star Fragger
003233640051346768006_1723656844.dem,P08926,0,Utility Support
003233640051346768006_1723656844.dem,P10587,3,Budget Headshotter
003233640051346768006_1723656844.dem,P06211,0,Utility Support
003233640051346768006_1723656844.dem,P01482,0,Utility Support
003233643506647957513_1052549553.dem,P07096,2,Star Fragger
003233643506647957513_1052549553.dem,P08085,3,Budget Headshotter
003233643506647957513_1052549553.dem,P10293,2,Star Fragger
003233643506647957513_1052549553.dem,P08800,0,Utility Support
003233643506647957513_1052549553.dem,P10300,3,Budget Headshotter
003233643506647957513_1052549553.dem,P01323,2,Star Fragger
003233643506647957513_1052549553.dem,P02929,1,Heavy-Weapon Anchor
003233643506647957513_1052549553.dem,P04466,3,Budget Headshotter
003233643506647957513_1052549553.dem,P01827,0,Utility Support
003233643506647957513_1052549553.dem,P07382,1,Heavy-Weapon Anchor
003233646521714999445_1422536545.dem,P04993,0,Utility Support
003233646521714999445_1422536545.dem,P00966,3,Budget Headshotter
003233646521714999445_1422536545.dem,P10302,3,Budget Headshotter
003233646521714999445_1422536545.dem,P05380,1,Heavy-Weapon Anchor
003233646521714999445_1422536545.dem,P03135,3,Budget Headshotter
003233646521714999445_1422536545.dem,P10849,1,Heavy-Weapon Anchor
003233646521714999445_1422536545.dem,P10587,0,Utility Support
003233646521714999445_1422536545.dem,P08947,0,Utility Support
003233646521714999445_1422536545.dem,P06211,3,Budget Headshotter
003233646521714999445_1422536545.dem,P01482,0,Utility Support
003233650181027135594_1967437092.dem,P01855,3,Budget Headshotter
003233650181027135594_1967437092.dem,P05721,0,Utility Support
003233650181027135594_1967437092.dem,P05344,1,Heavy-Weapon Anchor
003233650181027135594_1967437092.dem,P00409,3,Budget Headshotter
003233650181027135594_1967437092.dem,P03379,3,Budget Headshotter
003233650181027135594_1967437092.dem,P00093,0,Utility Support
003233650181027135594_1967437092.dem,P08172,0,Utility Support
003233650181027135594_1967437092.dem,P07303,2,Star Fragger
003233650181027135594_1967437092.dem,P07578,0,Utility Support
003233650181027135594_1967437092.dem,P08948,3,Budget Headshotter
003233653797389598842_1073276510.dem,P04993,1,Heavy-Weapon Anchor
003233653797389598842_1073276510.dem,P04044,2,Star Fragger
003233653797389598842_1073276510.dem,P00966,1,Heavy-Weapon Anchor
003233653797389598842_1073276510.dem,P02906,0,Utility Support
003233653797389598842_1073276510.dem,P04644,2,Star Fragger
003233653797389598842_1073276510.dem,P02800,3,Budget Headshotter
003233653797389598842_1073276510.dem,P10054,3,Budget Headshotter
003233653797389598842_1073276510.dem,P10587,3,Budget Headshotter
003233653797389598842_1073276510.dem,P06211,0,Utility Support
003233653797389598842_1073276510.dem,P01482,0,Utility Support
003233659406616887388_0284684943.dem,P04993,3,Budget Headshotter
003233659406616887388_0284684943.dem,P04849,1,Heavy-Weapon Anchor
003233659406616887388_0284684943.dem,P00966,0,Utility Support
003233659406616887388_0284684943.dem,P02147,1,Heavy-Weapon Anchor
003233659406616887388_0284684943.dem,P08292,3,Budget Headshotter
003233659406616887388_0284684943.dem,P10587,0,Utility Support
003233659406616887388_0284684943.dem,P04990,3,Budget Headshotter
003233659406616887388_0284684943.dem,P06211,0,Utility Support
003233659406616887388_0284684943.dem,P10674,0,Utility Support
003233659406616887388_0284684943.dem,P01482,2,Star Fragger
003233698765697187851_0436912132.dem,P00029,0,Utility Support
003233698765697187851_0436912132.dem,P07529,0,Utility Support
003233698765697187851_0436912132.dem,P03615,3,Budget Headshotter
003233698765697187851_0436912132.dem,P01206,1,Heavy-Weapon Anchor
003233698765697187851_0436912132.dem,P03431,1,Heavy-Weapon Anchor
003233698765697187851_0436912132.dem,P08014,0,Utility Support
003233698765697187851_0436912132.dem,P08313,0,Utility Support
003233698765697187851_0436912132.dem,P06002,0,Utility Support
003233698765697187851_0436912132.dem,P02332,3,Budget Headshotter
003233698765697187851_0436912132.dem,P04407,1,Heavy-Weapon Anchor
003233700481536622601_1763301102.dem,P03958,0,Utility Support
003233700481536622601_1763301102.dem,P07044,3,Budget Headshotter
003233700481536622601_1763301102.dem,P07122,3,Budget Headshotter
003233700481536622601_1763301102.dem,P01094,1,Heavy-Weapon Anchor
003233700481536622601_1763301102.dem,P02724,1,Heavy-Weapon Anchor
003233700481536622601_1763301102.dem,P10262,3,Budget Headshotter
003233700481536622601_1763301102.dem,P08709,0,Utility Support
003233700481536622601_1763301102.dem,P06326,1,Heavy-Weapon Anchor
003233700481536622601_1763301102.dem,P01863,0,Utility Support
003233700481536622601_1763301102.dem,P07837,2,Star Fragger
003233711852462538906_1554346264.dem,P00029,0,Utility Support
003233711852462538906_1554346264.dem,P06312,3,Budget Headshotter
003233711852462538906_1554346264.dem,P01452,3,Budget Headshotter
003233711852462538906_1554346264.dem,P09595,2,Star Fragger
003233711852462538906_1554346264.dem,P02776,0,Utility Support
003233711852462538906_1554346264.dem,P06321,0,Utility Support
003233711852462538906_1554346264.dem,P08552,0,Utility Support
003233711852462538906_1554346264.dem,P08497,0,Utility Support
003233711852462538906_1554346264.dem,P03633,0,Utility Support
003233711852462538906_1554346264.dem,P05465,0,Utility Support
003233714813842489427_1747120955.dem,P00029,1,Heavy-Weapon Anchor
003233714813842489427_1747120955.dem,P07614,2,Star Fragger
003233714813842489427_1747120955.dem,P00173,0,Utility Support
003233714813842489427_1747120955.dem,P08595,2,Star Fragger
003233714813842489427_1747120955.dem,P06897,1,Heavy-Weapon Anchor
003233714813842489427_1747120955.dem,P06800,0,Utility Support
003233714813842489427_1747120955.dem,P06562,1,Heavy-Weapon Anchor
003233714813842489427_1747120955.dem,P02664,1,Heavy-Weapon Anchor
003233714813842489427_1747120955.dem,P00518,1,Heavy-Weapon Anchor
003233733374543659220_1751780026.dem,P00029,0,Utility Support
003233733374543659220_1751780026.dem,P08689,1,Heavy-Weapon Anchor
003233733374543659220_1751780026.dem,P01570,3,Budget Headshotter
003233733374543659220_1751780026.dem,P01331,1,Heavy-Weapon Anchor
003233733374543659220_1751780026.dem,P02455,3,Budget Headshotter
003233733374543659220_1751780026.dem,P06664,2,Star Fragger
003233733374543659220_1751780026.dem,P09173,0,Utility Support
003233733374543659220_1751780026.dem,P00272,0,Utility Support
003233733374543659220_1751780026.dem,P08256,1,Heavy-Weapon Anchor
003233733374543659220_1751780026.dem,P06602,3,Budget Headshotter
003233738279396311212_0547026752.dem,P07697,0,Utility Support
003233738279396311212_0547026752.dem,P07503,3,Budget Headshotter
003233738279396311212_0547026752.dem,P03320,1,Heavy-Weapon Anchor
003233738279396311212_0547026752.dem,P04090,2,Star Fragger
003233738279396311212_0547026752.dem,P07650,3,Budget Headshotter
003233738279396311212_0547026752.dem,P04727,3,Budget Headshotter
003233738279396311212_0547026752.dem,P02258,2,Star Fragger
003233738279396311212_0547026752.dem,P01073,0,Utility Support
003233738279396311212_0547026752.dem,P06319,2,Star Fragger
003233738279396311212_0547026752.dem,P10390,0,Utility Support
003233738988065914902_1644321676.dem,P02463,3,Budget Headshotter
003233738988065914902_1644321676.dem,P01205,3,Budget Headshotter
003233738988065914902_1644321676.dem,P02825,1,Heavy-Weapon Anchor
003233738988065914902_1644321676.dem,P07742,2,Star Fragger
003233738988065914902_1644321676.dem,P05308,3,Budget Headshotter
003233738988065914902_1644321676.dem,P08864,1,Heavy-Weapon Anchor
003233738988065914902_1644321676.dem,P05207,3,Budget Headshotter
003233738988065914902_1644321676.dem,P06096,3,Budget Headshotter
003233755566639677682_0741382478.dem,P00402,0,Utility Support
003233755566639677682_0741382478.dem,P09210,2,Star Fragger
003233755566639677682_0741382478.dem,P08231,1,Heavy-Weapon Anchor
003233755566639677682_0741382478.dem,P00615,3,Budget Headshotter
003233755566639677682_0741382478.dem,P06173,1,Heavy-Weapon Anchor
003233755566639677682_0741382478.dem,P08941,3,Budget Headshotter
003233755566639677682_0741382478.dem,P07012,3,Budget Headshotter
003233755566639677682_0741382478.dem,P01269,0,Utility Support
003233755566639677682_0741382478.dem,P01401,2,Star Fragger
003233782751635177813_0862915176.dem,P00937,2,Star Fragger
003233782751635177813_0862915176.dem,P06877,1,Heavy-Weapon Anchor
003233782751635177813_0862915176.dem,P05514,1,Heavy-Weapon Anchor
003233782751635177813_0862915176.dem,P03809,3,Budget Headshotter
003233782751635177813_0862915176.dem,P09725,1,Heavy-Weapon Anchor
003233782751635177813_0862915176.dem,P07764,0,Utility Support
003233782751635177813_0862915176.dem,P10645,0,Utility Support
003233782751635177813_0862915176.dem,P04960,0,Utility Support
003233782751635177813_0862915176.dem,P09219,0,Utility Support
003233782751635177813_0862915176.dem,P00105,0,Utility Support
003233784886233923976_1766192477.dem,P00339,1,Heavy-Weapon Anchor
003233784886233923976_1766192477.dem,P10951,1,Heavy-Weapon Anchor
003233784886233923976_1766192477.dem,P02942,0,Utility Support
003233784886233923976_1766192477.dem,P06406,1,Heavy-Weapon Anchor
003233784886233923976_1766192477.dem,P05315,3,Budget Headshotter
003233784886233923976_1766192477.dem,P01484,1,Heavy-Weapon Anchor
003233784886233923976_1766192477.dem,P01525,1,Heavy-Weapon Anchor
003233784886233923976_1766192477.dem,P06148,3,Budget Headshotter
003233784886233923976_1766192477.dem,P09363,2,Star Fragger
003233784886233923976_1766192477.dem,P10070,0,Utility Support
003233789228445860162_0008892924.dem,P01067,0,Utility Support
003233789228445860162_0008892924.dem,P00238,0,Utility Support
003233789228445860162_0008892924.dem,P00467,3,Budget Headshotter
003233789228445860162_0008892924.dem,P05552,3,Budget Headshotter
003233789228445860162_0008892924.dem,P02165,0,Utility Support
003233789228445860162_0008892924.dem,P08231,0,Utility Support
003233789228445860162_0008892924.dem,P05074,3,Budget Headshotter
003233789228445860162_0008892924.dem,P07723,2,Star Fragger
003233789228445860162_0008892924.dem,P08250,1,Heavy-Weapon Anchor
003233789228445860162_0008892924.dem,P08282,1,Heavy-Weapon Anchor
003233789954295332895_2059561100.dem,P10908,3,Budget Headshotter
003233789954295332895_2059561100.dem,P07425,1,Heavy-Weapon Anchor
003233789954295332895_2059561100.dem,P00371,0,Utility Support
003233789954295332895_2059561100.dem,P06706,1,Heavy-Weapon Anchor
003233789954295332895_2059561100.dem,P00666,3,Budget Headshotter
003233789954295332895_2059561100.dem,P02942,1,Heavy-Weapon Anchor
003233789954295332895_2059561100.dem,P02240,2,Star Fragger
003233789954295332895_2059561100.dem,P02306,2,Star Fragger
003233789954295332895_2059561100.dem,P09165,2,Star Fragger
003233789954295332895_2059561100.dem,P07707,3,Budget Headshotter
003233790053079581016_0891718319.dem,P08039,2,Star Fragger
003233790053079581016_0891718319.dem,P09833,1,Heavy-Weapon Anchor
003233790053079581016_0891718319.dem,P07083,3,Budget Headshotter
003233790053079581016_0891718319.dem,P04882,1,Heavy-Weapon Anchor
003233790053079581016_0891718319.dem,P08428,3,Budget Headshotter
003233790053079581016_0891718319.dem,P02295,2,Star Fragger
003233790053079581016_0891718319.dem,P01880,0,Utility Support
003233790053079581016_0891718319.dem,P02631,3,Budget Headshotter
003233790053079581016_0891718319.dem,P08890,0,Utility Support
003233790053079581016_0891718319.dem,P06196,0,Utility Support
003233790469691408394_0331711948.dem,P02353,1,Heavy-Weapon Anchor
003233790469691408394_0331711948.dem,P08704,1,Heavy-Weapon Anchor
003233790469691408394_0331711948.dem,P03632,0,Utility Support
003233790469691408394_0331711948.dem,P02672,1,Heavy-Weapon Anchor
003233790469691408394_0331711948.dem,P08080,0,Utility Support
003233790469691408394_0331711948.dem,P01792,0,Utility Support
003233790469691408394_0331711948.dem,P01600,3,Budget Headshotter
003233790469691408394_0331711948.dem,P04312,2,Star Fragger
003233790469691408394_0331711948.dem,P05720,0,Utility Support
003233790469691408394_0331711948.dem,P04756,2,Star Fragger
003233792960772440332_0927270908.dem,P10908,2,Star Fragger
003233792960772440332_0927270908.dem,P06706,2,Star Fragger
003233792960772440332_0927270908.dem,P00666,0,Utility Support
003233792960772440332_0927270908.dem,P02942,2,Star Fragger
003233792960772440332_0927270908.dem,P01361,2,Star Fragger
003233792960772440332_0927270908.dem,P08488,1,Heavy-Weapon Anchor
003233792960772440332_0927270908.dem,P04592,1,Heavy-Weapon Anchor
003233792960772440332_0927270908.dem,P07707,2,Star Fragger
003233792960772440332_0927270908.dem,P05393,3,Budget Headshotter
003233794053841617099_1299318422.dem,P01066,3,Budget Headshotter
003233794053841617099_1299318422.dem,P10335,0,Utility Support
003233794053841617099_1299318422.dem,P08956,0,Utility Support
003233794053841617099_1299318422.dem,P00883,2,Star Fragger
003233794053841617099_1299318422.dem,P07989,2,Star Fragger
003233794053841617099_1299318422.dem,P09569,1,Heavy-Weapon Anchor
003233794053841617099_1299318422.dem,P07702,1,Heavy-Weapon Anchor
003233794053841617099_1299318422.dem,P02059,0,Utility Support
003233794053841617099_1299318422.dem,P07347,0,Utility Support
003233794053841617099_1299318422.dem,P04677,1,Heavy-Weapon Anchor
003233794124708577434_1615847855.dem,P03190,0,Utility Support
003233794124708577434_1615847855.dem,P00022,2,Star Fragger
003233794124708577434_1615847855.dem,P03274,3,Budget Headshotter
003233794124708577434_1615847855.dem,P03010,3,Budget Headshotter
003233794124708577434_1615847855.dem,P02307,3,Budget Headshotter
003233794124708577434_1615847855.dem,P06234,3,Budget Headshotter
003233794124708577434_1615847855.dem,P01301,3,Budget Headshotter
003233794124708577434_1615847855.dem,P01176,0,Utility Support
003233794124708577434_1615847855.dem,P01823,0,Utility Support
003233794124708577434_1615847855.dem,P10193,0,Utility Support
003233794758216253507_1302629695.dem,P01067,3,Budget Headshotter
003233794758216253507_1302629695.dem,P00238,1,Heavy-Weapon Anchor
003233794758216253507_1302629695.dem,P00467,2,Star Fragger
003233794758216253507_1302629695.dem,P04037,2,Star Fragger
003233794758216253507_1302629695.dem,P08231,3,Budget Headshotter
003233794758216253507_1302629695.dem,P10437,3,Budget Headshotter
003233794758216253507_1302629695.dem,P07723,2,Star Fragger
003233794758216253507_1302629695.dem,P04486,0,Utility Support
003233794758216253507_1302629695.dem,P10308,3,Budget Headshotter
003233794758216253507_1302629695.dem,P00387,3,Budget Headshotter
003233796368828989725_1955392375.dem,P02353,2,Star Fragger
003233796368828989725_1955392375.dem,P08704,2,Star Fragger
003233796368828989725_1955392375.dem,P03365,2,Star Fragger
003233796368828989725_1955392375.dem,P04473,1,Heavy-Weapon Anchor
003233796368828989725_1955392375.dem,P03865,2,Star Fragger
003233796368828989725_1955392375.dem,P06899,1,Heavy-Weapon Anchor
003233796368828989725_1955392375.dem,P05720,1,Heavy-Weapon Anchor
003233796368828989725_1955392375.dem,P02744,3,Budget Headshotter
003233796368828989725_1955392375.dem,P04356,1,Heavy-Weapon Anchor
003233796368828989725_1955392375.dem,P06470,0,Utility Support
003233797350229016708_1596888075.dem,P06259,2,Star Fragger
003233797350229016708_1596888075.dem,P10696,0,Utility Support
003233797350229016708_1596888075.dem,P07039,2,Star Fragger
003233797350229016708_1596888075.dem,P10038,3,Budget Headshotter
003233797350229016708_1596888075.dem,P03648,1,Heavy-Weapon Anchor
003233797350229016708_1596888075.dem,P02458,0,Utility Support
003233797350229016708_1596888075.dem,P07977,0,Utility Support
003233797350229016708_1596888075.dem,P03859,3,Budget Headshotter
003233797350229016708_1596888075.dem,P05716,0,Utility Support
003233797350229016708_1596888075.dem,P10231,3,Budget Headshotter
003233799446173057206_1239937500.dem,P01067,0,Utility Support
003233799446173057206_1239937500.dem,P02219,3,Budget Headshotter
003233799446173057206_1239937500.dem,P00467,0,Utility Support
003233799446173057206_1239937500.dem,P03330,3,Budget Headshotter
003233799446173057206_1239937500.dem,P05109,0,Utility Support
003233799446173057206_1239937500.dem,P08231,0,Utility Support
003233799446173057206_1239937500.dem,P02282,1,Heavy-Weapon Anchor
003233799446173057206_1239937500.dem,P07723,2,Star Fragger
003233799446173057206_1239937500.dem,P10667,3,Budget Headshotter
003233799446173057206_1239937500.dem,P01976,1,Heavy-Weapon Anchor
003233799594349428903_1217519525.dem,P10908,1,Heavy-Weapon Anchor
003233799594349428903_1217519525.dem,P06706,3,Budget Headshotter
003233799594349428903_1217519525.dem,P00666,1,Heavy-Weapon Anchor
003233799594349428903_1217519525.dem,P02942,0,Utility Support
003233799594349428903_1217519525.dem,P00546,2,Star Fragger
003233799594349428903_1217519525.dem,P07707,0,Utility Support
003233799594349428903_1217519525.dem,P03066,0,Utility Support
003233799594349428903_1217519525.dem,P00682,2,Star Fragger
003233799594349428903_1217519525.dem,P00668,0,Utility Support
003233801114767851716_0591554299.dem,P05743,0,Utility Support
003233801114767851716_0591554299.dem,P03190,0,Utility Support
003233801114767851716_0591554299.dem,P00022,1,Heavy-Weapon Anchor
003233801114767851716_0591554299.dem,P02127,3,Budget Headshotter
003233801114767851716_0591554299.dem,P03925,3,Budget Headshotter
003233801114767851716_0591554299.dem,P04068,0,Utility Support
003233801114767851716_0591554299.dem,P01176,1,Heavy-Weapon Anchor
003233801114767851716_0591554299.dem,P01823,3,Budget Headshotter
003233801114767851716_0591554299.dem,P04465,2,Star Fragger
003233801114767851716_0591554299.dem,P04328,3,Budget Headshotter
003233802568614281438_1528352992.dem,P06612,1,Heavy-Weapon Anchor
003233802568614281438_1528352992.dem,P09909,2,Star Fragger
003233802568614281438_1528352992.dem,P10140,1,Heavy-Weapon Anchor
003233802568614281438_1528352992.dem,P00916,2,Star Fragger
003233802568614281438_1528352992.dem,P01203,1,Heavy-Weapon Anchor
003233802568614281438_1528352992.dem,P01346,1,Heavy-Weapon Anchor
003233802568614281438_1528352992.dem,P00642,2,Star Fragger
003233802568614281438_1528352992.dem,P06300,3,Budget Headshotter
003233802568614281438_1528352992.dem,P05501,3,Budget Headshotter
003233802568614281438_1528352992.dem,P02841,1,Heavy-Weapon Anchor
003233802781215162569_1705755631.dem,P09883,1,Heavy-Weapon Anchor
003233802781215162569_1705755631.dem,P02353,1,Heavy-Weapon Anchor
003233802781215162569_1705755631.dem,P08080,0,Utility Support
003233802781215162569_1705755631.dem,P02998,0,Utility Support
003233802781215162569_1705755631.dem,P06782,1,Heavy-Weapon Anchor
003233802781215162569_1705755631.dem,P05720,0,Utility Support
003233802781215162569_1705755631.dem,P05319,3,Budget Headshotter
003233802781215162569_1705755631.dem,P05506,2,Star Fragger
003233802781215162569_1705755631.dem,P01254,1,Heavy-Weapon Anchor
003233802781215162569_1705755631.dem,P00077,1,Heavy-Weapon Anchor
003233803487737282691_0702838802.dem,P05527,2,Star Fragger
003233803487737282691_0702838802.dem,P07930,3,Budget Headshotter
003233803487737282691_0702838802.dem,P04364,1,Heavy-Weapon Anchor
003233803487737282691_0702838802.dem,P02181,1,Heavy-Weapon Anchor
003233803487737282691_0702838802.dem,P00510,0,Utility Support
003233803487737282691_0702838802.dem,P04553,2,Star Fragger
003233803487737282691_0702838802.dem,P03267,0,Utility Support
003233803487737282691_0702838802.dem,P05803,2,Star Fragger
003233803487737282691_0702838802.dem,P02834,1,Heavy-Weapon Anchor
003233803487737282691_0702838802.dem,P02343,3,Budget Headshotter
003233804052525482085_1689805320.dem,P01067,2,Star Fragger
003233804052525482085_1689805320.dem,P00467,0,Utility Support
003233804052525482085_1689805320.dem,P04646,2,Star Fragger
003233804052525482085_1689805320.dem,P00248,1,Heavy-Weapon Anchor
003233804052525482085_1689805320.dem,P03398,3,Budget Headshotter
003233804052525482085_1689805320.dem,P05109,0,Utility Support
003233804052525482085_1689805320.dem,P08231,3,Budget Headshotter
003233804052525482085_1689805320.dem,P07723,2,Star Fragger
003233804052525482085_1689805320.dem,P09987,3,Budget Headshotter
003233804052525482085_1689805320.dem,P00868,3,Budget Headshotter
003233804778374955095_0203858535.dem,P02481,0,Utility Support
003233804778374955095_0203858535.dem,P00118,3,Budget Headshotter
003233804778374955095_0203858535.dem,P08954,1,Heavy-Weapon Anchor
003233804778374955095_0203858535.dem,P01983,1,Heavy-Weapon Anchor
003233804778374955095_0203858535.dem,P10523,0,Utility Support
003233804778374955095_0203858535.dem,P02812,2,Star Fragger
003233804778374955095_0203858535.dem,P07898,1,Heavy-Weapon Anchor
003233804778374955095_0203858535.dem,P10434,0,Utility Support
003233804778374955095_0203858535.dem,P06532,3,Budget Headshotter
003233804778374955095_0203858535.dem,P05155,3,Budget Headshotter
003233810267343159484_0065818991.dem,P08688,0,Utility Support
003233810267343159484_0065818991.dem,P09675,2,Star Fragger
003233810267343159484_0065818991.dem,P08080,0,Utility Support
003233810267343159484_0065818991.dem,P10879,0,Utility Support
003233810267343159484_0065818991.dem,P04031,0,Utility Support
003233810267343159484_0065818991.dem,P01298,3,Budget Headshotter
003233810267343159484_0065818991.dem,P07985,0,Utility Support
003233810267343159484_0065818991.dem,P05720,2,Star Fragger
003233810267343159484_0065818991.dem,P04029,0,Utility Support
003233810267343159484_0065818991.dem,P09134,0,Utility Support
003233814774911336673_0341181196.dem,P06435,3,Budget Headshotter
003233814774911336673_0341181196.dem,P04917,0,Utility Support
003233814774911336673_0341181196.dem,P00194,0,Utility Support
003233814774911336673_0341181196.dem,P03924,1,Heavy-Weapon Anchor
003233814774911336673_0341181196.dem,P06659,2,Star Fragger
003233814774911336673_0341181196.dem,P10092,1,Heavy-Weapon Anchor
003233814774911336673_0341181196.dem,P10194,3,Budget Headshotter
003233814774911336673_0341181196.dem,P07481,0,Utility Support
003233814774911336673_0341181196.dem,P06908,1,Heavy-Weapon Anchor
003233814774911336673_0341181196.dem,P00878,0,Utility Support
003233817714816450710_2077647415.dem,P09083,1,Heavy-Weapon Anchor
003233817714816450710_2077647415.dem,P01019,1,Heavy-Weapon Anchor
003233817714816450710_2077647415.dem,P01856,1,Heavy-Weapon Anchor
003233817714816450710_2077647415.dem,P10286,3,Budget Headshotter
003233817714816450710_2077647415.dem,P06247,3,Budget Headshotter
003233817714816450710_2077647415.dem,P07244,2,Star Fragger
003233817714816450710_2077647415.dem,P05858,2,Star Fragger
003233817714816450710_2077647415.dem,P09305,1,Heavy-Weapon Anchor
003233817714816450710_2077647415.dem,P00645,2,Star Fragger
003233817714816450710_2077647415.dem,P05134,1,Heavy-Weapon Anchor
003233821011203850378_0612025029.dem,P07370,2,Star Fragger
003233821011203850378_0612025029.dem,P01359,0,Utility Support
003233821011203850378_0612025029.dem,P05744,1,Heavy-Weapon Anchor
003233821011203850378_0612025029.dem,P01708,3,Budget Headshotter
003233821011203850378_0612025029.dem,P02991,3,Budget Headshotter
003233821011203850378_0612025029.dem,P05656,3,Budget Headshotter
003233821011203850378_0612025029.dem,P08838,2,Star Fragger
003233821011203850378_0612025029.dem,P09865,3,Budget Headshotter
003233821011203850378_0612025029.dem,P10357,2,Star Fragger
003233821011203850378_0612025029.dem,P06137,1,Heavy-Weapon Anchor
003233853869851148357_0586067642.dem,P00357,0,Utility Support
003233853869851148357_0586067642.dem,P10881,2,Star Fragger
003233853869851148357_0586067642.dem,P04796,3,Budget Headshotter
003233853869851148357_0586067642.dem,P00391,1,Heavy-Weapon Anchor
003233853869851148357_0586067642.dem,P02171,1,Heavy-Weapon Anchor
003233853869851148357_0586067642.dem,P06818,0,Utility Support
003233853869851148357_0586067642.dem,P10484,1,Heavy-Weapon Anchor
003233853869851148357_0586067642.dem,P06046,2,Star Fragger
003233853869851148357_0586067642.dem,P05053,3,Budget Headshotter
003233853869851148357_0586067642.dem,P07364,0,Utility Support
003233861368864047172_0229811965.dem,P00035,0,Utility Support
003233861368864047172_0229811965.dem,P05166,3,Budget Headshotter
003233861368864047172_0229811965.dem,P01007,2,Star Fragger
003233861368864047172_0229811965.dem,P00369,0,Utility Support
003233861368864047172_0229811965.dem,P05372,3,Budget Headshotter
003233861368864047172_0229811965.dem,P09953,0,Utility Support
003233861368864047172_0229811965.dem,P10676,3,Budget Headshotter
003233861368864047172_0229811965.dem,P08410,2,Star Fragger
003233861368864047172_0229811965.dem,P08600,3,Budget Headshotter
003233861368864047172_0229811965.dem,P02576,1,Heavy-Weapon Anchor
003233914302188486693_1688618066.dem,P07167,0,Utility Support
003233914302188486693_1688618066.dem,P04748,2,Star Fragger
003233914302188486693_1688618066.dem,P05703,1,Heavy-Weapon Anchor
003233914302188486693_1688618066.dem,P08859,2,Star Fragger
003233914302188486693_1688618066.dem,P01854,3,Budget Headshotter
003233914302188486693_1688618066.dem,P02670,3,Budget Headshotter
003233914302188486693_1688618066.dem,P00889,0,Utility Support
003233914302188486693_1688618066.dem,P05787,2,Star Fragger
003233914302188486693_1688618066.dem,P07580,1,Heavy-Weapon Anchor
003233914302188486693_1688618066.dem,P00306,0,Utility Support
003233915996553084949_2052912041.dem,P00029,0,Utility Support
003233915996553084949_2052912041.dem,P10159,0,Utility Support
003233915996553084949_2052912041.dem,P06804,2,Star Fragger
003233915996553084949_2052912041.dem,P02455,0,Utility Support
003233915996553084949_2052912041.dem,P08974,2,Star Fragger
003233915996553084949_2052912041.dem,P04187,0,Utility Support
003233915996553084949_2052912041.dem,P09192,1,Heavy-Weapon Anchor
003233915996553084949_2052912041.dem,P08649,0,Utility Support
003233915996553084949_2052912041.dem,P00780,0,Utility Support
003233915996553084949_2052912041.dem,P03333,0,Utility Support
003233916664420499489_0925079613.dem,P09503,2,Star Fragger
003233916664420499489_0925079613.dem,P08991,3,Budget Headshotter
003233916664420499489_0925079613.dem,P10449,0,Utility Support
003233916664420499489_0925079613.dem,P07733,2,Star Fragger
003233916664420499489_0925079613.dem,P05994,3,Budget Headshotter
003233916664420499489_0925079613.dem,P01070,1,Heavy-Weapon Anchor
003233916664420499489_0925079613.dem,P03603,0,Utility Support
003233916664420499489_0925079613.dem,P06547,3,Budget Headshotter
003233916664420499489_0925079613.dem,P09513,3,Budget Headshotter
003233916664420499489_0925079613.dem,P05211,3,Budget Headshotter
003233920830538776632_1508833357.dem,P03952,2,Star Fragger
003233920830538776632_1508833357.dem,P04141,1,Heavy-Weapon Anchor
003233920830538776632_1508833357.dem,P01220,3,Budget Headshotter
003233920830538776632_1508833357.dem,P01075,3,Budget Headshotter
003233920830538776632_1508833357.dem,P07473,1,Heavy-Weapon Anchor
003233920830538776632_1508833357.dem,P04059,3,Budget Headshotter
003233920830538776632_1508833357.dem,P01409,0,Utility Support
003233920830538776632_1508833357.dem,P01051,3,Budget Headshotter
003233920830538776632_1508833357.dem,P03926,0,Utility Support
003233920830538776632_1508833357.dem,P03146,3,Budget Headshotter
003233922250025468009_1199300345.dem,P00029,1,Heavy-Weapon Anchor
003233922250025468009_1199300345.dem,P03215,0,Utility Support
003233922250025468009_1199300345.dem,P08836,2,Star Fragger
003233922250025468009_1199300345.dem,P04058,2,Star Fragger
003233922250025468009_1199300345.dem,P02455,3,Budget Headshotter
003233922250025468009_1199300345.dem,P09128,1,Heavy-Weapon Anchor
003233922250025468009_1199300345.dem,P03138,3,Budget Headshotter
003233922250025468009_1199300345.dem,P00946,1,Heavy-Weapon Anchor
003233922250025468009_1199300345.dem,P01031,0,Utility Support
003233922250025468009_1199300345.dem,P02320,1,Heavy-Weapon Anchor
003233923188475822172_0770139703.dem,P05244,1,Heavy-Weapon Anchor
003233923188475822172_0770139703.dem,P04483,0,Utility Support
003233923188475822172_0770139703.dem,P04316,3,Budget Headshotter
003233923188475822172_0770139703.dem,P03811,3,Budget Headshotter
003233923188475822172_0770139703.dem,P01095,1,Heavy-Weapon Anchor
003233923188475822172_0770139703.dem,P01712,2,Star Fragger
003233923188475822172_0770139703.dem,P04306,0,Utility Support
003233923188475822172_0770139703.dem,P06128,2,Star Fragger
003233923188475822172_0770139703.dem,P07342,3,Budget Headshotter
003233929383966146686_0469433970.dem,P08991,2,Star Fragger
003233929383966146686_0469433970.dem,P06928,1,Heavy-Weapon Anchor
003233929383966146686_0469433970.dem,P02436,1,Heavy-Weapon Anchor
003233929383966146686_0469433970.dem,P07803,1,Heavy-Weapon Anchor
003233929383966146686_0469433970.dem,P02560,3,Budget Headshotter
003233929383966146686_0469433970.dem,P09251,1,Heavy-Weapon Anchor
003233929383966146686_0469433970.dem,P01049,3,Budget Headshotter
003233929383966146686_0469433970.dem,P07778,2,Star Fragger
003233929383966146686_0469433970.dem,P05029,0,Utility Support
003233929383966146686_0469433970.dem,P09278,2,Star Fragger
003233934430552719648_1143713453.dem,P03143,1,Heavy-Weapon Anchor
003233934430552719648_1143713453.dem,P08991,2,Star Fragger
003233934430552719648_1143713453.dem,P01981,3,Budget Headshotter
003233934430552719648_1143713453.dem,P10104,3,Budget Headshotter
003233934430552719648_1143713453.dem,P03835,3,Budget Headshotter
003233934430552719648_1143713453.dem,P04198,1,Heavy-Weapon Anchor
003233934430552719648_1143713453.dem,P00240,1,Heavy-Weapon Anchor
003233934430552719648_1143713453.dem,P09075,0,Utility Support
003233934430552719648_1143713453.dem,P01168,2,Star Fragger
003233934430552719648_1143713453.dem,P01461,1,Heavy-Weapon Anchor
003233935835007025322_0353728803.dem,P00150,0,Utility Support
003233935835007025322_0353728803.dem,P09932,3,Budget Headshotter
003233935835007025322_0353728803.dem,P04785,1,Heavy-Weapon Anchor
003233935835007025322_0353728803.dem,P08421,1,Heavy-Weapon Anchor
003233935835007025322_0353728803.dem,P03426,0,Utility Support
003233935835007025322_0353728803.dem,P01641,3,Budget Headshotter
003233935835007025322_0353728803.dem,P03345,2,Star Fragger
003233935835007025322_0353728803.dem,P05327,3,Budget Headshotter
003233935835007025322_0353728803.dem,P07089,0,Utility Support
003233935835007025322_0353728803.dem,P10396,0,Utility Support
003233940748449611935_1239597798.dem,P05050,1,Heavy-Weapon Anchor
003233940748449611935_1239597798.dem,P00259,3,Budget Headshotter
003233940748449611935_1239597798.dem,P10657,2,Star Fragger
003233940748449611935_1239597798.dem,P08991,2,Star Fragger
003233940748449611935_1239597798.dem,P04300,2,Star Fragger
003233940748449611935_1239597798.dem,P07027,3,Budget Headshotter
003233940748449611935_1239597798.dem,P01071,1,Heavy-Weapon Anchor
003233940748449611935_1239597798.dem,P08829,3,Budget Headshotter
003233940748449611935_1239597798.dem,P04227,3,Budget Headshotter
003233940748449611935_1239597798.dem,P03827,2,Star Fragger
003233943548768289034_1109703235.dem,P00969,3,Budget Headshotter
003233943548768289034_1109703235.dem,P03190,0,Utility Support
003233943548768289034_1109703235.dem,P07223,3,Budget Headshotter
003233943548768289034_1109703235.dem,P01316,0,Utility Support
003233943548768289034_1109703235.dem,P00618,0,Utility Support
003233943548768289034_1109703235.dem,P03974,2,Star Fragger
003233943548768289034_1109703235.dem,P07077,1,Heavy-Weapon Anchor
003233943548768289034_1109703235.dem,P05637,3,Budget Headshotter
003233943548768289034_1109703235.dem,P09298,1,Heavy-Weapon Anchor
003233943548768289034_1109703235.dem,P02369,3,Budget Headshotter
003233953109365489856_0612222886.dem,P03190,0,Utility Support
003233953109365489856_0612222886.dem,P08042,1,Heavy-Weapon Anchor
003233953109365489856_0612222886.dem,P00539,0,Utility Support
003233953109365489856_0612222886.dem,P08575,3,Budget Headshotter
003233953109365489856_0612222886.dem,P06030,0,Utility Support
003233953109365489856_0612222886.dem,P07479,1,Heavy-Weapon Anchor
003233953109365489856_0612222886.dem,P01823,1,Heavy-Weapon Anchor
003233953109365489856_0612222886.dem,P00662,2,Star Fragger
003233953109365489856_0612222886.dem,P10193,0,Utility Support
003233953109365489856_0612222886.dem,P05103,3,Budget Headshotter
003233958254736310488_0357761464.dem,P01311,0,Utility Support
003233958254736310488_0357761464.dem,P07278,1,Heavy-Weapon Anchor
003233958254736310488_0357761464.dem,P10675,1,Heavy-Weapon Anchor
003233958254736310488_0357761464.dem,P08359,3,Budget Headshotter
003233958254736310488_0357761464.dem,P09564,2,Star Fragger
003233958254736310488_0357761464.dem,P02970,3,Budget Headshotter
003233958254736310488_0357761464.dem,P09815,3,Budget Headshotter
003233958254736310488_0357761464.dem,P05498,2,Star Fragger
003233958254736310488_0357761464.dem,P01227,3,Budget Headshotter
003233958254736310488_0357761464.dem,P07839,1,Heavy-Weapon Anchor
003233959427262382161_1442000647.dem,P06753,3,Budget Headshotter
003233959427262382161_1442000647.dem,P03190,2,Star Fragger
003233959427262382161_1442000647.dem,P08813,1,Heavy-Weapon Anchor
003233959427262382161_1442000647.dem,P02771,3,Budget Headshotter
003233959427262382161_1442000647.dem,P06030,2,Star Fragger
003233959427262382161_1442000647.dem,P05293,3,Budget Headshotter
003233959427262382161_1442000647.dem,P01849,3,Budget Headshotter
003233959427262382161_1442000647.dem,P01823,0,Utility Support
003233959427262382161_1442000647.dem,P02912,3,Budget Headshotter
003233959427262382161_1442000647.dem,P10193,0,Utility Support
003233964256953106464_0331711948.dem,P08193,3,Budget Headshotter
003233964256953106464_0331711948.dem,P05818,3,Budget Headshotter
003233964256953106464_0331711948.dem,P09044,3,Budget Headshotter
003233964256953106464_0331711948.dem,P01332,1,Heavy-Weapon Anchor
003233964256953106464_0331711948.dem,P00583,3,Budget Headshotter
003233964256953106464_0331711948.dem,P04106,1,Heavy-Weapon Anchor
003233964256953106464_0331711948.dem,P04280,3,Budget Headshotter
003233964256953106464_0331711948.dem,P09556,2,Star Fragger
003233964256953106464_0331711948.dem,P08371,2,Star Fragger
003233964256953106464_0331711948.dem,P04590,2,Star Fragger
003233967415901552979_1894714154.dem,P03190,1,Heavy-Weapon Anchor
003233967415901552979_1894714154.dem,P10407,1,Heavy-Weapon Anchor
003233967415901552979_1894714154.dem,P06030,2,Star Fragger
003233967415901552979_1894714154.dem,P00487,1,Heavy-Weapon Anchor
003233967415901552979_1894714154.dem,P08832,1,Heavy-Weapon Anchor
003233967415901552979_1894714154.dem,P01823,1,Heavy-Weapon Anchor
003233967415901552979_1894714154.dem,P03912,0,Utility Support
003233967415901552979_1894714154.dem,P03338,2,Star Fragger
003233967415901552979_1894714154.dem,P10193,0,Utility Support
003233967415901552979_1894714154.dem,P04768,0,Utility Support
003233973484690342219_1912596858.dem,P10908,3,Budget Headshotter
003233973484690342219_1912596858.dem,P05145,2,Star Fragger
003233973484690342219_1912596858.dem,P02942,0,Utility Support
003233973484690342219_1912596858.dem,P10008,1,Heavy-Weapon Anchor
003233973484690342219_1912596858.dem,P02113,0,Utility Support
003233973484690342219_1912596858.dem,P05226,0,Utility Support
003233973484690342219_1912596858.dem,P10683,3,Budget Headshotter
003233973484690342219_1912596858.dem,P06453,2,Star Fragger
003233973484690342219_1912596858.dem,P03103,2,Star Fragger
003233973484690342219_1912596858.dem,P07707,3,Budget Headshotter
003233973970021646613_0946174282.dem,P03189,3,Budget Headshotter
003233973970021646613_0946174282.dem,P03190,0,Utility Support
003233973970021646613_0946174282.dem,P10269,0,Utility Support
003233973970021646613_0946174282.dem,P05788,0,Utility Support
003233973970021646613_0946174282.dem,P06030,2,Star Fragger
003233973970021646613_0946174282.dem,P01823,0,Utility Support
003233973970021646613_0946174282.dem,P08125,1,Heavy-Weapon Anchor
003233973970021646613_0946174282.dem,P08662,1,Heavy-Weapon Anchor
003233973970021646613_0946174282.dem,P01640,3,Budget Headshotter
003233973970021646613_0946174282.dem,P10193,3,Budget Headshotter
003233975919936798908_1466375810.dem,P07195,1,Heavy-Weapon Anchor
003233975919936798908_1466375810.dem,P02591,3,Budget Headshotter
003233975919936798908_1466375810.dem,P07289,3,Budget Headshotter
003233975919936798908_1466375810.dem,P04959,0,Utility Support
003233975919936798908_1466375810.dem,P06405,2,Star Fragger
003233975919936798908_1466375810.dem,P04630,1,Heavy-Weapon Anchor
003233975919936798908_1466375810.dem,P08758,2,Star Fragger
003233975919936798908_1466375810.dem,P01859,2,Star Fragger
003233975919936798908_1466375810.dem,P02158,2,Star Fragger
003233975919936798908_1466375810.dem,P04129,3,Budget Headshotter
003233975969328922760_1171913088.dem,P01067,1,Heavy-Weapon Anchor
003233975969328922760_1171913088.dem,P00238,1,Heavy-Weapon Anchor
003233975969328922760_1171913088.dem,P00467,2,Star Fragger
003233975969328922760_1171913088.dem,P08231,0,Utility Support
003233975969328922760_1171913088.dem,P00611,1,Heavy-Weapon Anchor
003233975969328922760_1171913088.dem,P02001,0,Utility Support
003233975969328922760_1171913088.dem,P07723,3,Budget Headshotter
003233975969328922760_1171913088.dem,P06320,1,Heavy-Weapon Anchor
003233975969328922760_1171913088.dem,P04158,1,Heavy-Weapon Anchor
003233975969328922760_1171913088.dem,P06027,0,Utility Support
003233977036628295841_0694710501.dem,P06707,0,Utility Support
003233977036628295841_0694710501.dem,P08373,0,Utility Support
003233977036628295841_0694710501.dem,P05389,2,Star Fragger
003233977036628295841_0694710501.dem,P03964,3,Budget Headshotter
003233977036628295841_0694710501.dem,P02314,0,Utility Support
003233977036628295841_0694710501.dem,P04460,3,Budget Headshotter
003233977036628295841_0694710501.dem,P00474,3,Budget Headshotter
003233977036628295841_0694710501.dem,P10723,0,Utility Support
003233977036628295841_0694710501.dem,P02199,3,Budget Headshotter
003233977036628295841_0694710501.dem,P07879,0,Utility Support
003233978264988942621_0134447747.dem,P10908,1,Heavy-Weapon Anchor
003233978264988942621_0134447747.dem,P04585,0,Utility Support
003233978264988942621_0134447747.dem,P05191,3,Budget Headshotter
003233978264988942621_0134447747.dem,P09582,2,Star Fragger
003233978264988942621_0134447747.dem,P05845,2,Star Fragger
003233978264988942621_0134447747.dem,P02942,0,Utility Support
003233978264988942621_0134447747.dem,P10008,0,Utility Support
003233978264988942621_0134447747.dem,P05882,3,Budget Headshotter
003233978264988942621_0134447747.dem,P10581,3,Budget Headshotter
003233978264988942621_0134447747.dem,P06020,1,Heavy-Weapon Anchor
003233980700235399433_1622346947.dem,P10301,1,Heavy-Weapon Anchor
003233980700235399433_1622346947.dem,P02390,0,Utility Support
003233980700235399433_1622346947.dem,P02671,1,Heavy-Weapon Anchor
003233980700235399433_1622346947.dem,P03717,1,Heavy-Weapon Anchor
003233980700235399433_1622346947.dem,P01175,3,Budget Headshotter
003233980700235399433_1622346947.dem,P09939,3,Budget Headshotter
003233980700235399433_1622346947.dem,P02292,1,Heavy-Weapon Anchor
003233980700235399433_1622346947.dem,P01769,3,Budget Headshotter
003233980700235399433_1622346947.dem,P00129,2,Star Fragger
003233980700235399433_1622346947.dem,P07478,1,Heavy-Weapon Anchor
003233982053150097602_0070387725.dem,P04938,0,Utility Support
003233982053150097602_0070387725.dem,P02095,0,Utility Support
003233982053150097602_0070387725.dem,P04785,1,Heavy-Weapon Anchor
003233982053150097602_0070387725.dem,P09511,3,Budget Headshotter
003233982053150097602_0070387725.dem,P04030,0,Utility Support
003233982053150097602_0070387725.dem,P05219,0,Utility Support
003233982053150097602_0070387725.dem,P03345,0,Utility Support
003233982053150097602_0070387725.dem,P05463,3,Budget Headshotter
003233982053150097602_0070387725.dem,P03156,0,Utility Support
003233982053150097602_0070387725.dem,P08315,3,Budget Headshotter
003233982096099770563_1137711763.dem,P00484,0,Utility Support
003233982096099770563_1137711763.dem,P03190,0,Utility Support
003233982096099770563_1137711763.dem,P01050,0,Utility Support
003233982096099770563_1137711763.dem,P00655,3,Budget Headshotter
003233982096099770563_1137711763.dem,P07173,2,Star Fragger
003233982096099770563_1137711763.dem,P06030,2,Star Fragger
003233982096099770563_1137711763.dem,P01345,1,Heavy-Weapon Anchor
003233982096099770563_1137711763.dem,P00584,1,Heavy-Weapon Anchor
003233982096099770563_1137711763.dem,P01823,1,Heavy-Weapon Anchor
003233982096099770563_1137711763.dem,P10193,1,Heavy-Weapon Anchor
003233982598610944155_0712373019.dem,P01067,3,Budget Headshotter
003233982598610944155_0712373019.dem,P00238,0,Utility Support
003233982598610944155_0712373019.dem,P00467,0,Utility Support
003233982598610944155_0712373019.dem,P06386,3,Budget Headshotter
003233982598610944155_0712373019.dem,P08330,0,Utility Support
003233982598610944155_0712373019.dem,P08231,1,Heavy-Weapon Anchor
003233982598610944155_0712373019.dem,P07723,2,Star Fragger
003233982598610944155_0712373019.dem,P03188,0,Utility Support
003233982598610944155_0712373019.dem,P00080,1,Heavy-Weapon Anchor
003233982598610944155_0712373019.dem,P10121,3,Budget Headshotter
003233982753229766877_1399866298.dem,P06214,0,Utility Support
003233982753229766877_1399866298.dem,P06175,3,Budget Headshotter
003233982753229766877_1399866298.dem,P06634,1,Heavy-Weapon Anchor
003233982753229766877_1399866298.dem,P01733,3,Budget Headshotter
003233982753229766877_1399866298.dem,P05560,2,Star Fragger
003233982753229766877_1399866298.dem,P04639,1,Heavy-Weapon Anchor
003233982753229766877_1399866298.dem,P08170,2,Star Fragger
003233982753229766877_1399866298.dem,P04338,3,Budget Headshotter
003233982753229766877_1399866298.dem,P10478,2,Star Fragger
003233982753229766877_1399866298.dem,P06931,3,Budget Headshotter
003233984570000933172_1634163092.dem,P10908,1,Heavy-Weapon Anchor
003233984570000933172_1634163092.dem,P06331,2,Star Fragger
003233984570000933172_1634163092.dem,P02942,0,Utility Support
003233984570000933172_1634163092.dem,P10008,0,Utility Support
003233984570000933172_1634163092.dem,P00216,0,Utility Support
003233984570000933172_1634163092.dem,P03658,2,Star Fragger
003233984570000933172_1634163092.dem,P10059,1,Heavy-Weapon Anchor
003233984570000933172_1634163092.dem,P00927,1,Heavy-Weapon Anchor
003233984570000933172_1634163092.dem,P02434,1,Heavy-Weapon Anchor
003233984570000933172_1634163092.dem,P04969,3,Budget Headshotter
003233987149128794268_1285313010.dem,P01067,1,Heavy-Weapon Anchor
003233987149128794268_1285313010.dem,P00238,0,Utility Support
003233987149128794268_1285313010.dem,P00467,0,Utility Support
003233987149128794268_1285313010.dem,P02117,3,Budget Headshotter
003233987149128794268_1285313010.dem,P03455,3,Budget Headshotter
003233987149128794268_1285313010.dem,P08231,0,Utility Support
003233987149128794268_1285313010.dem,P02088,1,Heavy-Weapon Anchor
003233987149128794268_1285313010.dem,P09334,1,Heavy-Weapon Anchor
003233987149128794268_1285313010.dem,P07723,2,Star Fragger
003233987149128794268_1285313010.dem,P02943,0,Utility Support
003233987947992711336_0284269618.dem,P08182,2,Star Fragger
003233987947992711336_0284269618.dem,P06478,0,Utility Support
003233987947992711336_0284269618.dem,P07997,0,Utility Support
003233987947992711336_0284269618.dem,P09373,2,Star Fragger
003233987947992711336_0284269618.dem,P04587,3,Budget Headshotter
003233987947992711336_0284269618.dem,P02684,0,Utility Support
003233987947992711336_0284269618.dem,P05482,1,Heavy-Weapon Anchor
003233987947992711336_0284269618.dem,P07683,3,Budget Headshotter
003233987947992711336_0284269618.dem,P03263,1,Heavy-Weapon Anchor
003233987947992711336_0284269618.dem,P08878,3,Budget Headshotter
003233990501350768871_1629342677.dem,P04499,1,Heavy-Weapon Anchor
003233990501350768871_1629342677.dem,P04097,0,Utility Support
003233990501350768871_1629342677.dem,P00334,1,Heavy-Weapon Anchor
003233990501350768871_1629342677.dem,P01649,1,Heavy-Weapon Anchor
003233990501350768871_1629342677.dem,P09701,2,Star Fragger
003233990501350768871_1629342677.dem,P01347,1,Heavy-Weapon Anchor
003233990501350768871_1629342677.dem,P10468,3,Budget Headshotter
003233990501350768871_1629342677.dem,P10793,3,Budget Headshotter
003233990501350768871_1629342677.dem,P05611,2,Star Fragger
003233990501350768871_1629342677.dem,P07682,3,Budget Headshotter
003233993782705782786_1933604127.dem,P01067,0,Utility Support
003233993782705782786_1933604127.dem,P00467,0,Utility Support
003233993782705782786_1933604127.dem,P04647,0,Utility Support
003233993782705782786_1933604127.dem,P05109,0,Utility Support
003233993782705782786_1933604127.dem,P08095,1,Heavy-Weapon Anchor
003233993782705782786_1933604127.dem,P08231,0,Utility Support
003233993782705782786_1933604127.dem,P07723,2,Star Fragger
003233993782705782786_1933604127.dem,P03225,3,Budget Headshotter
003233993782705782786_1933604127.dem,P00296,3,Budget Headshotter
003233993782705782786_1933604127.dem,P04701,1,Heavy-Weapon Anchor
003233996155675213877_1078135645.dem,P02879,2,Star Fragger
003233996155675213877_1078135645.dem,P00488,3,Budget Headshotter
003233996155675213877_1078135645.dem,P10607,3,Budget Headshotter
003233996155675213877_1078135645.dem,P03938,0,Utility Support
003233996155675213877_1078135645.dem,P10220,3,Budget Headshotter
003233996155675213877_1078135645.dem,P08691,1,Heavy-Weapon Anchor
003233996155675213877_1078135645.dem,P04703,2,Star Fragger
003233996155675213877_1078135645.dem,P08987,0,Utility Support
003233996155675213877_1078135645.dem,P02892,0,Utility Support
003233996155675213877_1078135645.dem,P02318,1,Heavy-Weapon Anchor
003234010200218271850_1739459653.dem,P05732,3,Budget Headshotter
003234010200218271850_1739459653.dem,P00310,1,Heavy-Weapon Anchor
003234010200218271850_1739459653.dem,P10797,3,Budget Headshotter
003234010200218271850_1739459653.dem,P08137,0,Utility Support
003234010200218271850_1739459653.dem,P05921,1,Heavy-Weapon Anchor
003234010200218271850_1739459653.dem,P06567,1,Heavy-Weapon Anchor
003234010200218271850_1739459653.dem,P03852,2,Star Fragger
003234010200218271850_1739459653.dem,P01364,2,Star Fragger
003234010200218271850_1739459653.dem,P05113,3,Budget Headshotter
003234010200218271850_1739459653.dem,P01016,2,Star Fragger
003234012169460776985_0977969417.dem,P03601,0,Utility Support
003234012169460776985_0977969417.dem,P06723,1,Heavy-Weapon Anchor
003234012169460776985_0977969417.dem,P09955,3,Budget Headshotter
003234012169460776985_0977969417.dem,P04376,3,Budget Headshotter
003234012169460776985_0977969417.dem,P07995,2,Star Fragger
003234012169460776985_0977969417.dem,P06657,0,Utility Support
003234012169460776985_0977969417.dem,P10156,1,Heavy-Weapon Anchor
003234012169460776985_0977969417.dem,P02068,0,Utility Support
003234012169460776985_0977969417.dem,P05392,3,Budget Headshotter
003234012169460776985_0977969417.dem,P03820,0,Utility Support
003234012457223585837_0908175147.dem,P04993,0,Utility Support
003234012457223585837_0908175147.dem,P00966,2,Star Fragger
003234012457223585837_0908175147.dem,P09649,3,Budget Headshotter
003234012457223585837_0908175147.dem,P03355,1,Heavy-Weapon Anchor
003234012457223585837_0908175147.dem,P02469,3,Budget Headshotter
003234012457223585837_0908175147.dem,P08211,1,Heavy-Weapon Anchor
003234012457223585837_0908175147.dem,P00451,1,Heavy-Weapon Anchor
003234012457223585837_0908175147.dem,P05057,1,Heavy-Weapon Anchor
003234012457223585837_0908175147.dem,P01487,1,Heavy-Weapon Anchor
003234012457223585837_0908175147.dem,P01638,2,Star Fragger
003234019352793579600_0281157349.dem,P02597,1,Heavy-Weapon Anchor
003234019352793579600_0281157349.dem,P04993,2,Star Fragger
003234019352793579600_0281157349.dem,P02839,1,Heavy-Weapon Anchor
003234019352793579600_0281157349.dem,P01457,0,Utility Support
003234019352793579600_0281157349.dem,P05518,0,Utility Support
003234019352793579600_0281157349.dem,P01104,3,Budget Headshotter
003234019352793579600_0281157349.dem,P00451,1,Heavy-Weapon Anchor
003234019352793579600_0281157349.dem,P10587,3,Budget Headshotter
003234019352793579600_0281157349.dem,P06211,1,Heavy-Weapon Anchor
003234019352793579600_0281157349.dem,P01482,1,Heavy-Weapon Anchor
003234029241955778587_1126320002.dem,P04993,3,Budget Headshotter
003234029241955778587_1126320002.dem,P00109,1,Heavy-Weapon Anchor
003234029241955778587_1126320002.dem,P07103,3,Budget Headshotter
003234029241955778587_1126320002.dem,P10333,0,Utility Support
003234029241955778587_1126320002.dem,P09872,2,Star Fragger
003234029241955778587_1126320002.dem,P08324,0,Utility Support
003234029241955778587_1126320002.dem,P08894,0,Utility Support
003234029241955778587_1126320002.dem,P05086,1,Heavy-Weapon Anchor
003234029241955778587_1126320002.dem,P05978,1,Heavy-Weapon Anchor
003234029241955778587_1126320002.dem,P08467,2,Star Fragger
003234029858283585541_1346003224.dem,P00786,1,Heavy-Weapon Anchor
003234029858283585541_1346003224.dem,P08610,1,Heavy-Weapon Anchor
003234029858283585541_1346003224.dem,P04163,2,Star Fragger
003234029858283585541_1346003224.dem,P04152,1,Heavy-Weapon Anchor
003234029858283585541_1346003224.dem,P07005,0,Utility Support
003234029858283585541_1346003224.dem,P05431,2,Star Fragger
003234029858283585541_1346003224.dem,P08399,3,Budget Headshotter
003234029858283585541_1346003224.dem,P07137,0,Utility Support
003234029858283585541_1346003224.dem,P10632,1,Heavy-Weapon Anchor
003234029858283585541_1346003224.dem,P07411,3,Budget Headshotter
003234035370874109992_0634340761.dem,P09820,3,Budget Headshotter
003234035370874109992_0634340761.dem,P05774,3,Budget Headshotter
003234035370874109992_0634340761.dem,P04739,3,Budget Headshotter
003234035370874109992_0634340761.dem,P00568,3,Budget Headshotter
003234035370874109992_0634340761.dem,P00189,0,Utility Support
003234035370874109992_0634340761.dem,P04817,0,Utility Support
003234035370874109992_0634340761.dem,P04507,0,Utility Support
003234035370874109992_0634340761.dem,P03120,2,Star Fragger
003234035370874109992_0634340761.dem,P05087,0,Utility Support
003234035370874109992_0634340761.dem,P02846,3,Budget Headshotter
003234039861262417997_0503114681.dem,P00237,3,Budget Headshotter
003234039861262417997_0503114681.dem,P05223,1,Heavy-Weapon Anchor
003234039861262417997_0503114681.dem,P10306,0,Utility Support
003234039861262417997_0503114681.dem,P02941,1,Heavy-Weapon Anchor
003234039861262417997_0503114681.dem,P02277,0,Utility Support
003234039861262417997_0503114681.dem,P01280,1,Heavy-Weapon Anchor
003234039861262417997_0503114681.dem,P08513,0,Utility Support
003234039861262417997_0503114681.dem,P04958,3,Budget Headshotter
003234039861262417997_0503114681.dem,P10803,1,Heavy-Weapon Anchor
003234039861262417997_0503114681.dem,P03347,3,Budget Headshotter
003234043578556612714_0358472499.dem,P02063,3,Budget Headshotter
003234043578556612714_0358472499.dem,P09202,0,Utility Support
003234043578556612714_0358472499.dem,P06551,1,Heavy-Weapon Anchor
003234043578556612714_0358472499.dem,P08381,1,Heavy-Weapon Anchor
003234043578556612714_0358472499.dem,P08266,0,Utility Support
003234043578556612714_0358472499.dem,P08271,2,Star Fragger
003234043578556612714_0358472499.dem,P00957,1,Heavy-Weapon Anchor
003234043578556612714_0358472499.dem,P10718,1,Heavy-Weapon Anchor
003234043578556612714_0358472499.dem,P03796,1,Heavy-Weapon Anchor
003234043578556612714_0358472499.dem,P00810,1,Heavy-Weapon Anchor
003234058945949597753_1700458905.dem,P06996,3,Budget Headshotter
003234058945949597753_1700458905.dem,P07638,3,Budget Headshotter
003234058945949597753_1700458905.dem,P08991,0,Utility Support
003234058945949597753_1700458905.dem,P07874,0,Utility Support
003234058945949597753_1700458905.dem,P01355,1,Heavy-Weapon Anchor
003234058945949597753_1700458905.dem,P02370,0,Utility Support
003234058945949597753_1700458905.dem,P03105,3,Budget Headshotter
003234058945949597753_1700458905.dem,P09614,0,Utility Support
003234058945949597753_1700458905.dem,P05939,2,Star Fragger
003234058945949597753_1700458905.dem,P08316,0,Utility Support
003234064009716039724_1235448561.dem,P08696,1,Heavy-Weapon Anchor
003234064009716039724_1235448561.dem,P03563,3,Budget Headshotter
003234064009716039724_1235448561.dem,P08991,2,Star Fragger
003234064009716039724_1235448561.dem,P08824,0,Utility Support
003234064009716039724_1235448561.dem,P10249,3,Budget Headshotter
003234064009716039724_1235448561.dem,P09291,1,Heavy-Weapon Anchor
003234064009716039724_1235448561.dem,P02391,0,Utility Support
003234064009716039724_1235448561.dem,P07470,0,Utility Support
003234064009716039724_1235448561.dem,P03777,1,Heavy-Weapon Anchor
003234064009716039724_1235448561.dem,P02646,3,Budget Headshotter
003234076269700186217_1522657511.dem,P10507,1,Heavy-Weapon Anchor
003234076269700186217_1522657511.dem,P08850,2,Star Fragger
003234076269700186217_1522657511.dem,P10332,2,Star Fragger
003234076269700186217_1522657511.dem,P03356,2,Star Fragger
003234076269700186217_1522657511.dem,P06143,3,Budget Headshotter
003234076269700186217_1522657511.dem,P00297,1,Heavy-Weapon Anchor
003234076269700186217_1522657511.dem,P00307,1,Heavy-Weapon Anchor
003234079894652583938_1559780213.dem,P01924,1,Heavy-Weapon Anchor
003234079894652583938_1559780213.dem,P10890,3,Budget Headshotter
003234079894652583938_1559780213.dem,P02713,3,Budget Headshotter
003234079894652583938_1559780213.dem,P08991,2,Star Fragger
003234079894652583938_1559780213.dem,P05855,3,Budget Headshotter
003234079894652583938_1559780213.dem,P06193,1,Heavy-Weapon Anchor
003234079894652583938_1559780213.dem,P02832,0,Utility Support
003234079894652583938_1559780213.dem,P09841,2,Star Fragger
003234079894652583938_1559780213.dem,P04975,0,Utility Support
003234079894652583938_1559780213.dem,P02666,2,Star Fragger
003234081782290710655_1483656763.dem,P02312,1,Heavy-Weapon Anchor
003234081782290710655_1483656763.dem,P04870,2,Star Fragger
003234081782290710655_1483656763.dem,P05695,2,Star Fragger
003234081782290710655_1483656763.dem,P08319,1,Heavy-Weapon Anchor
003234081782290710655_1483656763.dem,P06023,3,Budget Headshotter
003234081782290710655_1483656763.dem,P09162,3,Budget Headshotter
003234081782290710655_1483656763.dem,P03356,3,Budget Headshotter
003234081782290710655_1483656763.dem,P06505,3,Budget Headshotter
003234081782290710655_1483656763.dem,P05424,3,Budget Headshotter
003234081782290710655_1483656763.dem,P10873,1,Heavy-Weapon Anchor
003234088918378872967_2088289524.dem,P01990,2,Star Fragger
003234088918378872967_2088289524.dem,P06954,1,Heavy-Weapon Anchor
003234088918378872967_2088289524.dem,P10379,0,Utility Support
003234088918378872967_2088289524.dem,P04392,2,Star Fragger
003234088918378872967_2088289524.dem,P05090,1,Heavy-Weapon Anchor
003234088918378872967_2088289524.dem,P01988,3,Budget Headshotter
003234088918378872967_2088289524.dem,P00947,2,Star Fragger
003234088918378872967_2088289524.dem,P03360,0,Utility Support
003234088918378872967_2088289524.dem,P07390,1,Heavy-Weapon Anchor
003234088918378872967_2088289524.dem,P07494,1,Heavy-Weapon Anchor
003234095279225438338_0625242824.dem,P00154,0,Utility Support
003234095279225438338_0625242824.dem,P03190,1,Heavy-Weapon Anchor
003234095279225438338_0625242824.dem,P09229,2,Star Fragger
003234095279225438338_0625242824.dem,P04229,2,Star Fragger
003234095279225438338_0625242824.dem,P04182,1,Heavy-Weapon Anchor
003234095279225438338_0625242824.dem,P00464,0,Utility Support
003234095279225438338_0625242824.dem,P01105,3,Budget Headshotter
003234095279225438338_0625242824.dem,P01405,3,Budget Headshotter
003234095279225438338_0625242824.dem,P10193,0,Utility Support
003234095279225438338_0625242824.dem,P01436,3,Budget Headshotter
003234102861990199351_1069066587.dem,P08815,3,Budget Headshotter
003234102861990199351_1069066587.dem,P03190,0,Utility Support
003234102861990199351_1069066587.dem,P04595,0,Utility Support
003234102861990199351_1069066587.dem,P08505,2,Star Fragger
003234102861990199351_1069066587.dem,P09565,0,Utility Support
003234102861990199351_1069066587.dem,P09668,1,Heavy-Weapon Anchor
003234102861990199351_1069066587.dem,P05860,0,Utility Support
003234102861990199351_1069066587.dem,P10101,3,Budget Headshotter
003234102861990199351_1069066587.dem,P08398,1,Heavy-Weapon Anchor
003234102861990199351_1069066587.dem,P10193,0,Utility Support
003234103864865063021_1115935543.dem,P08039,1,Heavy-Weapon Anchor
003234103864865063021_1115935543.dem,P09509,1,Heavy-Weapon Anchor
003234103864865063021_1115935543.dem,P00968,1,Heavy-Weapon Anchor
003234103864865063021_1115935543.dem,P05097,3,Budget Headshotter
003234103864865063021_1115935543.dem,P01132,2,Star Fragger
003234103864865063021_1115935543.dem,P09473,3,Budget Headshotter
003234103864865063021_1115935543.dem,P05398,3,Budget Headshotter
003234103864865063021_1115935543.dem,P00358,1,Heavy-Weapon Anchor
003234103864865063021_1115935543.dem,P10314,3,Budget Headshotter
003234103864865063021_1115935543.dem,P03254,1,Heavy-Weapon Anchor
003234108400350527657_0818374816.dem,P06712,3,Budget Headshotter
003234108400350527657_0818374816.dem,P09992,3,Budget Headshotter
003234108400350527657_0818374816.dem,P07877,3,Budget Headshotter
003234108400350527657_0818374816.dem,P04203,3,Budget Headshotter
003234108400350527657_0818374816.dem,P02155,1,Heavy-Weapon Anchor
003234108400350527657_0818374816.dem,P10805,2,Star Fragger
003234108400350527657_0818374816.dem,P07933,2,Star Fragger
003234108400350527657_0818374816.dem,P06208,3,Budget Headshotter
003234108400350527657_0818374816.dem,P02565,1,Heavy-Weapon Anchor
003234108400350527657_0818374816.dem,P05070,2,Star Fragger
003234108879239381017_0120925287.dem,P03190,0,Utility Support
003234108879239381017_0120925287.dem,P06232,3,Budget Headshotter
003234108879239381017_0120925287.dem,P00282,1,Heavy-Weapon Anchor
003234108879239381017_0120925287.dem,P08844,3,Budget Headshotter
003234108879239381017_0120925287.dem,P06030,0,Utility Support
003234108879239381017_0120925287.dem,P10954,3,Budget Headshotter
003234108879239381017_0120925287.dem,P05217,0,Utility Support
003234108879239381017_0120925287.dem,P03032,3,Budget Headshotter
003234108879239381017_0120925287.dem,P10193,0,Utility Support
003234114149164253250_0765173427.dem,P08039,2,Star Fragger
003234114149164253250_0765173427.dem,P09740,1,Heavy-Weapon Anchor
003234114149164253250_0765173427.dem,P09509,1,Heavy-Weapon Anchor
003234114149164253250_0765173427.dem,P01999,0,Utility Support
003234114149164253250_0765173427.dem,P06412,3,Budget Headshotter
003234114149164253250_0765173427.dem,P00764,3,Budget Headshotter
003234114149164253250_0765173427.dem,P01337,1,Heavy-Weapon Anchor
003234114149164253250_0765173427.dem,P03510,3,Budget Headshotter
003234114149164253250_0765173427.dem,P09780,1,Heavy-Weapon Anchor
003234114149164253250_0765173427.dem,P08558,1,Heavy-Weapon Anchor
003234115214316142833_1296491015.dem,P00752,1,Heavy-Weapon Anchor
003234115214316142833_1296491015.dem,P03706,1,Heavy-Weapon Anchor
003234115214316142833_1296491015.dem,P03190,0,Utility Support
003234115214316142833_1296491015.dem,P09786,0,Utility Support
003234115214316142833_1296491015.dem,P06936,3,Budget Headshotter
003234115214316142833_1296491015.dem,P06226,3,Budget Headshotter
003234115214316142833_1296491015.dem,P09067,2,Star Fragger
003234115214316142833_1296491015.dem,P06030,0,Utility Support
003234115214316142833_1296491015.dem,P03122,3,Budget Headshotter
003234115214316142833_1296491015.dem,P00351,0,Utility Support
003234120065481703572_0531590806.dem,P10615,3,Budget Headshotter
003234120065481703572_0531590806.dem,P07684,3,Budget Headshotter
003234120065481703572_0531590806.dem,P05886,3,Budget Headshotter
003234120065481703572_0531590806.dem,P00861,0,Utility Support
003234120065481703572_0531590806.dem,P00973,2,Star Fragger
003234120065481703572_0531590806.dem,P09776,3,Budget Headshotter
003234120065481703572_0531590806.dem,P07749,1,Heavy-Weapon Anchor
003234120065481703572_0531590806.dem,P03259,0,Utility Support
003234120065481703572_0531590806.dem,P04847,0,Utility Support
003234120065481703572_0531590806.dem,P09461,3,Budget Headshotter
003234122642462081442_1086923723.dem,P03190,2,Star Fragger
003234122642462081442_1086923723.dem,P06647,0,Utility Support
003234122642462081442_1086923723.dem,P06030,3,Budget Headshotter
003234122642462081442_1086923723.dem,P09611,2,Star Fragger
003234122642462081442_1086923723.dem,P01802,1,Heavy-Weapon Anchor
003234122642462081442_1086923723.dem,P02468,3,Budget Headshotter
003234122642462081442_1086923723.dem,P04087,3,Budget Headshotter
003234122642462081442_1086923723.dem,P04914,0,Utility Support
003234122642462081442_1086923723.dem,P10193,0,Utility Support
003234122642462081442_1086923723.dem,P01737,0,Utility Support
003234123677549199550_0553377124.dem,P03718,2,Star Fragger
003234123677549199550_0553377124.dem,P09469,3,Budget Headshotter
003234123677549199550_0553377124.dem,P10624,3,Budget Headshotter
003234123677549199550_0553377124.dem,P02431,0,Utility Support
003234123677549199550_0553377124.dem,P00529,0,Utility Support
003234123677549199550_0553377124.dem,P07321,3,Budget Headshotter
003234123677549199550_0553377124.dem,P07526,0,Utility Support
003234123677549199550_0553377124.dem,P09568,0,Utility Support
003234123677549199550_0553377124.dem,P05421,0,Utility Support
003234123677549199550_0553377124.dem,P02080,2,Star Fragger
003234124957449453934_0987572019.dem,P04255,1,Heavy-Weapon Anchor
003234124957449453934_0987572019.dem,P04267,1,Heavy-Weapon Anchor
003234124957449453934_0987572019.dem,P00440,1,Heavy-Weapon Anchor
003234124957449453934_0987572019.dem,P10939,0,Utility Support
003234124957449453934_0987572019.dem,P09427,3,Budget Headshotter
003234124957449453934_0987572019.dem,P09776,2,Star Fragger
003234124957449453934_0987572019.dem,P06580,3,Budget Headshotter
003234124957449453934_0987572019.dem,P07485,3,Budget Headshotter
003234124957449453934_0987572019.dem,P05996,0,Utility Support
003234124957449453934_0987572019.dem,P00856,0,Utility Support
003234128788560281957_1917279193.dem,P05575,1,Heavy-Weapon Anchor
003234128788560281957_1917279193.dem,P09708,1,Heavy-Weapon Anchor
003234128788560281957_1917279193.dem,P04086,2,Star Fragger
003234128788560281957_1917279193.dem,P01018,1,Heavy-Weapon Anchor
003234128788560281957_1917279193.dem,P05475,2,Star Fragger
003234128788560281957_1917279193.dem,P04909,3,Budget Headshotter
003234131500832129352_0163595524.dem,P03732,0,Utility Support
003234131500832129352_0163595524.dem,P08991,2,Star Fragger
003234131500832129352_0163595524.dem,P00674,3,Budget Headshotter
003234131500832129352_0163595524.dem,P02268,1,Heavy-Weapon Anchor
003234131500832129352_0163595524.dem,P02944,1,Heavy-Weapon Anchor
003234131500832129352_0163595524.dem,P09744,0,Utility Support
003234131500832129352_0163595524.dem,P03949,1,Heavy-Weapon Anchor
003234131500832129352_0163595524.dem,P06668,3,Budget Headshotter
003234131500832129352_0163595524.dem,P03951,3,Budget Headshotter
003234131500832129352_0163595524.dem,P08303,1,Heavy-Weapon Anchor
003234132967563460860_1426879147.dem,P05575,2,Star Fragger
003234132967563460860_1426879147.dem,P03834,3,Budget Headshotter
003234132967563460860_1426879147.dem,P06902,3,Budget Headshotter
003234132967563460860_1426879147.dem,P08293,3,Budget Headshotter
003234132967563460860_1426879147.dem,P07328,3,Budget Headshotter
003234132967563460860_1426879147.dem,P04839,3,Budget Headshotter
003234132967563460860_1426879147.dem,P06698,3,Budget Headshotter
003234132967563460860_1426879147.dem,P06426,2,Star Fragger
003234132967563460860_1426879147.dem,P06544,2,Star Fragger
003234132967563460860_1426879147.dem,P02890,2,Star Fragger
003234133021250551935_0349760591.dem,P09721,2,Star Fragger
003234133021250551935_0349760591.dem,P01937,2,Star Fragger
003234133021250551935_0349760591.dem,P03061,0,Utility Support
003234133021250551935_0349760591.dem,P04462,1,Heavy-Weapon Anchor
003234133021250551935_0349760591.dem,P01657,2,Star Fragger
003234133021250551935_0349760591.dem,P02419,1,Heavy-Weapon Anchor
003234133021250551935_0349760591.dem,P00832,3,Budget Headshotter
003234133021250551935_0349760591.dem,P04414,1,Heavy-Weapon Anchor
003234133021250551935_0349760591.dem,P03276,0,Utility Support
003234133021250551935_0349760591.dem,P02449,3,Budget Headshotter
003234136319785435392_0030362899.dem,P01761,0,Utility Support
003234136319785435392_0030362899.dem,P04903,2,Star Fragger
003234136319785435392_0030362899.dem,P05361,2,Star Fragger
003234136319785435392_0030362899.dem,P06573,3,Budget Headshotter
003234136319785435392_0030362899.dem,P08787,2,Star Fragger
003234136319785435392_0030362899.dem,P00432,0,Utility Support
003234136319785435392_0030362899.dem,P08231,3,Budget Headshotter
003234136319785435392_0030362899.dem,P00165,1,Heavy-Weapon Anchor
003234136319785435392_0030362899.dem,P05616,1,Heavy-Weapon Anchor
003234136319785435392_0030362899.dem,P08495,3,Budget Headshotter
003234142375689322597_1042020337.dem,P09626,0,Utility Support
003234142375689322597_1042020337.dem,P00823,3,Budget Headshotter
003234142375689322597_1042020337.dem,P05728,0,Utility Support
003234142375689322597_1042020337.dem,P10115,2,Star Fragger
003234142375689322597_1042020337.dem,P08713,3,Budget Headshotter
003234142375689322597_1042020337.dem,P02787,1,Heavy-Weapon Anchor
003234142375689322597_1042020337.dem,P03685,0,Utility Support
003234142375689322597_1042020337.dem,P02948,3,Budget Headshotter
003234142375689322597_1042020337.dem,P01652,1,Heavy-Weapon Anchor
003234142375689322597_1042020337.dem,P02055,3,Budget Headshotter
003234143541772943366_1004733540.dem,P09143,0,Utility Support
003234143541772943366_1004733540.dem,P02809,1,Heavy-Weapon Anchor
003234143541772943366_1004733540.dem,P06689,1,Heavy-Weapon Anchor
003234143541772943366_1004733540.dem,P09657,0,Utility Support
003234143541772943366_1004733540.dem,P08921,1,Heavy-Weapon Anchor
003234143541772943366_1004733540.dem,P05922,1,Heavy-Weapon Anchor
003234143541772943366_1004733540.dem,P06477,0,Utility Support
003234143541772943366_1004733540.dem,P03008,1,Heavy-Weapon Anchor
003234143541772943366_1004733540.dem,P05875,3,Budget Headshotter
003234143541772943366_1004733540.dem,P08264,0,Utility Support
003234144896835125284_0720274791.dem,P02514,1,Heavy-Weapon Anchor
003234144896835125284_0720274791.dem,P00867,0,Utility Support
003234144896835125284_0720274791.dem,P03190,0,Utility Support
003234144896835125284_0720274791.dem,P03647,3,Budget Headshotter
003234144896835125284_0720274791.dem,P04523,3,Budget Headshotter
003234144896835125284_0720274791.dem,P10439,0,Utility Support
003234144896835125284_0720274791.dem,P06030,0,Utility Support
003234144896835125284_0720274791.dem,P08539,3,Budget Headshotter
003234144896835125284_0720274791.dem,P00252,2,Star Fragger
003234144896835125284_0720274791.dem,P02925,1,Heavy-Weapon Anchor
003234147357851386225_1515883078.dem,P05854,0,Utility Support
003234147357851386225_1515883078.dem,P06679,3,Budget Headshotter
003234147357851386225_1515883078.dem,P08700,2,Star Fragger
003234147357851386225_1515883078.dem,P01476,0,Utility Support
003234147357851386225_1515883078.dem,P05401,0,Utility Support
003234147357851386225_1515883078.dem,P03389,0,Utility Support
003234147357851386225_1515883078.dem,P05434,0,Utility Support
003234147357851386225_1515883078.dem,P08518,0,Utility Support
003234147357851386225_1515883078.dem,P06041,1,Heavy-Weapon Anchor
003234147357851386225_1515883078.dem,P10196,1,Heavy-Weapon Anchor
003234152327128547519_1511110679.dem,P03190,0,Utility Support
003234152327128547519_1511110679.dem,P06413,1,Heavy-Weapon Anchor
003234152327128547519_1511110679.dem,P08235,0,Utility Support
003234152327128547519_1511110679.dem,P06030,3,Budget Headshotter
003234152327128547519_1511110679.dem,P08635,2,Star Fragger
003234152327128547519_1511110679.dem,P09371,3,Budget Headshotter
003234152327128547519_1511110679.dem,P05230,1,Heavy-Weapon Anchor
003234152327128547519_1511110679.dem,P10193,0,Utility Support
003234152327128547519_1511110679.dem,P09967,1,Heavy-Weapon Anchor
003234152327128547519_1511110679.dem,P03604,1,Heavy-Weapon Anchor
003234156072340029609_1038430021.dem,P01991,3,Budget Headshotter
003234156072340029609_1038430021.dem,P06865,3,Budget Headshotter
003234156072340029609_1038430021.dem,P02277,0,Utility Support
003234156072340029609_1038430021.dem,P09207,2,Star Fragger
003234156072340029609_1038430021.dem,P06620,2,Star Fragger
003234156072340029609_1038430021.dem,P00363,1,Heavy-Weapon Anchor
003234156072340029609_1038430021.dem,P10743,0,Utility Support
003234156072340029609_1038430021.dem,P10167,3,Budget Headshotter
003234156072340029609_1038430021.dem,P10234,0,Utility Support
003234156072340029609_1038430021.dem,P01124,1,Heavy-Weapon Anchor
003234158934935732488_1019385406.dem,P03190,0,Utility Support
003234158934935732488_1019385406.dem,P04035,2,Star Fragger
003234158934935732488_1019385406.dem,P06030,0,Utility Support
003234158934935732488_1019385406.dem,P09336,0,Utility Support
003234158934935732488_1019385406.dem,P04561,3,Budget Headshotter
003234158934935732488_1019385406.dem,P05872,2,Star Fragger
003234158934935732488_1019385406.dem,P00352,3,Budget Headshotter
003234158934935732488_1019385406.dem,P04408,1,Heavy-Weapon Anchor
003234158934935732488_1019385406.dem,P05261,1,Heavy-Weapon Anchor
003234158934935732488_1019385406.dem,P10193,3,Budget Headshotter
003234162020869734720_2073484194.dem,P08039,1,Heavy-Weapon Anchor
003234162020869734720_2073484194.dem,P06095,1,Heavy-Weapon Anchor
003234162020869734720_2073484194.dem,P09833,1,Heavy-Weapon Anchor
003234162020869734720_2073484194.dem,P00085,2,Star Fragger
003234162020869734720_2073484194.dem,P04221,3,Budget Headshotter
003234162020869734720_2073484194.dem,P06536,0,Utility Support
003234162020869734720_2073484194.dem,P04697,2,Star Fragger
003234162020869734720_2073484194.dem,P08270,1,Heavy-Weapon Anchor
003234162020869734720_2073484194.dem,P03286,1,Heavy-Weapon Anchor
003234162020869734720_2073484194.dem,P06037,1,Heavy-Weapon Anchor
003234166401736376403_2049388501.dem,P08912,1,Heavy-Weapon Anchor
003234166401736376403_2049388501.dem,P05773,3,Budget Headshotter
003234166401736376403_2049388501.dem,P06360,1,Heavy-Weapon Anchor
003234166401736376403_2049388501.dem,P08015,0,Utility Support
003234166401736376403_2049388501.dem,P06272,1,Heavy-Weapon Anchor
003234166401736376403_2049388501.dem,P06691,2,Star Fragger
003234166401736376403_2049388501.dem,P06879,0,Utility Support
003234166401736376403_2049388501.dem,P08247,0,Utility Support
003234166401736376403_2049388501.dem,P00734,0,Utility Support
003234166401736376403_2049388501.dem,P09898,3,Budget Headshotter
003234166517700493540_1328268315.dem,P07689,0,Utility Support
003234166517700493540_1328268315.dem,P06214,2,Star Fragger
003234166517700493540_1328268315.dem,P06634,0,Utility Support
003234166517700493540_1328268315.dem,P05560,0,Utility Support
003234166517700493540_1328268315.dem,P06669,3,Budget Headshotter
003234166517700493540_1328268315.dem,P01366,2,Star Fragger
003234166517700493540_1328268315.dem,P03172,1,Heavy-Weapon Anchor
003234166517700493540_1328268315.dem,P05833,1,Heavy-Weapon Anchor
003234166517700493540_1328268315.dem,P07053,1,Heavy-Weapon Anchor
003234166517700493540_1328268315.dem,P00886,3,Budget Headshotter
003234170365991190543_1486120832.dem,P05389,0,Utility Support
003234170365991190543_1486120832.dem,P03964,3,Budget Headshotter
003234170365991190543_1486120832.dem,P02133,0,Utility Support
003234170365991190543_1486120832.dem,P02314,3,Budget Headshotter
003234170365991190543_1486120832.dem,P00779,1,Heavy-Weapon Anchor
003234170365991190543_1486120832.dem,P00952,3,Budget Headshotter
003234170365991190543_1486120832.dem,P07267,1,Heavy-Weapon Anchor
003234170365991190543_1486120832.dem,P09153,0,Utility Support
003234170365991190543_1486120832.dem,P00677,3,Budget Headshotter
003234170365991190543_1486120832.dem,P00580,2,Star Fragger
003234193786447855733_2140499003.dem,P09003,1,Heavy-Weapon Anchor
003234193786447855733_2140499003.dem,P10347,3,Budget Headshotter
003234193786447855733_2140499003.dem,P03247,1,Heavy-Weapon Anchor
003234193786447855733_2140499003.dem,P03933,3,Budget Headshotter
003234193786447855733_2140499003.dem,P06661,2,Star Fragger
003234193786447855733_2140499003.dem,P00244,0,Utility Support
003234193786447855733_2140499003.dem,P00888,0,Utility Support
003234193786447855733_2140499003.dem,P07284,2,Star Fragger
003234193786447855733_2140499003.dem,P06076,3,Budget Headshotter
003234193786447855733_2140499003.dem,P08104,3,Budget Headshotter
003234211007119229036_1393274953.dem,P05165,3,Budget Headshotter
003234211007119229036_1393274953.dem,P05708,0,Utility Support
003234211007119229036_1393274953.dem,P09875,3,Budget Headshotter
003234211007119229036_1393274953.dem,P10493,1,Heavy-Weapon Anchor
003234211007119229036_1393274953.dem,P06274,3,Budget Headshotter
003234211007119229036_1393274953.dem,P03547,0,Utility Support
003234211007119229036_1393274953.dem,P02050,0,Utility Support
003234211007119229036_1393274953.dem,P00503,2,Star Fragger
003234211007119229036_1393274953.dem,P03368,0,Utility Support
003234211007119229036_1393274953.dem,P01432,3,Budget Headshotter
003234230214212976679_0060153988.dem,P04499,1,Heavy-Weapon Anchor
003234230214212976679_0060153988.dem,P02564,1,Heavy-Weapon Anchor
003234230214212976679_0060153988.dem,P01488,3,Budget Headshotter
003234230214212976679_0060153988.dem,P00334,1,Heavy-Weapon Anchor
003234230214212976679_0060153988.dem,P01677,1,Heavy-Weapon Anchor
003234230214212976679_0060153988.dem,P02559,1,Heavy-Weapon Anchor
003234230214212976679_0060153988.dem,P01972,0,Utility Support
003234230214212976679_0060153988.dem,P05051,0,Utility Support
003234230214212976679_0060153988.dem,P05938,2,Star Fragger
003234230214212976679_0060153988.dem,P06952,1,Heavy-Weapon Anchor
003234274585520111763_1019578162.dem,P06287,2,Star Fragger
003234274585520111763_1019578162.dem,P09319,0,Utility Support
003234274585520111763_1019578162.dem,P05551,3,Budget Headshotter
003234274585520111763_1019578162.dem,P01458,1,Heavy-Weapon Anchor
003234274585520111763_1019578162.dem,P03457,2,Star Fragger
003234274585520111763_1019578162.dem,P10555,0,Utility Support
003234274585520111763_1019578162.dem,P00710,1,Heavy-Weapon Anchor
003234274585520111763_1019578162.dem,P08117,0,Utility Support
003234274585520111763_1019578162.dem,P02467,2,Star Fragger
003234280961399062723_1865517393.dem,P08039,2,Star Fragger
003234280961399062723_1865517393.dem,P07484,0,Utility Support
003234280961399062723_1865517393.dem,P10187,3,Budget Headshotter
003234280961399062723_1865517393.dem,P10123,3,Budget Headshotter
003234280961399062723_1865517393.dem,P04633,1,Heavy-Weapon Anchor
003234280961399062723_1865517393.dem,P00182,3,Budget Headshotter
003234280961399062723_1865517393.dem,P00221,3,Budget Headshotter
003234280961399062723_1865517393.dem,P03415,3,Budget Headshotter
003234280961399062723_1865517393.dem,P08216,0,Utility Support
003234280961399062723_1865517393.dem,P06132,1,Heavy-Weapon Anchor
003234289259275878480_0362956463.dem,P08618,3,Budget Headshotter
003234289259275878480_0362956463.dem,P09491,1,Heavy-Weapon Anchor
003234289259275878480_0362956463.dem,P02051,0,Utility Support
003234289259275878480_0362956463.dem,P00066,2,Star Fragger
003234289259275878480_0362956463.dem,P09141,1,Heavy-Weapon Anchor
003234289259275878480_0362956463.dem,P05203,0,Utility Support
003234289259275878480_0362956463.dem,P00620,0,Utility Support
003234289259275878480_0362956463.dem,P02523,0,Utility Support
003234289259275878480_0362956463.dem,P06593,3,Budget Headshotter
003234289259275878480_0362956463.dem,P02253,0,Utility Support
003234291093226913956_0989207667.dem,P01800,1,Heavy-Weapon Anchor
003234291093226913956_0989207667.dem,P06285,1,Heavy-Weapon Anchor
003234291093226913956_0989207667.dem,P02784,3,Budget Headshotter
003234291093226913956_0989207667.dem,P05291,2,Star Fragger
003234291093226913956_0989207667.dem,P02730,1,Heavy-Weapon Anchor
003234291093226913956_0989207667.dem,P10791,1,Heavy-Weapon Anchor
003234291093226913956_0989207667.dem,P03228,3,Budget Headshotter
003234291093226913956_0989207667.dem,P07368,0,Utility Support
003234291093226913956_0989207667.dem,P07117,1,Heavy-Weapon Anchor
003234291093226913956_0989207667.dem,P04886,2,Star Fragger
003234295854198161560_0534533294.dem,P08039,2,Star Fragger
003234295854198161560_0534533294.dem,P04397,1,Heavy-Weapon Anchor
003234295854198161560_0534533294.dem,P03659,3,Budget Headshotter
003234295854198161560_0534533294.dem,P10020,2,Star Fragger
003234295854198161560_0534533294.dem,P10221,2,Star Fragger
003234295854198161560_0534533294.dem,P05178,3,Budget Headshotter
003234295854198161560_0534533294.dem,P01426,3,Budget Headshotter
003234295854198161560_0534533294.dem,P02073,3,Budget Headshotter
003234295854198161560_0534533294.dem,P10663,3,Budget Headshotter
003234295854198161560_0534533294.dem,P10211,3,Budget Headshotter
003234298839200432273_0855457946.dem,P07724,2,Star Fragger
003234298839200432273_0855457946.dem,P10773,0,Utility Support
003234298839200432273_0855457946.dem,P00670,2,Star Fragger
003234298839200432273_0855457946.dem,P09717,3,Budget Headshotter
003234298839200432273_0855457946.dem,P04309,0,Utility Support
003234298839200432273_0855457946.dem,P07073,2,Star Fragger
003234298839200432273_0855457946.dem,P07819,0,Utility Support
003234298839200432273_0855457946.dem,P08960,3,Budget Headshotter
003234298839200432273_0855457946.dem,P01242,1,Heavy-Weapon Anchor
003234298839200432273_0855457946.dem,P08062,1,Heavy-Weapon Anchor
003234302444825477464_0239611541.dem,P00168,2,Star Fragger
003234302444825477464_0239611541.dem,P03399,3,Budget Headshotter
003234302444825477464_0239611541.dem,P09672,2,Star Fragger
003234302444825477464_0239611541.dem,P02740,3,Budget Headshotter
003234302444825477464_0239611541.dem,P06241,1,Heavy-Weapon Anchor
003234302444825477464_0239611541.dem,P10204,2,Star Fragger
003234302444825477464_0239611541.dem,P06840,3,Budget Headshotter
003234302444825477464_0239611541.dem,P00003,2,Star Fragger
003234302444825477464_0239611541.dem,P09560,0,Utility Support
003234306325328429187_1812381081.dem,P07832,3,Budget Headshotter
003234306325328429187_1812381081.dem,P05496,0,Utility Support
003234306325328429187_1812381081.dem,P03339,1,Heavy-Weapon Anchor
003234306325328429187_1812381081.dem,P08420,2,Star Fragger
003234306325328429187_1812381081.dem,P01015,1,Heavy-Weapon Anchor
003234306325328429187_1812381081.dem,P01714,2,Star Fragger
003234306325328429187_1812381081.dem,P07607,1,Heavy-Weapon Anchor
003234306325328429187_1812381081.dem,P01237,1,Heavy-Weapon Anchor
003234306325328429187_1812381081.dem,P04854,1,Heavy-Weapon Anchor
003234306325328429187_1812381081.dem,P10138,3,Budget Headshotter
003234312353315029060_1068040928.dem,P00459,2,Star Fragger
003234312353315029060_1068040928.dem,P05556,1,Heavy-Weapon Anchor
003234312353315029060_1068040928.dem,P02032,1,Heavy-Weapon Anchor
003234312353315029060_1068040928.dem,P06131,1,Heavy-Weapon Anchor
003234312353315029060_1068040928.dem,P07631,2,Star Fragger
003234312353315029060_1068040928.dem,P02960,1,Heavy-Weapon Anchor
003234312353315029060_1068040928.dem,P03221,1,Heavy-Weapon Anchor
003234312353315029060_1068040928.dem,P06290,2,Star Fragger
003234312353315029060_1068040928.dem,P07395,1,Heavy-Weapon Anchor
003234312353315029060_1068040928.dem,P08586,1,Heavy-Weapon Anchor
003234312879448523087_0534533294.dem,P07222,1,Heavy-Weapon Anchor
003234312879448523087_0534533294.dem,P05496,2,Star Fragger
003234312879448523087_0534533294.dem,P05055,0,Utility Support
003234312879448523087_0534533294.dem,P01503,3,Budget Headshotter
003234312879448523087_0534533294.dem,P09135,3,Budget Headshotter
003234312879448523087_0534533294.dem,P05582,1,Heavy-Weapon Anchor
003234312879448523087_0534533294.dem,P05021,2,Star Fragger
003234312879448523087_0534533294.dem,P10865,3,Budget Headshotter
003234312879448523087_0534533294.dem,P07061,3,Budget Headshotter
003234312879448523087_0534533294.dem,P10905,1,Heavy-Weapon Anchor
003234312907365810436_0175051472.dem,P09225,2,Star Fragger
003234312907365810436_0175051472.dem,P00167,1,Heavy-Weapon Anchor
003234312907365810436_0175051472.dem,P07574,3,Budget Headshotter
003234312907365810436_0175051472.dem,P06976,1,Heavy-Weapon Anchor
003234312907365810436_0175051472.dem,P05794,0,Utility Support
003234312907365810436_0175051472.dem,P09843,1,Heavy-Weapon Anchor
003234312907365810436_0175051472.dem,P05868,3,Budget Headshotter
003234312907365810436_0175051472.dem,P09323,3,Budget Headshotter
003234312907365810436_0175051472.dem,P01143,3,Budget Headshotter
003234312907365810436_0175051472.dem,P00379,0,Utility Support
003234319023399239692_1634472655.dem,P07825,0,Utility Support
003234319023399239692_1634472655.dem,P05364,0,Utility Support
003234319023399239692_1634472655.dem,P02228,1,Heavy-Weapon Anchor
003234319023399239692_1634472655.dem,P04516,2,Star Fragger
003234319023399239692_1634472655.dem,P05972,0,Utility Support
003234319023399239692_1634472655.dem,P04771,1,Heavy-Weapon Anchor
003234319023399239692_1634472655.dem,P00758,1,Heavy-Weapon Anchor
003234319023399239692_1634472655.dem,P07145,3,Budget Headshotter
003234319023399239692_1634472655.dem,P10473,0,Utility Support
003234319023399239692_1634472655.dem,P07049,3,Budget Headshotter
003234322418570887204_0690754237.dem,P02969,1,Heavy-Weapon Anchor
003234322418570887204_0690754237.dem,P07312,0,Utility Support
003234322418570887204_0690754237.dem,P07148,2,Star Fragger
003234322418570887204_0690754237.dem,P09019,0,Utility Support
003234322418570887204_0690754237.dem,P06339,0,Utility Support
003234322418570887204_0690754237.dem,P05966,3,Budget Headshotter
003234322418570887204_0690754237.dem,P07711,3,Budget Headshotter
003234322418570887204_0690754237.dem,P03886,3,Budget Headshotter
003234322418570887204_0690754237.dem,P09734,0,Utility Support
003234322418570887204_0690754237.dem,P06398,3,Budget Headshotter
003234331412232405129_0276455702.dem,P10848,1,Heavy-Weapon Anchor
003234331412232405129_0276455702.dem,P01706,2,Star Fragger
003234331412232405129_0276455702.dem,P09663,2,Star Fragger
003234331412232405129_0276455702.dem,P03292,1,Heavy-Weapon Anchor
003234331412232405129_0276455702.dem,P09801,3,Budget Headshotter
003234331412232405129_0276455702.dem,P04172,0,Utility Support
003234331412232405129_0276455702.dem,P00653,3,Budget Headshotter
003234331412232405129_0276455702.dem,P07111,2,Star Fragger
003234331412232405129_0276455702.dem,P03021,1,Heavy-Weapon Anchor
003234333765874483534_0267899684.dem,P00820,0,Utility Support
003234333765874483534_0267899684.dem,P01402,1,Heavy-Weapon Anchor
003234333765874483534_0267899684.dem,P01756,0,Utility Support
003234333765874483534_0267899684.dem,P02448,0,Utility Support
003234333765874483534_0267899684.dem,P00879,3,Budget Headshotter
003234333765874483534_0267899684.dem,P06882,3,Budget Headshotter
003234333765874483534_0267899684.dem,P10330,2,Star Fragger
003234333765874483534_0267899684.dem,P04954,0,Utility Support
003234333765874483534_0267899684.dem,P06585,0,Utility Support
003234333765874483534_0267899684.dem,P09352,2,Star Fragger
003234338176805896307_1885405185.dem,P09724,0,Utility Support
003234338176805896307_1885405185.dem,P05568,0,Utility Support
003234338176805896307_1885405185.dem,P10925,1,Heavy-Weapon Anchor
003234338176805896307_1885405185.dem,P04222,0,Utility Support
003234338176805896307_1885405185.dem,P03833,1,Heavy-Weapon Anchor
003234338176805896307_1885405185.dem,P04308,1,Heavy-Weapon Anchor
003234338176805896307_1885405185.dem,P00132,0,Utility Support
003234338176805896307_1885405185.dem,P00072,0,Utility Support
003234338176805896307_1885405185.dem,P01661,1,Heavy-Weapon Anchor
003234338176805896307_1885405185.dem,P08468,3,Budget Headshotter
003234338408734130443_0118354570.dem,P06906,1,Heavy-Weapon Anchor
003234338408734130443_0118354570.dem,P00559,3,Budget Headshotter
003234338408734130443_0118354570.dem,P08598,0,Utility Support
003234338408734130443_0118354570.dem,P07913,3,Budget Headshotter
003234338408734130443_0118354570.dem,P05856,3,Budget Headshotter
003234338408734130443_0118354570.dem,P10510,3,Budget Headshotter
003234338408734130443_0118354570.dem,P04599,0,Utility Support
003234338408734130443_0118354570.dem,P10859,2,Star Fragger
003234338408734130443_0118354570.dem,P06834,3,Budget Headshotter
003234338408734130443_0118354570.dem,P02188,2,Star Fragger
003234340032231768504_1545441308.dem,P02159,0,Utility Support
003234340032231768504_1545441308.dem,P03287,1,Heavy-Weapon Anchor
003234340032231768504_1545441308.dem,P03047,3,Budget Headshotter
003234340032231768504_1545441308.dem,P02805,1,Heavy-Weapon Anchor
003234340032231768504_1545441308.dem,P09699,3,Budget Headshotter
003234340032231768504_1545441308.dem,P09761,3,Budget Headshotter
003234340032231768504_1545441308.dem,P08471,2,Star Fragger
003234340032231768504_1545441308.dem,P00494,3,Budget Headshotter
003234340032231768504_1545441308.dem,P05479,2,Star Fragger
003234340032231768504_1545441308.dem,P03088,0,Utility Support
003234348117507702925_2029438849.dem,P08039,2,Star Fragger
003234348117507702925_2029438849.dem,P08181,3,Budget Headshotter
003234348117507702925_2029438849.dem,P09509,1,Heavy-Weapon Anchor
003234348117507702925_2029438849.dem,P09833,3,Budget Headshotter
003234348117507702925_2029438849.dem,P04186,0,Utility Support
003234348117507702925_2029438849.dem,P09314,1,Heavy-Weapon Anchor
003234348117507702925_2029438849.dem,P01555,2,Star Fragger
003234348117507702925_2029438849.dem,P03628,3,Budget Headshotter
003234348117507702925_2029438849.dem,P06168,1,Heavy-Weapon Anchor
003234348117507702925_2029438849.dem,P01688,2,Star Fragger
003234349676580831279_0776151194.dem,P00687,1,Heavy-Weapon Anchor
003234349676580831279_0776151194.dem,P02452,1,Heavy-Weapon Anchor
003234349676580831279_0776151194.dem,P09659,0,Utility Support
003234349676580831279_0776151194.dem,P08096,2,Star Fragger
003234349676580831279_0776151194.dem,P09398,2,Star Fragger
003234349676580831279_0776151194.dem,P01760,3,Budget Headshotter
003234349676580831279_0776151194.dem,P08016,1,Heavy-Weapon Anchor
003234349676580831279_0776151194.dem,P07155,0,Utility Support
003234349676580831279_0776151194.dem,P09821,1,Heavy-Weapon Anchor
003234349730267922549_1453787311.dem,P05699,0,Utility Support
003234349730267922549_1453787311.dem,P08557,0,Utility Support
003234349730267922549_1453787311.dem,P09927,0,Utility Support
003234349730267922549_1453787311.dem,P06803,0,Utility Support
003234349730267922549_1453787311.dem,P05273,3,Budget Headshotter
003234349730267922549_1453787311.dem,P03468,2,Star Fragger
003234349730267922549_1453787311.dem,P04790,2,Star Fragger
003234349730267922549_1453787311.dem,P10837,1,Heavy-Weapon Anchor
003234349730267922549_1453787311.dem,P03589,1,Heavy-Weapon Anchor
003234382554555482136_2002900418.dem,P07224,3,Budget Headshotter
003234382554555482136_2002900418.dem,P06985,0,Utility Support
003234382554555482136_2002900418.dem,P06795,3,Budget Headshotter
003234382554555482136_2002900418.dem,P04641,2,Star Fragger
003234382554555482136_2002900418.dem,P06033,3,Budget Headshotter
003234382554555482136_2002900418.dem,P02802,3,Budget Headshotter
003234382554555482136_2002900418.dem,P08404,0,Utility Support
003234382554555482136_2002900418.dem,P01474,3,Budget Headshotter
003234382554555482136_2002900418.dem,P06511,2,Star Fragger
003234382554555482136_2002900418.dem,P00089,2,Star Fragger
003234411562764599455_1266854621.dem,P02012,0,Utility Support
003234411562764599455_1266854621.dem,P01448,1,Heavy-Weapon Anchor
003234411562764599455_1266854621.dem,P04752,2,Star Fragger
003234411562764599455_1266854621.dem,P09433,0,Utility Support
003234411562764599455_1266854621.dem,P03056,1,Heavy-Weapon Anchor
003234411562764599455_1266854621.dem,P09639,3,Budget Headshotter
003234411562764599455_1266854621.dem,P04284,0,Utility Support
003234411562764599455_1266854621.dem,P01935,1,Heavy-Weapon Anchor
003234411562764599455_1266854621.dem,P04662,3,Budget Headshotter
003234411562764599455_1266854621.dem,P02594,3,Budget Headshotter
003234450769373560996_1986292310.dem,P01602,3,Budget Headshotter
003234450769373560996_1986292310.dem,P01138,1,Heavy-Weapon Anchor
003234450769373560996_1986292310.dem,P03918,3,Budget Headshotter
003234450769373560996_1986292310.dem,P09803,3,Budget Headshotter
003234450769373560996_1986292310.dem,P00223,3,Budget Headshotter
003234450769373560996_1986292310.dem,P04028,2,Star Fragger
003234450769373560996_1986292310.dem,P03883,2,Star Fragger
003234450769373560996_1986292310.dem,P05807,0,Utility Support
003234450769373560996_1986292310.dem,P06284,3,Budget Headshotter
003234450769373560996_1986292310.dem,P02000,2,Star Fragger
003234508094302060888_1428523514.dem,P09601,0,Utility Support
003234508094302060888_1428523514.dem,P02445,2,Star Fragger
003234508094302060888_1428523514.dem,P07858,0,Utility Support
003234508094302060888_1428523514.dem,P10132,3,Budget Headshotter
003234508094302060888_1428523514.dem,P06713,2,Star Fragger
003234508094302060888_1428523514.dem,P05953,3,Budget Headshotter
003234508094302060888_1428523514.dem,P04808,3,Budget Headshotter
003234508094302060888_1428523514.dem,P01118,1,Heavy-Weapon Anchor
003234508094302060888_1428523514.dem,P04236,3,Budget Headshotter
003234508094302060888_1428523514.dem,P07414,2,Star Fragger
003234509563180876253_0763858776.dem,P05621,0,Utility Support
003234509563180876253_0763858776.dem,P00703,2,Star Fragger
003234509563180876253_0763858776.dem,P09972,0,Utility Support
003234509563180876253_0763858776.dem,P00797,3,Budget Headshotter
003234509563180876253_0763858776.dem,P10896,1,Heavy-Weapon Anchor
003234509563180876253_0763858776.dem,P02611,1,Heavy-Weapon Anchor
003234509563180876253_0763858776.dem,P10248,0,Utility Support
003234509563180876253_0763858776.dem,P07541,1,Heavy-Weapon Anchor
003234509563180876253_0763858776.dem,P03439,1,Heavy-Weapon Anchor
003234509563180876253_0763858776.dem,P02239,0,Utility Support
003234515410778849603_1251622715.dem,P07605,1,Heavy-Weapon Anchor
003234515410778849603_1251622715.dem,P04362,1,Heavy-Weapon Anchor
003234515410778849603_1251622715.dem,P05947,3,Budget Headshotter
003234515410778849603_1251622715.dem,P06082,2,Star Fragger
003234515410778849603_1251622715.dem,P09058,3,Budget Headshotter
003234515410778849603_1251622715.dem,P09011,1,Heavy-Weapon Anchor
003234515410778849603_1251622715.dem,P07183,1,Heavy-Weapon Anchor
003234515410778849603_1251622715.dem,P05459,3,Budget Headshotter
003234515410778849603_1251622715.dem,P08171,2,Star Fragger
003234515410778849603_1251622715.dem,P03425,3,Budget Headshotter
003234516789463351345_0931146097.dem,P03499,1,Heavy-Weapon Anchor
003234516789463351345_0931146097.dem,P04505,3,Budget Headshotter
003234516789463351345_0931146097.dem,P10228,0,Utility Support
003234516789463351345_0931146097.dem,P06194,0,Utility Support
003234516789463351345_0931146097.dem,P04989,0,Utility Support
003234516789463351345_0931146097.dem,P01756,0,Utility Support
003234516789463351345_0931146097.dem,P07585,2,Star Fragger
003234516789463351345_0931146097.dem,P02886,0,Utility Support
003234516789463351345_0931146097.dem,P06585,0,Utility Support
003234516789463351345_0931146097.dem,P04194,3,Budget Headshotter
003234518595497099591_2116315515.dem,P04228,3,Budget Headshotter
003234518595497099591_2116315515.dem,P05208,2,Star Fragger
003234518595497099591_2116315515.dem,P01899,3,Budget Headshotter
003234518595497099591_2116315515.dem,P07993,3,Budget Headshotter
003234518595497099591_2116315515.dem,P05933,2,Star Fragger
003234518595497099591_2116315515.dem,P08335,2,Star Fragger
003234518595497099591_2116315515.dem,P10943,3,Budget Headshotter
003234518595497099591_2116315515.dem,P08818,1,Heavy-Weapon Anchor
003234518595497099591_2116315515.dem,P04456,3,Budget Headshotter
003234526470319636590_1377529761.dem,P03476,3,Budget Headshotter
003234526470319636590_1377529761.dem,P09416,2,Star Fragger
003234526470319636590_1377529761.dem,P07313,1,Heavy-Weapon Anchor
003234526470319636590_1377529761.dem,P09905,0,Utility Support
003234526470319636590_1377529761.dem,P00975,2,Star Fragger
003234526470319636590_1377529761.dem,P07813,1,Heavy-Weapon Anchor
003234526470319636590_1377529761.dem,P09789,0,Utility Support
003234526470319636590_1377529761.dem,P04373,1,Heavy-Weapon Anchor
003234526470319636590_1377529761.dem,P00762,3,Budget Headshotter
003234526470319636590_1377529761.dem,P01873,1,Heavy-Weapon Anchor
003234532534813458776_0323443054.dem,P03238,0,Utility Support
003234532534813458776_0323443054.dem,P00949,2,Star Fragger
003234532534813458776_0323443054.dem,P08192,3,Budget Headshotter
003234532534813458776_0323443054.dem,P03849,0,Utility Support
003234532534813458776_0323443054.dem,P00660,1,Heavy-Weapon Anchor
003234532534813458776_0323443054.dem,P09942,0,Utility Support
003234532534813458776_0323443054.dem,P07899,1,Heavy-Weapon Anchor
003234532534813458776_0323443054.dem,P10175,2,Star Fragger
003234532534813458776_0323443054.dem,P06138,2,Star Fragger
003234532534813458776_0323443054.dem,P01319,1,Heavy-Weapon Anchor
003234541865629909201_0781585885.dem,P07396,1,Heavy-Weapon Anchor
003234541865629909201_0781585885.dem,P01252,3,Budget Headshotter
003234541865629909201_0781585885.dem,P09223,1,Heavy-Weapon Anchor
003234541865629909201_0781585885.dem,P08168,0,Utility Support
003234541865629909201_0781585885.dem,P06558,3,Budget Headshotter
003234541865629909201_0781585885.dem,P01816,0,Utility Support
003234541865629909201_0781585885.dem,P05317,1,Heavy-Weapon Anchor
003234541865629909201_0781585885.dem,P03582,3,Budget Headshotter
003234541865629909201_0781585885.dem,P04883,2,Star Fragger
003234541865629909201_0781585885.dem,P04339,3,Budget Headshotter
003234563168667697273_1917161272.dem,P09408,3,Budget Headshotter
003234563168667697273_1917161272.dem,P09399,2,Star Fragger
003234563168667697273_1917161272.dem,P00567,0,Utility Support
003234563168667697273_1917161272.dem,P01216,2,Star Fragger
003234563168667697273_1917161272.dem,P00589,0,Utility Support
003234563168667697273_1917161272.dem,P06345,1,Heavy-Weapon Anchor
003234563168667697273_1917161272.dem,P01211,3,Budget Headshotter
003234563168667697273_1917161272.dem,P04612,2,Star Fragger
003234563168667697273_1917161272.dem,P10907,3,Budget Headshotter
003234563168667697273_1917161272.dem,P08521,1,Heavy-Weapon Anchor
003234578370704441379_1169928603.dem,P02757,3,Budget Headshotter
003234578370704441379_1169928603.dem,P06258,1,Heavy-Weapon Anchor
003234578370704441379_1169928603.dem,P05819,2,Star Fragger
003234578370704441379_1169928603.dem,P10005,2,Star Fragger
003234578370704441379_1169928603.dem,P00853,3,Budget Headshotter
003234578370704441379_1169928603.dem,P01006,2,Star Fragger
003234578370704441379_1169928603.dem,P03056,3,Budget Headshotter
003234578370704441379_1169928603.dem,P06176,1,Heavy-Weapon Anchor
003234578370704441379_1169928603.dem,P01846,0,Utility Support
003234578370704441379_1169928603.dem,P01170,1,Heavy-Weapon Anchor
003234597534848516098_0278234255.dem,P10809,0,Utility Support
003234597534848516098_0278234255.dem,P03931,1,Heavy-Weapon Anchor
003234597534848516098_0278234255.dem,P09354,1,Heavy-Weapon Anchor
003234597534848516098_0278234255.dem,P04174,3,Budget Headshotter
003234597534848516098_0278234255.dem,P08745,1,Heavy-Weapon Anchor
003234597534848516098_0278234255.dem,P04102,3,Budget Headshotter
003234597534848516098_0278234255.dem,P06741,0,Utility Support
003234597534848516098_0278234255.dem,P08710,2,Star Fragger
003234597534848516098_0278234255.dem,P09330,1,Heavy-Weapon Anchor
003234597534848516098_0278234255.dem,P03270,1,Heavy-Weapon Anchor
003234603131190902851_0235250397.dem,P10800,0,Utility Support
003234603131190902851_0235250397.dem,P05298,1,Heavy-Weapon Anchor
003234603131190902851_0235250397.dem,P02988,3,Budget Headshotter
003234603131190902851_0235250397.dem,P09163,1,Heavy-Weapon Anchor
003234603131190902851_0235250397.dem,P01101,3,Budget Headshotter
003234603131190902851_0235250397.dem,P03055,0,Utility Support
003234603131190902851_0235250397.dem,P10019,2,Star Fragger
003234603131190902851_0235250397.dem,P06309,3,Budget Headshotter
003234603131190902851_0235250397.dem,P03178,1,Heavy-Weapon Anchor
003234603131190902851_0235250397.dem,P08144,3,Budget Headshotter
003234621408424230999_0698374780.dem,P07613,1,Heavy-Weapon Anchor
003234621408424230999_0698374780.dem,P02039,1,Heavy-Weapon Anchor
003234621408424230999_0698374780.dem,P01036,1,Heavy-Weapon Anchor
003234621408424230999_0698374780.dem,P00713,2,Star Fragger
003234621408424230999_0698374780.dem,P03056,3,Budget Headshotter
003234621408424230999_0698374780.dem,P05790,2,Star Fragger
003234621408424230999_0698374780.dem,P03708,1,Heavy-Weapon Anchor
003234621408424230999_0698374780.dem,P04334,0,Utility Support
003234621408424230999_0698374780.dem,P06695,1,Heavy-Weapon Anchor
003234621408424230999_0698374780.dem,P09533,1,Heavy-Weapon Anchor
003234627960396841181_0371213850.dem,P00576,2,Star Fragger
003234627960396841181_0371213850.dem,P06588,1,Heavy-Weapon Anchor
003234627960396841181_0371213850.dem,P07857,1,Heavy-Weapon Anchor
003234627960396841181_0371213850.dem,P00870,0,Utility Support
003234627960396841181_0371213850.dem,P03056,1,Heavy-Weapon Anchor
003234627960396841181_0371213850.dem,P05795,3,Budget Headshotter
003234627960396841181_0371213850.dem,P10491,2,Star Fragger
003234627960396841181_0371213850.dem,P08243,2,Star Fragger
003234627960396841181_0371213850.dem,P08658,1,Heavy-Weapon Anchor
003234627960396841181_0371213850.dem,P08081,1,Heavy-Weapon Anchor
003234637671317897515_0430642255.dem,P03575,3,Budget Headshotter
003234637671317897515_0430642255.dem,P00323,2,Star Fragger
003234637671317897515_0430642255.dem,P01230,0,Utility Support
003234637671317897515_0430642255.dem,P03028,3,Budget Headshotter
003234637671317897515_0430642255.dem,P01822,0,Utility Support
003234637671317897515_0430642255.dem,P06958,0,Utility Support
003234637671317897515_0430642255.dem,P01952,1,Heavy-Weapon Anchor
003234637671317897515_0430642255.dem,P05589,3,Budget Headshotter
003234637671317897515_0430642255.dem,P06561,1,Heavy-Weapon Anchor
003234637671317897515_0430642255.dem,P08159,0,Utility Support
003234643076534239409_0546403566.dem,P06245,0,Utility Support
003234643076534239409_0546403566.dem,P06011,1,Heavy-Weapon Anchor
003234643076534239409_0546403566.dem,P10726,0,Utility Support
003234643076534239409_0546403566.dem,P01441,0,Utility Support
003234643076534239409_0546403566.dem,P08551,0,Utility Support
003234643076534239409_0546403566.dem,P05885,0,Utility Support
003234643076534239409_0546403566.dem,P02496,0,Utility Support
003234643076534239409_0546403566.dem,P03901,0,Utility Support
003234643076534239409_0546403566.dem,P06995,1,Heavy-Weapon Anchor
003234643076534239409_0546403566.dem,P05542,0,Utility Support
003234661542746128748_0194307712.dem,P09991,3,Budget Headshotter
003234661542746128748_0194307712.dem,P01381,2,Star Fragger
003234661542746128748_0194307712.dem,P05928,1,Heavy-Weapon Anchor
003234661542746128748_0194307712.dem,P05632,0,Utility Support
003234661542746128748_0194307712.dem,P03352,0,Utility Support
003234661542746128748_0194307712.dem,P07564,2,Star Fragger
003234661542746128748_0194307712.dem,P06876,2,Star Fragger
003234661542746128748_0194307712.dem,P00817,1,Heavy-Weapon Anchor
003234661542746128748_0194307712.dem,P00649,0,Utility Support
003234661542746128748_0194307712.dem,P09390,1,Heavy-Weapon Anchor
003234670076846145909_1254888976.dem,P10178,0,Utility Support
003234670076846145909_1254888976.dem,P06439,1,Heavy-Weapon Anchor
003234670076846145909_1254888976.dem,P05632,3,Budget Headshotter
003234670076846145909_1254888976.dem,P10724,2,Star Fragger
003234670076846145909_1254888976.dem,P06890,3,Budget Headshotter
003234670076846145909_1254888976.dem,P03352,0,Utility Support
003234670076846145909_1254888976.dem,P07822,3,Budget Headshotter
003234670076846145909_1254888976.dem,P02873,3,Budget Headshotter
003234670076846145909_1254888976.dem,P07564,3,Budget Headshotter
003234670076846145909_1254888976.dem,P00649,1,Heavy-Weapon Anchor
003234675585141702775_2115541768.dem,P10521,0,Utility Support
003234675585141702775_2115541768.dem,P04891,1,Heavy-Weapon Anchor
003234675585141702775_2115541768.dem,P09326,0,Utility Support
003234675585141702775_2115541768.dem,P09438,2,Star Fragger
003234675585141702775_2115541768.dem,P01782,3,Budget Headshotter
003234675585141702775_2115541768.dem,P04851,3,Budget Headshotter
003234675585141702775_2115541768.dem,P05696,1,Heavy-Weapon Anchor
003234675585141702775_2115541768.dem,P01534,0,Utility Support
003234675585141702775_2115541768.dem,P02545,1,Heavy-Weapon Anchor
003234675585141702775_2115541768.dem,P02526,2,Star Fragger
003234680655350595702_0221393471.dem,P02755,1,Heavy-Weapon Anchor
003234680655350595702_0221393471.dem,P09086,0,Utility Support
003234680655350595702_0221393471.dem,P07070,3,Budget Headshotter
003234680655350595702_0221393471.dem,P10551,2,Star Fragger
003234680655350595702_0221393471.dem,P01055,3,Budget Headshotter
003234680655350595702_0221393471.dem,P06523,0,Utility Support
003234680655350595702_0221393471.dem,P09411,0,Utility Support
003234680655350595702_0221393471.dem,P03436,3,Budget Headshotter
003234680655350595702_0221393471.dem,P07679,1,Heavy-Weapon Anchor
003234680655350595702_0221393471.dem,P02429,3,Budget Headshotter
003234685968225140784_1027482762.dem,P00023,1,Heavy-Weapon Anchor
003234685968225140784_1027482762.dem,P02848,3,Budget Headshotter
003234685968225140784_1027482762.dem,P07814,0,Utility Support
003234685968225140784_1027482762.dem,P08109,2,Star Fragger
003234685968225140784_1027482762.dem,P09677,2,Star Fragger
003234685968225140784_1027482762.dem,P01517,0,Utility Support
003234685968225140784_1027482762.dem,P03020,0,Utility Support
003234685968225140784_1027482762.dem,P00859,3,Budget Headshotter
003234685968225140784_1027482762.dem,P04837,3,Budget Headshotter
003234685968225140784_1027482762.dem,P04927,0,Utility Support
003234691721333834055_1811359848.dem,P01563,0,Utility Support
003234691721333834055_1811359848.dem,P08887,2,Star Fragger
003234691721333834055_1811359848.dem,P07048,0,Utility Support
003234691721333834055_1811359848.dem,P04061,0,Utility Support
003234691721333834055_1811359848.dem,P08377,1,Heavy-Weapon Anchor
003234691721333834055_1811359848.dem,P10531,3,Budget Headshotter
003234691721333834055_1811359848.dem,P02658,2,Star Fragger
003234691721333834055_1811359848.dem,P03078,3,Budget Headshotter
003234691721333834055_1811359848.dem,P10267,3,Budget Headshotter
003234691721333834055_1811359848.dem,P06071,1,Heavy-Weapon Anchor
003234703526051446932_0715192885.dem,P07178,3,Budget Headshotter
003234703526051446932_0715192885.dem,P05583,1,Heavy-Weapon Anchor
003234703526051446932_0715192885.dem,P01069,1,Heavy-Weapon Anchor
003234703526051446932_0715192885.dem,P06716,0,Utility Support
003234703526051446932_0715192885.dem,P09122,0,Utility Support
003234703526051446932_0715192885.dem,P02122,3,Budget Headshotter
003234703526051446932_0715192885.dem,P04663,0,Utility Support
003234703526051446932_0715192885.dem,P06197,3,Budget Headshotter
003234703526051446932_0715192885.dem,P00884,2,Star Fragger
003234703526051446932_0715192885.dem,P09863,3,Budget Headshotter
003234706100884340968_1075360092.dem,P01466,2,Star Fragger
003234706100884340968_1075360092.dem,P05085,3,Budget Headshotter
003234706100884340968_1075360092.dem,P08725,0,Utility Support
003234706100884340968_1075360092.dem,P05503,0,Utility Support
003234706100884340968_1075360092.dem,P07439,0,Utility Support
003234706100884340968_1075360092.dem,P09093,3,Budget Headshotter
003234706100884340968_1075360092.dem,P09481,3,Budget Headshotter
003234706100884340968_1075360092.dem,P07784,0,Utility Support
003234706100884340968_1075360092.dem,P01077,0,Utility Support
003234706100884340968_1075360092.dem,P06263,1,Heavy-Weapon Anchor
003234707288442798230_2031817064.dem,P07715,2,Star Fragger
003234707288442798230_2031817064.dem,P09423,3,Budget Headshotter
003234707288442798230_2031817064.dem,P02801,3,Budget Headshotter
003234707288442798230_2031817064.dem,P07032,3,Budget Headshotter
003234707288442798230_2031817064.dem,P07935,1,Heavy-Weapon Anchor
003234707288442798230_2031817064.dem,P06182,1,Heavy-Weapon Anchor
003234707288442798230_2031817064.dem,P09742,3,Budget Headshotter
003234707288442798230_2031817064.dem,P09263,2,Star Fragger
003234707288442798230_2031817064.dem,P09990,3,Budget Headshotter
003234707288442798230_2031817064.dem,P10229,2,Star Fragger
003234707883295768782_0337014913.dem,P03792,1,Heavy-Weapon Anchor
003234707883295768782_0337014913.dem,P03176,2,Star Fragger
003234707883295768782_0337014913.dem,P07072,0,Utility Support
003234707883295768782_0337014913.dem,P08363,1,Heavy-Weapon Anchor
003234707883295768782_0337014913.dem,P10785,2,Star Fragger
003234707883295768782_0337014913.dem,P04060,3,Budget Headshotter
003234707883295768782_0337014913.dem,P05190,1,Heavy-Weapon Anchor
003234707883295768782_0337014913.dem,P04074,1,Heavy-Weapon Anchor
003234707883295768782_0337014913.dem,P06980,3,Budget Headshotter
003234707883295768782_0337014913.dem,P06462,2,Star Fragger
003234709193260794196_1453045545.dem,P07178,0,Utility Support
003234709193260794196_1453045545.dem,P03177,0,Utility Support
003234709193260794196_1453045545.dem,P09819,0,Utility Support
003234709193260794196_1453045545.dem,P01069,1,Heavy-Weapon Anchor
003234709193260794196_1453045545.dem,P06369,0,Utility Support
003234709193260794196_1453045545.dem,P07676,1,Heavy-Weapon Anchor
003234709193260794196_1453045545.dem,P02122,3,Budget Headshotter
003234709193260794196_1453045545.dem,P10082,0,Utility Support
003234709193260794196_1453045545.dem,P02542,3,Budget Headshotter
003234709193260794196_1453045545.dem,P00884,2,Star Fragger
003234715526190071954_1091815315.dem,P07178,2,Star Fragger
003234715526190071954_1091815315.dem,P02305,2,Star Fragger
003234715526190071954_1091815315.dem,P09819,3,Budget Headshotter
003234715526190071954_1091815315.dem,P01069,2,Star Fragger
003234715526190071954_1091815315.dem,P00326,3,Budget Headshotter
003234715526190071954_1091815315.dem,P01283,3,Budget Headshotter
003234715526190071954_1091815315.dem,P01790,3,Budget Headshotter
003234715526190071954_1091815315.dem,P05510,0,Utility Support
003234715526190071954_1091815315.dem,P00884,2,Star Fragger
003234715526190071954_1091815315.dem,P07717,1,Heavy-Weapon Anchor
003234717237734539552_1184153542.dem,P06937,3,Budget Headshotter
003234717237734539552_1184153542.dem,P05505,0,Utility Support
003234717237734539552_1184153542.dem,P04525,0,Utility Support
003234717237734539552_1184153542.dem,P07017,1,Heavy-Weapon Anchor
003234717237734539552_1184153542.dem,P00067,2,Star Fragger
003234717237734539552_1184153542.dem,P08009,2,Star Fragger
003234717237734539552_1184153542.dem,P02030,1,Heavy-Weapon Anchor
003234717237734539552_1184153542.dem,P09320,3,Budget Headshotter
003234717237734539552_1184153542.dem,P10294,1,Heavy-Weapon Anchor
003234717237734539552_1184153542.dem,P09995,3,Budget Headshotter
003234721427475136712_1748159198.dem,P02652,2,Star Fragger
003234721427475136712_1748159198.dem,P01571,1,Heavy-Weapon Anchor
003234721427475136712_1748159198.dem,P06632,0,Utility Support
003234721427475136712_1748159198.dem,P00951,1,Heavy-Weapon Anchor
003234721427475136712_1748159198.dem,P08055,1,Heavy-Weapon Anchor
003234721427475136712_1748159198.dem,P06231,2,Star Fragger
003234721427475136712_1748159198.dem,P01635,0,Utility Support
003234721427475136712_1748159198.dem,P04519,3,Budget Headshotter
003234721427475136712_1748159198.dem,P10816,0,Utility Support
003234721427475136712_1748159198.dem,P04693,2,Star Fragger
003234722275731177779_1662273249.dem,P07178,1,Heavy-Weapon Anchor
003234722275731177779_1662273249.dem,P07110,0,Utility Support
003234722275731177779_1662273249.dem,P01735,1,Heavy-Weapon Anchor
003234722275731177779_1662273249.dem,P09819,0,Utility Support
003234722275731177779_1662273249.dem,P01069,3,Budget Headshotter
003234722275731177779_1662273249.dem,P06735,3,Budget Headshotter
003234722275731177779_1662273249.dem,P09220,3,Budget Headshotter
003234722275731177779_1662273249.dem,P06951,3,Budget Headshotter
003234722275731177779_1662273249.dem,P03690,3,Budget Headshotter
003234722275731177779_1662273249.dem,P00884,2,Star Fragger
003234723291490943011_1683635364.dem,P02628,2,Star Fragger
003234723291490943011_1683635364.dem,P06905,0,Utility Support
003234723291490943011_1683635364.dem,P09129,1,Heavy-Weapon Anchor
003234723291490943011_1683635364.dem,P08456,2,Star Fragger
003234723291490943011_1683635364.dem,P08919,3,Budget Headshotter
003234723291490943011_1683635364.dem,P03972,3,Budget Headshotter
003234723291490943011_1683635364.dem,P01421,3,Budget Headshotter
003234723291490943011_1683635364.dem,P02437,2,Star Fragger
003234723291490943011_1683635364.dem,P00471,1,Heavy-Weapon Anchor
003234727938645557333_2035589131.dem,P04743,0,Utility Support
003234727938645557333_2035589131.dem,P10738,1,Heavy-Weapon Anchor
003234727938645557333_2035589131.dem,P06828,0,Utility Support
003234727938645557333_2035589131.dem,P10597,1,Heavy-Weapon Anchor
003234727938645557333_2035589131.dem,P02947,2,Star Fragger
003234727938645557333_2035589131.dem,P04311,2,Star Fragger
003234727938645557333_2035589131.dem,P06001,0,Utility Support
003234727938645557333_2035589131.dem,P09274,1,Heavy-Weapon Anchor
003234727938645557333_2035589131.dem,P08206,0,Utility Support
003234727938645557333_2035589131.dem,P04056,1,Heavy-Weapon Anchor
003234736470598090891_0605226733.dem,P04435,1,Heavy-Weapon Anchor
003234736470598090891_0605226733.dem,P05148,3,Budget Headshotter
003234736470598090891_0605226733.dem,P08663,3,Budget Headshotter
003234736470598090891_0605226733.dem,P00316,1,Heavy-Weapon Anchor
003234736470598090891_0605226733.dem,P03321,2,Star Fragger
003234736470598090891_0605226733.dem,P00065,1,Heavy-Weapon Anchor
003234736470598090891_0605226733.dem,P03676,1,Heavy-Weapon Anchor
003234736470598090891_0605226733.dem,P05402,2,Star Fragger
003234736470598090891_0605226733.dem,P01987,2,Star Fragger
003234736470598090891_0605226733.dem,P04109,1,Heavy-Weapon Anchor
003234736951634427924_0502918852.dem,P01957,0,Utility Support
003234736951634427924_0502918852.dem,P02738,0,Utility Support
003234736951634427924_0502918852.dem,P04512,0,Utility Support
003234736951634427924_0502918852.dem,P01676,3,Budget Headshotter
003234736951634427924_0502918852.dem,P03797,2,Star Fragger
003234736951634427924_0502918852.dem,P03296,1,Heavy-Weapon Anchor
003234736951634427924_0502918852.dem,P05711,2,Star Fragger
003234736951634427924_0502918852.dem,P04816,3,Budget Headshotter
003234736951634427924_0502918852.dem,P06638,1,Heavy-Weapon Anchor
003234736951634427924_0502918852.dem,P07231,1,Heavy-Weapon Anchor
003234739724035817502_0541093897.dem,P02762,1,Heavy-Weapon Anchor
003234739724035817502_0541093897.dem,P04993,3,Budget Headshotter
003234739724035817502_0541093897.dem,P08884,2,Star Fragger
003234739724035817502_0541093897.dem,P09040,3,Budget Headshotter
003234739724035817502_0541093897.dem,P10208,0,Utility Support
003234739724035817502_0541093897.dem,P05242,1,Heavy-Weapon Anchor
003234739724035817502_0541093897.dem,P06873,3,Budget Headshotter
003234739724035817502_0541093897.dem,P02505,2,Star Fragger
003234739724035817502_0541093897.dem,P03845,1,Heavy-Weapon Anchor
003234739724035817502_0541093897.dem,P01482,1,Heavy-Weapon Anchor
003234743488574652502_2038482462.dem,P01107,3,Budget Headshotter
003234743488574652502_2038482462.dem,P07988,1,Heavy-Weapon Anchor
003234743488574652502_2038482462.dem,P03056,2,Star Fragger
003234743488574652502_2038482462.dem,P00493,0,Utility Support
003234743488574652502_2038482462.dem,P00785,1,Heavy-Weapon Anchor
003234743488574652502_2038482462.dem,P00571,1,Heavy-Weapon Anchor
003234743488574652502_2038482462.dem,P09104,1,Heavy-Weapon Anchor
003234743488574652502_2038482462.dem,P09705,3,Budget Headshotter
003234743488574652502_2038482462.dem,P04452,1,Heavy-Weapon Anchor
003234743488574652502_2038482462.dem,P10857,2,Star Fragger
003234746991120482424_1137711763.dem,P04993,3,Budget Headshotter
003234746991120482424_1137711763.dem,P10208,0,Utility Support
003234746991120482424_1137711763.dem,P02640,2,Star Fragger
003234746991120482424_1137711763.dem,P00125,3,Budget Headshotter
003234746991120482424_1137711763.dem,P02887,0,Utility Support
003234746991120482424_1137711763.dem,P06043,0,Utility Support
003234746991120482424_1137711763.dem,P02505,2,Star Fragger
003234746991120482424_1137711763.dem,P03845,1,Heavy-Weapon Anchor
003234746991120482424_1137711763.dem,P01482,1,Heavy-Weapon Anchor
003234746991120482424_1137711763.dem,P06864,2,Star Fragger
003234752089246662702_0706682455.dem,P04993,2,Star Fragger
003234752089246662702_0706682455.dem,P09812,3,Budget Headshotter
003234752089246662702_0706682455.dem,P00109,2,Star Fragger
003234752089246662702_0706682455.dem,P10208,0,Utility Support
003234752089246662702_0706682455.dem,P03144,1,Heavy-Weapon Anchor
003234752089246662702_0706682455.dem,P03111,3,Budget Headshotter
003234752089246662702_0706682455.dem,P03845,3,Budget Headshotter
003234752089246662702_0706682455.dem,P00827,1,Heavy-Weapon Anchor
003234752089246662702_0706682455.dem,P01482,0,Utility Support
003234752089246662702_0706682455.dem,P10546,3,Budget Headshotter
003234753459341230231_1354255704.dem,P04896,2,Star Fragger
003234753459341230231_1354255704.dem,P09265,3,Budget Headshotter
003234753459341230231_1354255704.dem,P03056,2,Star Fragger
003234753459341230231_1354255704.dem,P03038,3,Budget Headshotter
003234753459341230231_1354255704.dem,P09651,0,Utility Support
003234753459341230231_1354255704.dem,P10892,1,Heavy-Weapon Anchor
003234753459341230231_1354255704.dem,P03688,3,Budget Headshotter
003234753459341230231_1354255704.dem,P02334,1,Heavy-Weapon Anchor
003234753459341230231_1354255704.dem,P04323,1,Heavy-Weapon Anchor
003234753459341230231_1354255704.dem,P04402,1,Heavy-Weapon Anchor
003234758151593000987_0541108908.dem,P08630,1,Heavy-Weapon Anchor
003234758151593000987_0541108908.dem,P09607,1,Heavy-Weapon Anchor
003234758151593000987_0541108908.dem,P03056,3,Budget Headshotter
003234758151593000987_0541108908.dem,P05901,0,Utility Support
003234758151593000987_0541108908.dem,P00378,1,Heavy-Weapon Anchor
003234758151593000987_0541108908.dem,P06270,1,Heavy-Weapon Anchor
003234758151593000987_0541108908.dem,P02334,1,Heavy-Weapon Anchor
003234758151593000987_0541108908.dem,P03530,1,Heavy-Weapon Anchor
003234758151593000987_0541108908.dem,P07965,1,Heavy-Weapon Anchor
003234758151593000987_0541108908.dem,P07581,2,Star Fragger
003234758617596952699_1173149823.dem,P04993,3,Budget Headshotter
003234758617596952699_1173149823.dem,P10006,0,Utility Support
003234758617596952699_1173149823.dem,P00109,1,Heavy-Weapon Anchor
003234758617596952699_1173149823.dem,P08338,1,Heavy-Weapon Anchor
003234758617596952699_1173149823.dem,P09451,1,Heavy-Weapon Anchor
003234758617596952699_1173149823.dem,P09351,3,Budget Headshotter
003234758617596952699_1173149823.dem,P05173,0,Utility Support
003234758617596952699_1173149823.dem,P04698,3,Budget Headshotter
003234758617596952699_1173149823.dem,P06211,0,Utility Support
003234758617596952699_1173149823.dem,P01482,0,Utility Support
003234762940481536034_1699448679.dem,P02851,3,Budget Headshotter
003234762940481536034_1699448679.dem,P04993,3,Budget Headshotter
003234762940481536034_1699448679.dem,P00109,1,Heavy-Weapon Anchor
003234762940481536034_1699448679.dem,P03429,1,Heavy-Weapon Anchor
003234762940481536034_1699448679.dem,P05646,1,Heavy-Weapon Anchor
003234762940481536034_1699448679.dem,P10580,1,Heavy-Weapon Anchor
003234762940481536034_1699448679.dem,P06211,0,Utility Support
003234762940481536034_1699448679.dem,P07023,2,Star Fragger
003234762940481536034_1699448679.dem,P01482,2,Star Fragger
003234762940481536034_1699448679.dem,P00084,3,Budget Headshotter
003234764308428619910_1429272692.dem,P03805,3,Budget Headshotter
003234764308428619910_1429272692.dem,P04575,1,Heavy-Weapon Anchor
003234764308428619910_1429272692.dem,P03056,3,Budget Headshotter
003234764308428619910_1429272692.dem,P00317,1,Heavy-Weapon Anchor
003234764308428619910_1429272692.dem,P02334,1,Heavy-Weapon Anchor
003234764308428619910_1429272692.dem,P02695,1,Heavy-Weapon Anchor
003234764308428619910_1429272692.dem,P03168,3,Budget Headshotter
003234764308428619910_1429272692.dem,P01564,2,Star Fragger
003234764308428619910_1429272692.dem,P00428,1,Heavy-Weapon Anchor
003234764308428619910_1429272692.dem,P03686,0,Utility Support
003234768438039674940_1527041050.dem,P04993,3,Budget Headshotter
003234768438039674940_1527041050.dem,P07818,1,Heavy-Weapon Anchor
003234768438039674940_1527041050.dem,P00109,1,Heavy-Weapon Anchor
003234768438039674940_1527041050.dem,P02021,1,Heavy-Weapon Anchor
003234768438039674940_1527041050.dem,P05049,0,Utility Support
003234768438039674940_1527041050.dem,P02135,2,Star Fragger
003234768438039674940_1527041050.dem,P10587,1,Heavy-Weapon Anchor
003234768438039674940_1527041050.dem,P07762,0,Utility Support
003234768438039674940_1527041050.dem,P07023,3,Budget Headshotter
003234768438039674940_1527041050.dem,P01482,1,Heavy-Weapon Anchor
003234770793829236745_1349007998.dem,P02783,1,Heavy-Weapon Anchor
003234770793829236745_1349007998.dem,P00845,2,Star Fragger
003234770793829236745_1349007998.dem,P03056,2,Star Fragger
003234770793829236745_1349007998.dem,P02334,1,Heavy-Weapon Anchor
003234770793829236745_1349007998.dem,P08120,1,Heavy-Weapon Anchor
003234770793829236745_1349007998.dem,P10260,2,Star Fragger
003234770793829236745_1349007998.dem,P02760,3,Budget Headshotter
003234770793829236745_1349007998.dem,P00865,1,Heavy-Weapon Anchor
003234770793829236745_1349007998.dem,P08460,3,Budget Headshotter
003234773849698467850_1169676421.dem,P04993,1,Heavy-Weapon Anchor
003234773849698467850_1169676421.dem,P01099,3,Budget Headshotter
003234773849698467850_1169676421.dem,P00109,1,Heavy-Weapon Anchor
003234773849698467850_1169676421.dem,P06714,3,Budget Headshotter
003234773849698467850_1169676421.dem,P00414,3,Budget Headshotter
003234773849698467850_1169676421.dem,P07695,2,Star Fragger
003234773849698467850_1169676421.dem,P10587,3,Budget Headshotter
003234773849698467850_1169676421.dem,P03845,1,Heavy-Weapon Anchor
003234773849698467850_1169676421.dem,P01482,2,Star Fragger
003234773849698467850_1169676421.dem,P10583,1,Heavy-Weapon Anchor
003234775481786040366_0903978283.dem,P02901,0,Utility Support
003234775481786040366_0903978283.dem,P04305,0,Utility Support
003234775481786040366_0903978283.dem,P00692,2,Star Fragger
003234775481786040366_0903978283.dem,P01939,3,Budget Headshotter
003234775481786040366_0903978283.dem,P02290,0,Utility Support
003234775481786040366_0903978283.dem,P02945,3,Budget Headshotter
003234775481786040366_0903978283.dem,P03873,3,Budget Headshotter
003234775481786040366_0903978283.dem,P03056,3,Budget Headshotter
003234775481786040366_0903978283.dem,P02334,1,Heavy-Weapon Anchor
003234775481786040366_0903978283.dem,P05176,3,Budget Headshotter
003234790688117751830_1703916925.dem,P04367,0,Utility Support
003234790688117751830_1703916925.dem,P02300,2,Star Fragger
003234790688117751830_1703916925.dem,P04735,0,Utility Support
003234790688117751830_1703916925.dem,P07404,3,Budget Headshotter
003234790688117751830_1703916925.dem,P03056,3,Budget Headshotter
003234790688117751830_1703916925.dem,P02618,0,Utility Support
003234790688117751830_1703916925.dem,P06681,3,Budget Headshotter
003234790688117751830_1703916925.dem,P07848,1,Heavy-Weapon Anchor
003234790688117751830_1703916925.dem,P07158,3,Budget Headshotter
003234790688117751830_1703916925.dem,P08508,0,Utility Support
003234818929675206783_0238582186.dem,P05701,2,Star Fragger
003234818929675206783_0238582186.dem,P00672,1,Heavy-Weapon Anchor
003234818929675206783_0238582186.dem,P00929,2,Star Fragger
003234818929675206783_0238582186.dem,P10119,0,Utility Support
003234818929675206783_0238582186.dem,P01941,3,Budget Headshotter
003234818929675206783_0238582186.dem,P07527,3,Budget Headshotter
003234818929675206783_0238582186.dem,P09567,1,Heavy-Weapon Anchor
003234818929675206783_0238582186.dem,P00403,3,Budget Headshotter
003234818929675206783_0238582186.dem,P06920,2,Star Fragger
003234818929675206783_0238582186.dem,P06210,1,Heavy-Weapon Anchor
003234824197452595320_1249013776.dem,P02605,0,Utility Support
003234824197452595320_1249013776.dem,P05120,0,Utility Support
003234824197452595320_1249013776.dem,P07143,3,Budget Headshotter
003234824197452595320_1249013776.dem,P10148,1,Heavy-Weapon Anchor
003234824197452595320_1249013776.dem,P00071,2,Star Fragger
003234824197452595320_1249013776.dem,P10119,3,Budget Headshotter
003234824197452595320_1249013776.dem,P08705,3,Budget Headshotter
003234824197452595320_1249013776.dem,P07558,3,Budget Headshotter
003234824197452595320_1249013776.dem,P10237,1,Heavy-Weapon Anchor
003234824197452595320_1249013776.dem,P00956,2,Star Fragger
003234837561243336822_1087792598.dem,P00733,3,Budget Headshotter
003234837561243336822_1087792598.dem,P10513,2,Star Fragger
003234837561243336822_1087792598.dem,P09776,3,Budget Headshotter
003234837561243336822_1087792598.dem,P02183,3,Budget Headshotter
003234837561243336822_1087792598.dem,P10217,0,Utility Support
003234837561243336822_1087792598.dem,P10033,0,Utility Support
003234837561243336822_1087792598.dem,P05717,0,Utility Support
003234837561243336822_1087792598.dem,P08624,2,Star Fragger
003234837561243336822_1087792598.dem,P08782,3,Budget Headshotter
003234837561243336822_1087792598.dem,P10828,2,Star Fragger
003234857000265318613_0935537365.dem,P03190,2,Star Fragger
003234857000265318613_0935537365.dem,P10528,3,Budget Headshotter
003234857000265318613_0935537365.dem,P02172,3,Budget Headshotter
003234857000265318613_0935537365.dem,P06307,3,Budget Headshotter
003234857000265318613_0935537365.dem,P06030,0,Utility Support
003234857000265318613_0935537365.dem,P09459,0,Utility Support
003234857000265318613_0935537365.dem,P09217,2,Star Fragger
003234857000265318613_0935537365.dem,P05925,1,Heavy-Weapon Anchor
003234857000265318613_0935537365.dem,P07295,2,Star Fragger
003234857000265318613_0935537365.dem,P10193,0,Utility Support
003234863427683876981_0852968521.dem,P03190,0,Utility Support
003234863427683876981_0852968521.dem,P02409,1,Heavy-Weapon Anchor
003234863427683876981_0852968521.dem,P09234,1,Heavy-Weapon Anchor
003234863427683876981_0852968521.dem,P02084,1,Heavy-Weapon Anchor
003234863427683876981_0852968521.dem,P08322,1,Heavy-Weapon Anchor
003234863427683876981_0852968521.dem,P06030,2,Star Fragger
003234863427683876981_0852968521.dem,P05863,0,Utility Support
003234863427683876981_0852968521.dem,P01515,3,Budget Headshotter
003234863427683876981_0852968521.dem,P02921,1,Heavy-Weapon Anchor
003234863427683876981_0852968521.dem,P10193,0,Utility Support
003234866782053335172_0014528557.dem,P09107,0,Utility Support
003234866782053335172_0014528557.dem,P06694,3,Budget Headshotter
003234866782053335172_0014528557.dem,P07875,3,Budget Headshotter
003234866782053335172_0014528557.dem,P02267,3,Budget Headshotter
003234866782053335172_0014528557.dem,P03314,1,Heavy-Weapon Anchor
003234866782053335172_0014528557.dem,P06519,2,Star Fragger
003234866782053335172_0014528557.dem,P09666,1,Heavy-Weapon Anchor
003234866782053335172_0014528557.dem,P09148,2,Star Fragger
003234866782053335172_0014528557.dem,P09604,3,Budget Headshotter
003234866782053335172_0014528557.dem,P07432,2,Star Fragger
003234868107050745899_0768437839.dem,P01680,3,Budget Headshotter
003234868107050745899_0768437839.dem,P08454,0,Utility Support
003234868107050745899_0768437839.dem,P09574,0,Utility Support
003234868107050745899_0768437839.dem,P09415,0,Utility Support
003234868107050745899_0768437839.dem,P01130,1,Heavy-Weapon Anchor
003234868107050745899_0768437839.dem,P05500,2,Star Fragger
003234868107050745899_0768437839.dem,P00323,0,Utility Support
003234868107050745899_0768437839.dem,P04212,3,Budget Headshotter
003234868107050745899_0768437839.dem,P02555,0,Utility Support
003234868107050745899_0768437839.dem,P07260,3,Budget Headshotter
003234870991121285212_2037211441.dem,P03062,3,Budget Headshotter
003234870991121285212_2037211441.dem,P10408,2,Star Fragger
003234870991121285212_2037211441.dem,P04623,2,Star Fragger
003234870991121285212_2037211441.dem,P01200,0,Utility Support
003234870991121285212_2037211441.dem,P00355,1,Heavy-Weapon Anchor
003234870991121285212_2037211441.dem,P09776,0,Utility Support
003234870991121285212_2037211441.dem,P07901,0,Utility Support
003234870991121285212_2037211441.dem,P01875,0,Utility Support
003234870991121285212_2037211441.dem,P09414,1,Heavy-Weapon Anchor
003234870991121285212_2037211441.dem,P09779,0,Utility Support
003234875455739789363_0654017797.dem,P03190,2,Star Fragger
003234875455739789363_0654017797.dem,P00011,1,Heavy-Weapon Anchor
003234875455739789363_0654017797.dem,P00476,2,Star Fragger
003234875455739789363_0654017797.dem,P04287,1,Heavy-Weapon Anchor
003234875455739789363_0654017797.dem,P02786,1,Heavy-Weapon Anchor
003234875455739789363_0654017797.dem,P06030,3,Budget Headshotter
003234875455739789363_0654017797.dem,P07429,1,Heavy-Weapon Anchor
003234875455739789363_0654017797.dem,P08061,0,Utility Support
003234875455739789363_0654017797.dem,P04538,3,Budget Headshotter
003234875455739789363_0654017797.dem,P10193,0,Utility Support
003234880766466850950_1093469225.dem,P08334,2,Star Fragger
003234880766466850950_1093469225.dem,P01392,3,Budget Headshotter
003234880766466850950_1093469225.dem,P00267,1,Heavy-Weapon Anchor
003234880766466850950_1093469225.dem,P06380,0,Utility Support
003234880766466850950_1093469225.dem,P02010,0,Utility Support
003234880766466850950_1093469225.dem,P10202,0,Utility Support
003234880766466850950_1093469225.dem,P10254,0,Utility Support
003234880766466850950_1093469225.dem,P05345,3,Budget Headshotter
003234880766466850950_1093469225.dem,P09340,3,Budget Headshotter
003234880766466850950_1093469225.dem,P07461,2,Star Fragger
003234882222460764196_0184648359.dem,P08039,2,Star Fragger
003234882222460764196_0184648359.dem,P09509,1,Heavy-Weapon Anchor
003234882222460764196_0184648359.dem,P09833,1,Heavy-Weapon Anchor
003234882222460764196_0184648359.dem,P02534,1,Heavy-Weapon Anchor
003234882222460764196_0184648359.dem,P10402,1,Heavy-Weapon Anchor
003234882222460764196_0184648359.dem,P00821,1,Heavy-Weapon Anchor
003234882222460764196_0184648359.dem,P00269,3,Budget Headshotter
003234882222460764196_0184648359.dem,P07444,0,Utility Support
003234882222460764196_0184648359.dem,P03093,1,Heavy-Weapon Anchor
003234882222460764196_0184648359.dem,P02163,1,Heavy-Weapon Anchor
003234882982669975686_0500848462.dem,P06806,0,Utility Support
003234882982669975686_0500848462.dem,P03190,3,Budget Headshotter
003234882982669975686_0500848462.dem,P07734,2,Star Fragger
003234882982669975686_0500848462.dem,P07237,0,Utility Support
003234882982669975686_0500848462.dem,P03127,0,Utility Support
003234882982669975686_0500848462.dem,P10135,3,Budget Headshotter
003234882982669975686_0500848462.dem,P04287,3,Budget Headshotter
003234882982669975686_0500848462.dem,P06030,2,Star Fragger
003234882982669975686_0500848462.dem,P10955,0,Utility Support
003234882982669975686_0500848462.dem,P10193,1,Heavy-Weapon Anchor
003234889921189642370_1830104244.dem,P07671,2,Star Fragger
003234889921189642370_1830104244.dem,P03190,2,Star Fragger
003234889921189642370_1830104244.dem,P04287,3,Budget Headshotter
003234889921189642370_1830104244.dem,P00012,0,Utility Support
003234889921189642370_1830104244.dem,P06030,1,Heavy-Weapon Anchor
003234889921189642370_1830104244.dem,P01058,1,Heavy-Weapon Anchor
003234889921189642370_1830104244.dem,P01505,2,Star Fragger
003234889921189642370_1830104244.dem,P05916,3,Budget Headshotter
003234889921189642370_1830104244.dem,P10193,3,Budget Headshotter
003234902483968983213_2095638882.dem,P03748,0,Utility Support
003234902483968983213_2095638882.dem,P05824,1,Heavy-Weapon Anchor
003234902483968983213_2095638882.dem,P07689,2,Star Fragger
003234902483968983213_2095638882.dem,P06214,0,Utility Support
003234902483968983213_2095638882.dem,P06634,0,Utility Support
003234902483968983213_2095638882.dem,P05560,1,Heavy-Weapon Anchor
003234902483968983213_2095638882.dem,P02558,1,Heavy-Weapon Anchor
003234902483968983213_2095638882.dem,P01665,1,Heavy-Weapon Anchor
003234902483968983213_2095638882.dem,P10016,0,Utility Support
003234902483968983213_2095638882.dem,P07651,0,Utility Support
003234903461074043055_1004262438.dem,P08087,1,Heavy-Weapon Anchor
003234903461074043055_1004262438.dem,P06242,3,Budget Headshotter
003234903461074043055_1004262438.dem,P01669,2,Star Fragger
003234903461074043055_1004262438.dem,P09684,0,Utility Support
003234903461074043055_1004262438.dem,P00096,1,Heavy-Weapon Anchor
003234903461074043055_1004262438.dem,P06708,1,Heavy-Weapon Anchor
003234903461074043055_1004262438.dem,P03508,2,Star Fragger
003234903461074043055_1004262438.dem,P08922,1,Heavy-Weapon Anchor
003234903461074043055_1004262438.dem,P04953,3,Budget Headshotter
003234903461074043055_1004262438.dem,P07013,1,Heavy-Weapon Anchor
003234908395991466246_1603412671.dem,P05428,1,Heavy-Weapon Anchor
003234908395991466246_1603412671.dem,P08097,1,Heavy-Weapon Anchor
003234908395991466246_1603412671.dem,P10318,0,Utility Support
003234908395991466246_1603412671.dem,P09295,0,Utility Support
003234908395991466246_1603412671.dem,P04282,0,Utility Support
003234908395991466246_1603412671.dem,P07885,1,Heavy-Weapon Anchor
003234908395991466246_1603412671.dem,P07740,0,Utility Support
003234908395991466246_1603412671.dem,P07937,0,Utility Support
003234908395991466246_1603412671.dem,P04095,1,Heavy-Weapon Anchor
003234908395991466246_1603412671.dem,P10451,0,Utility Support
003234911125443182705_1049680052.dem,P09133,0,Utility Support
003234911125443182705_1049680052.dem,P03190,0,Utility Support
003234911125443182705_1049680052.dem,P00106,1,Heavy-Weapon Anchor
003234911125443182705_1049680052.dem,P08100,1,Heavy-Weapon Anchor
003234911125443182705_1049680052.dem,P04751,1,Heavy-Weapon Anchor
003234911125443182705_1049680052.dem,P04287,3,Budget Headshotter
003234911125443182705_1049680052.dem,P01722,0,Utility Support
003234911125443182705_1049680052.dem,P02961,3,Budget Headshotter
003234911125443182705_1049680052.dem,P06030,0,Utility Support
003234911125443182705_1049680052.dem,P01514,2,Star Fragger
003234915897151848696_0301927318.dem,P03190,0,Utility Support
003234915897151848696_0301927318.dem,P08100,3,Budget Headshotter
003234915897151848696_0301927318.dem,P08706,2,Star Fragger
003234915897151848696_0301927318.dem,P08562,0,Utility Support
003234915897151848696_0301927318.dem,P05156,0,Utility Support
003234915897151848696_0301927318.dem,P03275,0,Utility Support
003234915897151848696_0301927318.dem,P07867,2,Star Fragger
003234915897151848696_0301927318.dem,P04287,3,Budget Headshotter
003234915897151848696_0301927318.dem,P06030,3,Budget Headshotter
003234915897151848696_0301927318.dem,P01514,3,Budget Headshotter
003234920913673650349_1877144060.dem,P07567,2,Star Fragger
003234920913673650349_1877144060.dem,P03190,3,Budget Headshotter
003234920913673650349_1877144060.dem,P08100,1,Heavy-Weapon Anchor
003234920913673650349_1877144060.dem,P01273,1,Heavy-Weapon Anchor
003234920913673650349_1877144060.dem,P02687,2,Star Fragger
003234920913673650349_1877144060.dem,P01720,1,Heavy-Weapon Anchor
003234920913673650349_1877144060.dem,P04287,3,Budget Headshotter
003234920913673650349_1877144060.dem,P06030,0,Utility Support
003234920913673650349_1877144060.dem,P01514,3,Budget Headshotter
003234920913673650349_1877144060.dem,P08735,2,Star Fragger
003234922481336713392_1753766049.dem,P05326,0,Utility Support
003234922481336713392_1753766049.dem,P05540,0,Utility Support
003234922481336713392_1753766049.dem,P10578,3,Budget Headshotter
003234922481336713392_1753766049.dem,P05061,3,Budget Headshotter
003234922481336713392_1753766049.dem,P01961,3,Budget Headshotter
003234922481336713392_1753766049.dem,P03201,2,Star Fragger
003234922481336713392_1753766049.dem,P08972,0,Utility Support
003234922481336713392_1753766049.dem,P05850,2,Star Fragger
003234922481336713392_1753766049.dem,P01243,0,Utility Support
003234922481336713392_1753766049.dem,P00356,3,Budget Headshotter
003234927620265082981_0166546389.dem,P08990,0,Utility Support
003234927620265082981_0166546389.dem,P09583,0,Utility Support
003234927620265082981_0166546389.dem,P03719,2,Star Fragger
003234927620265082981_0166546389.dem,P07282,3,Budget Headshotter
003234927620265082981_0166546389.dem,P06841,3,Budget Headshotter
003234927620265082981_0166546389.dem,P03453,2,Star Fragger
003234927620265082981_0166546389.dem,P04057,1,Heavy-Weapon Anchor
003234927620265082981_0166546389.dem,P10268,3,Budget Headshotter
003234927620265082981_0166546389.dem,P04573,1,Heavy-Weapon Anchor
003234927620265082981_0166546389.dem,P03401,1,Heavy-Weapon Anchor
003234941832311865412_1638405834.dem,P10621,0,Utility Support
003234941832311865412_1638405834.dem,P05394,0,Utility Support
003234941832311865412_1638405834.dem,P07502,2,Star Fragger
003234941832311865412_1638405834.dem,P00701,0,Utility Support
003234941832311865412_1638405834.dem,P05130,2,Star Fragger
003234941832311865412_1638405834.dem,P04286,1,Heavy-Weapon Anchor
003234941832311865412_1638405834.dem,P10626,1,Heavy-Weapon Anchor
003234941832311865412_1638405834.dem,P10737,3,Budget Headshotter
003234941832311865412_1638405834.dem,P08701,3,Budget Headshotter
003234941832311865412_1638405834.dem,P06156,1,Heavy-Weapon Anchor
003234942629028298887_1369269466.dem,P10647,0,Utility Support
003234942629028298887_1369269466.dem,P09382,1,Heavy-Weapon Anchor
003234942629028298887_1369269466.dem,P02299,1,Heavy-Weapon Anchor
003234942629028298887_1369269466.dem,P06367,0,Utility Support
003234942629028298887_1369269466.dem,P08589,2,Star Fragger
003234942629028298887_1369269466.dem,P05061,3,Budget Headshotter
003234942629028298887_1369269466.dem,P09092,1,Heavy-Weapon Anchor
003234942629028298887_1369269466.dem,P10888,0,Utility Support
003234942629028298887_1369269466.dem,P09270,2,Star Fragger
003234950761548873835_1918945179.dem,P06090,1,Heavy-Weapon Anchor
003234950761548873835_1918945179.dem,P02442,3,Budget Headshotter
003234950761548873835_1918945179.dem,P08861,3,Budget Headshotter
003234950761548873835_1918945179.dem,P01609,2,Star Fragger
003234950761548873835_1918945179.dem,P01716,2,Star Fragger
003234950761548873835_1918945179.dem,P07062,1,Heavy-Weapon Anchor
003234950761548873835_1918945179.dem,P08103,1,Heavy-Weapon Anchor
003234950761548873835_1918945179.dem,P00350,1,Heavy-Weapon Anchor
003234950761548873835_1918945179.dem,P04571,1,Heavy-Weapon Anchor
003234950761548873835_1918945179.dem,P06058,3,Budget Headshotter
003234953851777843266_1142696788.dem,P06177,0,Utility Support
003234953851777843266_1142696788.dem,P09722,0,Utility Support
003234953851777843266_1142696788.dem,P10127,3,Budget Headshotter
003234953851777843266_1142696788.dem,P10548,1,Heavy-Weapon Anchor
003234953851777843266_1142696788.dem,P04324,0,Utility Support
003234953851777843266_1142696788.dem,P07911,0,Utility Support
003234953851777843266_1142696788.dem,P03056,2,Star Fragger
003234953851777843266_1142696788.dem,P01415,3,Budget Headshotter
003234953851777843266_1142696788.dem,P07270,0,Utility Support
003234953851777843266_1142696788.dem,P04705,0,Utility Support
003234968010137534502_0716741491.dem,P08365,0,Utility Support
003234968010137534502_0716741491.dem,P03710,2,Star Fragger
003234968010137534502_0716741491.dem,P00233,0,Utility Support
003234968010137534502_0716741491.dem,P03985,0,Utility Support
003234968010137534502_0716741491.dem,P07505,0,Utility Support
003234968010137534502_0716741491.dem,P05607,1,Heavy-Weapon Anchor
003234968010137534502_0716741491.dem,P07102,0,Utility Support
003234968010137534502_0716741491.dem,P01371,0,Utility Support
003234968010137534502_0716741491.dem,P03539,3,Budget Headshotter
003234968010137534502_0716741491.dem,P04664,3,Budget Headshotter
003235009213906288748_1492869155.dem,P03100,1,Heavy-Weapon Anchor
003235009213906288748_1492869155.dem,P02718,3,Budget Headshotter
003235009213906288748_1492869155.dem,P10906,2,Star Fragger
003235009213906288748_1492869155.dem,P08903,1,Heavy-Weapon Anchor
003235009213906288748_1492869155.dem,P08200,0,Utility Support
003235009213906288748_1492869155.dem,P03756,1,Heavy-Weapon Anchor
003235009213906288748_1492869155.dem,P09030,2,Star Fragger
003235009213906288748_1492869155.dem,P03140,0,Utility Support
003235009213906288748_1492869155.dem,P02148,3,Budget Headshotter
003235009213906288748_1492869155.dem,P01862,3,Budget Headshotter
003235015027144523810_0214079258.dem,P09136,3,Budget Headshotter
003235015027144523810_0214079258.dem,P06528,1,Heavy-Weapon Anchor
003235015027144523810_0214079258.dem,P09029,2,Star Fragger
003235015027144523810_0214079258.dem,P04246,0,Utility Support
003235015027144523810_0214079258.dem,P05561,3,Budget Headshotter
003235015027144523810_0214079258.dem,P06750,3,Budget Headshotter
003235015027144523810_0214079258.dem,P01450,2,Star Fragger
003235015027144523810_0214079258.dem,P08088,3,Budget Headshotter
003235015027144523810_0214079258.dem,P09914,2,Star Fragger
003235015027144523810_0214079258.dem,P00203,3,Budget Headshotter
003235033405309583517_0640241076.dem,P08039,1,Heavy-Weapon Anchor
003235033405309583517_0640241076.dem,P06978,2,Star Fragger
003235033405309583517_0640241076.dem,P08773,1,Heavy-Weapon Anchor
003235033405309583517_0640241076.dem,P05144,0,Utility Support
003235033405309583517_0640241076.dem,P10428,2,Star Fragger
003235033405309583517_0640241076.dem,P01393,3,Budget Headshotter
003235033405309583517_0640241076.dem,P05592,3,Budget Headshotter
003235033405309583517_0640241076.dem,P06162,1,Heavy-Weapon Anchor
003235033405309583517_0640241076.dem,P03406,3,Budget Headshotter
003235033405309583517_0640241076.dem,P07710,2,Star Fragger
003235037936500080723_1868494249.dem,P03421,0,Utility Support
003235037936500080723_1868494249.dem,P03198,1,Heavy-Weapon Anchor
003235037936500080723_1868494249.dem,P02475,1,Heavy-Weapon Anchor
003235037936500080723_1868494249.dem,P07543,2,Star Fragger
003235037936500080723_1868494249.dem,P09457,3,Budget Headshotter
003235037936500080723_1868494249.dem,P00393,2,Star Fragger
003235037936500080723_1868494249.dem,P10388,1,Heavy-Weapon Anchor
003235037936500080723_1868494249.dem,P06759,3,Budget Headshotter
003235037936500080723_1868494249.dem,P01742,0,Utility Support
003235037936500080723_1868494249.dem,P01863,3,Budget Headshotter
003235038058906648813_1839626835.dem,P03766,1,Heavy-Weapon Anchor
003235038058906648813_1839626835.dem,P03048,1,Heavy-Weapon Anchor
003235038058906648813_1839626835.dem,P05080,2,Star Fragger
003235038058906648813_1839626835.dem,P07041,3,Budget Headshotter
003235038058906648813_1839626835.dem,P06021,1,Heavy-Weapon Anchor
003235038058906648813_1839626835.dem,P10119,2,Star Fragger
003235038058906648813_1839626835.dem,P05956,0,Utility Support
003235038058906648813_1839626835.dem,P03800,1,Heavy-Weapon Anchor
003235038058906648813_1839626835.dem,P08483,2,Star Fragger
003235042038193848574_1296145074.dem,P08039,2,Star Fragger
003235042038193848574_1296145074.dem,P03403,3,Budget Headshotter
003235042038193848574_1296145074.dem,P00426,1,Heavy-Weapon Anchor
003235042038193848574_1296145074.dem,P00910,2,Star Fragger
003235042038193848574_1296145074.dem,P06165,0,Utility Support
003235042038193848574_1296145074.dem,P05144,0,Utility Support
003235042038193848574_1296145074.dem,P10428,1,Heavy-Weapon Anchor
003235042038193848574_1296145074.dem,P10113,3,Budget Headshotter
003235042038193848574_1296145074.dem,P02234,0,Utility Support
003235042038193848574_1296145074.dem,P02358,3,Budget Headshotter
